"id","title","category","brand","price","description","weight_kg","processor","ram_gb","storage_gb"
"1","MacBook Pro","laptop","Apple","145061.63","Type: Ultrabook. Screen: IPS Panel Retina Display 2560x1600; Display Size: 13.3 inches; GPU: Intel Iris Plus Graphics 640; Operating System: macOS","1.37","Intel Core i5 2.3GHz","8","128.0"
"2","Macbook Air","laptop","Apple","97337.22","Type: Ultrabook. Screen: 1440x900; Display Size: 13.3 inches; GPU: Intel HD Graphics 6000; Operating System: macOS","1.34","Intel Core i5 1.8GHz","8","128.0"
"3","250 G6","laptop","HP","62261.0","Type: Notebook. Screen: Full HD 1920x1080; Display Size: 15.6 inches; GPU: Intel HD Graphics 620; Operating System: No OS","1.86","Intel Core i5 7200U 2.5GHz","8","256.0"
"4","MacBook Pro","laptop","Apple","274755.09","Type: Ultrabook. Screen: IPS Panel Retina Display 2880x1800; Display Size: 15.4 inches; GPU: AMD Radeon Pro 455; Operating System: macOS","1.83","Intel Core i7 2.7GHz","16","512.0"
"5","MacBook Pro","laptop","Apple","195293.81","Type: Ultrabook. Screen: IPS Panel Retina Display 2560x1600; Display Size: 13.3 inches; GPU: Intel Iris Plus Graphics 650; Operating System: macOS","1.37","Intel Core i5 3.1GHz","8","256.0"
"6","Aspire 3","laptop","Acer","43312.0","Type: Notebook. Screen: 1366x768; Display Size: 15.6 inches; GPU: AMD Radeon R5; Operating System: Windows 10","2.1","AMD A9-Series 9420 3GHz","4","500.0"
"7","MacBook Pro","laptop","Apple","231715.95","Type: Ultrabook. Screen: IPS Panel Retina Display 2880x1800; Display Size: 15.4 inches; GPU: Intel Iris Pro Graphics; Operating System: Mac OS X","2.04","Intel Core i7 2.2GHz","16","256.0"
"8","Macbook Air","laptop","Apple","125464.04","Type: Ultrabook. Screen: 1440x900; Display Size: 13.3 inches; GPU: Intel HD Graphics 6000; Operating System: macOS","1.34","Intel Core i5 1.8GHz","8","256.0"
"9","ZenBook UX430UN","laptop","Asus","161878.6","Type: Ultrabook. Screen: Full HD 1920x1080; Display Size: 14.0 inches; GPU: Nvidia GeForce MX150; Operating System: Windows 10","1.3","Intel Core i7 8550U 1.8GHz","16","512.0"
"10","Swift 3","laptop","Acer","83375.6","Type: Ultrabook. Screen: IPS Panel Full HD 1920x1080; Display Size: 14.0 inches; GPU: Intel UHD Graphics 620; Operating System: Windows 10","1.6","Intel Core i5 8250U 1.6GHz","8","256.0"
"11","250 G6","laptop","HP","42651.49","Type: Notebook. Screen: 1366x768; Display Size: 15.6 inches; GPU: Intel HD Graphics 620; Operating System: No OS","1.86","Intel Core i5 7200U 2.5GHz","4","500.0"
"12","250 G6","laptop","HP","37355.52","Type: Notebook. Screen: Full HD 1920x1080; Display Size: 15.6 inches; GPU: Intel HD Graphics 520; Operating System: No OS","1.86","Intel Core i3 6006U 2GHz","4","500.0"
"13","MacBook Pro","laptop","Apple","264199.95","Type: Ultrabook. Screen: IPS Panel Retina Display 2880x1800; Display Size: 15.4 inches; GPU: AMD Radeon Pro 555; Operating System: macOS","1.83","Intel Core i7 2.8GHz","16","256.0"
"14","Inspiron 3567","laptop","Dell","54020.89","Type: Notebook. Screen: Full HD 1920x1080; Display Size: 15.6 inches; GPU: AMD Radeon R5 M430; Operating System: Windows 10","2.2","Intel Core i3 6006U 2GHz","4","256.0"
"15","MacBook 12""","laptop","Apple","136692.67","Type: Ultrabook. Screen: IPS Panel Retina Display 2304x1440; Display Size: 12.0 inches; GPU: Intel HD Graphics 615; Operating System: macOS","0.92","Intel Core M m3 1.2GHz","8","256.0"
"16","MacBook Pro","laptop","Apple","164428.59","Type: Ultrabook. Screen: IPS Panel Retina Display 2560x1600; Display Size: 13.3 inches; GPU: Intel Iris Plus Graphics 640; Operating System: macOS","1.37","Intel Core i5 2.3GHz","8","256.0"
"17","Inspiron 3567","laptop","Dell","80668.6","Type: Notebook. Screen: Full HD 1920x1080; Display Size: 15.6 inches; GPU: AMD Radeon R5 M430; Operating System: Windows 10","2.2","Intel Core i7 7500U 2.7GHz","8","256.0"
"18","MacBook Pro","laptop","Apple","309464.24","Type: Ultrabook. Screen: IPS Panel Retina Display 2880x1800; Display Size: 15.4 inches; GPU: AMD Radeon Pro 560; Operating System: macOS","1.83","Intel Core i7 2.9GHz","16","512.0"
"19","IdeaPad 320-15IKB","laptop","Lenovo","54031.72","Type: Notebook. Screen: Full HD 1920x1080; Display Size: 15.6 inches; GPU: Nvidia GeForce 940MX; Operating System: No OS","2.2","Intel Core i3 7100U 2.4GHz","8","1000.0"
"20","XPS 13","laptop","Dell","106006.12","Type: Ultrabook. Screen: IPS Panel Full HD / Touchscreen 1920x1080; Display Size: 13.3 inches; GPU: Intel UHD Graphics 620; Operating System: Windows 10","1.22","Intel Core i5 8250U 1.6GHz","8","128.0"
"21","Vivobook E200HA","laptop","Asus","20778.93","Type: Netbook. Screen: 1366x768; Display Size: 11.6 inches; GPU: Intel HD Graphics 400; Operating System: Windows 10","0.98","Intel Atom x5-Z8350 1.44GHz","2","32.0"
"22","Legion Y520-15IKBN","laptop","Lenovo","108171.72","Type: Gaming. Screen: IPS Panel Full HD 1920x1080; Display Size: 15.6 inches; GPU: Nvidia GeForce GTX 1050; Operating System: Windows 10","2.5","Intel Core i5 7300HQ 2.5GHz","8","1128.0"
"23","255 G6","laptop","HP","27936.24","Type: Notebook. Screen: 1366x768; Display Size: 15.6 inches; GPU: AMD Radeon R2; Operating System: No OS","1.86","AMD E-Series E2-9000e 1.5GHz","4","500.0"
"24","Inspiron 5379","laptop","Dell","88681.32","Type: 2 in 1 Convertible. Screen: Full HD / Touchscreen 1920x1080; Display Size: 13.3 inches; GPU: Intel UHD Graphics 620; Operating System: Windows 10","1.62","Intel Core i5 8250U 1.6GHz","8","256.0"
"25","15-BS101nv (i7-8550U/8GB/256GB/FHD/W10)","laptop","HP","71356.52","Type: Ultrabook. Screen: Full HD 1920x1080; Display Size: 15.6 inches; GPU: Intel HD Graphics 620; Operating System: Windows 10","1.91","Intel Core i7 8550U 1.8GHz","8","256.0"
"26","Inspiron 3567","laptop","Dell","45330.34","Type: Notebook. Screen: 1366x768; Display Size: 15.6 inches; GPU: Intel HD Graphics 520; Operating System: Windows 10","2.3","Intel Core i3 6006U 2GHz","4","1000.0"
"27","MacBook Air","laptop","Apple","118999.72","Type: Ultrabook. Screen: 1440x900; Display Size: 13.3 inches; GPU: Intel HD Graphics 6000; Operating System: Mac OS X","1.35","Intel Core i5 1.6GHz","8","128.0"
"28","Inspiron 5570","laptop","Dell","86624.0","Type: Notebook. Screen: Full HD 1920x1080; Display Size: 15.6 inches; GPU: AMD Radeon 530; Operating System: Windows 10","2.2","Intel Core i5 8250U 1.6GHz","8","256.0"
"29","Latitude 5590","laptop","Dell","140547.44","Type: Ultrabook. Screen: Full HD 1920x1080; Display Size: 15.6 inches; GPU: Intel UHD Graphics 620; Operating System: Windows 10","1.88","Intel Core i7 8650U 1.9GHz","8","512.0"
"30","ProBook 470","laptop","HP","97018.88","Type: Notebook. Screen: Full HD 1920x1080; Display Size: 17.3 inches; GPU: Nvidia GeForce 930MX; Operating System: Windows 10","2.5","Intel Core i5 8250U 1.6GHz","8","1000.0"
"31","LapBook 15.6""","laptop","Chuwi","26527.52","Type: Notebook. Screen: Full HD 1920x1080; Display Size: 15.6 inches; GPU: Intel HD Graphics; Operating System: Windows 10","1.89","Intel Atom x5-Z8300 1.44GHz","4","64.0"
"32","E402WA-GA010T (E2-6110/2GB/32GB/W10)","laptop","Asus","21547.72","Type: Notebook. Screen: 1366x768; Display Size: 14.0 inches; GPU: AMD Radeon R2; Operating System: Windows 10","1.65","AMD E-Series E2-6110 1.5GHz","2","32.0"
"33","17-ak001nv (A6-9220/4GB/500GB/Radeon","laptop","HP","47534.92","Type: Notebook. Screen: Full HD 1920x1080; Display Size: 17.3 inches; GPU: AMD Radeon 530; Operating System: Windows 10","2.71","AMD A6-Series 9220 2.5GHz","4","500.0"
"34","XPS 13","laptop","Dell","202375.32","Type: Ultrabook. Screen: Touchscreen / Quad HD+ 3200x1800; Display Size: 13.3 inches; GPU: Intel UHD Graphics 620; Operating System: Windows 10","1.2","Intel Core i7 8550U 1.8GHz","16","512.0"
"35","MacBook Air","laptop","Apple","108063.44","Type: Ultrabook. Screen: 1440x900; Display Size: 13.3 inches; GPU: Intel HD Graphics 6000; Operating System: Mac OS X","1.35","Intel Core i5 1.6GHz","8","256.0"
"36","IdeaPad 120S-14IAP","laptop","Lenovo","26961.72","Type: Notebook. Screen: 1366x768; Display Size: 14.0 inches; GPU: Intel HD Graphics 500; Operating System: Windows 10","1.44","Intel Celeron Dual Core N3350 1.1GHz","4","64.0"
"37","Aspire 3","laptop","Acer","39738.76","Type: Notebook. Screen: 1366x768; Display Size: 15.6 inches; GPU: Intel HD Graphics 620; Operating System: Linux","2.1","Intel Core i3 7130U 2.7GHz","4","1000.0"
"38","Inspiron 5770","laptop","Dell","106006.12","Type: Notebook. Screen: IPS Panel Full HD 1920x1080; Display Size: 17.3 inches; GPU: AMD Radeon 530; Operating System: Windows 10","2.8","Intel Core i5 8250U 1.6GHz","8","1128.0"
"39","250 G6","laptop","HP","52915.35","Type: Notebook. Screen: 1366x768; Display Size: 15.6 inches; GPU: Intel HD Graphics 620; Operating System: Windows 10","1.86","Intel Core i5 7200U 2.5GHz","4","1000.0"
"40","ProBook 450","laptop","HP","95178.12","Type: Notebook. Screen: Full HD 1920x1080; Display Size: 15.6 inches; GPU: Nvidia GeForce 930MX ; Operating System: Windows 10","2.1","Intel Core i5 8250U 1.6GHz","8","256.0"
"41","X540UA-DM186 (i3-6006U/4GB/1TB/FHD/Linux)","laptop","Asus","42120.92","Type: Notebook. Screen: Full HD 1920x1080; Display Size: 15.6 inches; GPU: Intel HD Graphics 620; Operating System: Linux","2.0","Intel Core i3 6006U 2GHz","4","1000.0"
"42","Inspiron 7577","laptop","Dell","162311.72","Type: Gaming. Screen: IPS Panel Full HD 1920x1080; Display Size: 15.6 inches; GPU: Nvidia GeForce GTX 1060; Operating System: Windows 10","2.65","Intel Core i7 7700HQ 2.8GHz","16","1256.0"
"43","X542UQ-GO005 (i5-7200U/8GB/1TB/GeForce","laptop","Asus","56629.36","Type: Notebook. Screen: 1366x768; Display Size: 15.6 inches; GPU: Nvidia GeForce 940MX; Operating System: Linux","2.3","Intel Core i5 7200U 2.5GHz","8","1000.0"
"44","Aspire A515-51G","laptop","Acer","73846.96","Type: Notebook. Screen: IPS Panel Full HD 1920x1080; Display Size: 15.6 inches; GPU: Intel UHD Graphics 620; Operating System: Windows 10","2.2","Intel Core i5 8250U 1.6GHz","4","256.0"
"45","Inspiron 7773","laptop","Dell","108171.72","Type: 2 in 1 Convertible. Screen: Full HD / Touchscreen 1920x1080; Display Size: 17.3 inches; GPU: Nvidia GeForce 150MX; Operating System: Windows 10","2.77","Intel Core i5 8250U 1.6GHz","12","1000.0"
"46","MacBook Pro","laptop","Apple","153649.32","Type: Ultrabook. Screen: IPS Panel Retina Display 2560x1600; Display Size: 13.3 inches; GPU: Intel Iris Graphics 540; Operating System: macOS","1.37","Intel Core i5 2.0GHz","8","256.0"
"47","IdeaPad 320-15ISK","laptop","Lenovo","39955.32","Type: Notebook. Screen: 1366x768; Display Size: 15.6 inches; GPU: Intel HD Graphics 520; Operating System: No OS","2.2","Intel Core i3 6006U 2GHz","4","128.0"
"48","Rog Strix","laptop","Asus","140655.72","Type: Gaming. Screen: Full HD 1920x1080; Display Size: 17.3 inches; GPU: AMD Radeon RX 580; Operating System: Windows 10","3.2","AMD Ryzen 1700 3GHz","8","1256.0"
"49","Inspiron 3567","laptop","Dell","69190.92","Type: Notebook. Screen: Full HD 1920x1080; Display Size: 15.6 inches; GPU: AMD Radeon R5 M430; Operating System: Windows 10","2.3","Intel Core i5 7200U 2.5GHz","4","256.0"
"50","X751NV-TY001T (N4200/4GB/1TB/GeForce","laptop","Asus","50458.48","Type: Notebook. Screen: 1366x768; Display Size: 17.3 inches; GPU: Nvidia GeForce 920MX; Operating System: Windows 10","2.8","Intel Pentium Quad Core N4200 1.1GHz","4","1000.0"
"51","Yoga Book","laptop","Lenovo","34541.32","Type: 2 in 1 Convertible. Screen: IPS Panel Touchscreen 1920x1200; Display Size: 10.1 inches; GPU: Intel HD Graphics 400; Operating System: Android","0.69","Intel Atom x5-Z8550 1.44GHz","4","64.0"
"52","Aspire A515-51G","laptop","Acer","91063.48","Type: Notebook. Screen: IPS Panel Full HD 1920x1080; Display Size: 15.6 inches; GPU: Nvidia GeForce MX150; Operating System: Windows 10","2.2","Intel Core i7 8550U 1.8GHz","8","256.0"
"53","255 G6","laptop","HP","43148.5","Type: Notebook. Screen: Full HD 1920x1080; Display Size: 15.6 inches; GPU: AMD Radeon R4 Graphics; Operating System: Windows 10","1.86","AMD A6-Series 9220 2.5GHz","4","256.0"
"54","ProBook 430","laptop","HP","119432.84","Type: Notebook. Screen: Full HD 1920x1080; Display Size: 13.3 inches; GPU: Intel UHD Graphics 620; Operating System: Windows 10","1.49","Intel Core i7 8550U 1.8GHz","8","512.0"
"55","Aspire 3","laptop","Acer","41579.52","Type: Notebook. Screen: 1366x768; Display Size: 15.6 inches; GPU: Intel HD Graphics 620; Operating System: Windows 10","2.4","Intel Core i3 7100U 2.4GHz","4","1000.0"
"56","Inspiron 3576","laptop","Dell","83137.38","Type: Notebook. Screen: Full HD 1920x1080; Display Size: 15.6 inches; GPU: AMD Radeon 520; Operating System: Windows 10","2.13","Intel Core i7 8550U 1.8GHz","8","256.0"
"57","15-bs002nv (i3-6006U/4GB/128GB/FHD/W10)","laptop","HP","47534.92","Type: Notebook. Screen: Full HD 1920x1080; Display Size: 15.6 inches; GPU: Intel HD Graphics 520; Operating System: Windows 10","1.91","Intel Core i3 6006U 2GHz","4","128.0"
"58","VivoBook Max","laptop","Asus","63472.65","Type: Notebook. Screen: 1366x768; Display Size: 15.6 inches; GPU: Intel HD Graphics 620; Operating System: Windows 10","2.0","Intel Core i5 7200U 2.5GHz","4","256.0"
"59","GS73VR 7RG","laptop","MSI","265177.72","Type: Gaming. Screen: Full HD 1920x1080; Display Size: 17.3 inches; GPU: Nvidia GeForce GTX 1070; Operating System: Windows 10","2.43","Intel Core i7 7700HQ 2.8GHz","16","2256.0"
"60","X541UA-DM1897 (i3-6006U/4GB/256GB/FHD/Linux)","laptop","Asus","44936.2","Type: Notebook. Screen: Full HD 1920x1080; Display Size: 15.6 inches; GPU: Intel HD Graphics 520; Operating System: Linux","2.0","Intel Core i3 6006U 2GHz","4","256.0"
"61","Inspiron 5770","laptop","Dell","140655.72","Type: Notebook. Screen: Full HD 1920x1080; Display Size: 17.3 inches; GPU: AMD Radeon 530; Operating System: Windows 10","2.8","Intel Core i7 8550U 1.8GHz","16","2256.0"
"62","Vostro 5471","laptop","Dell","95178.12","Type: Ultrabook. Screen: Full HD 1920x1080; Display Size: 14.0 inches; GPU: Intel UHD Graphics 620; Operating System: Windows 10","1.7","Intel Core i5 8250U 1.6GHz","8","256.0"
"63","IdeaPad 520S-14IKB","laptop","Lenovo","64859.72","Type: Notebook. Screen: IPS Panel Full HD 1920x1080; Display Size: 14.0 inches; GPU: Intel HD Graphics 620; Operating System: No OS","1.7","Intel Core i3 7130U 2.7GHz","8","256.0"
"64","UX410UA-GV350T (i5-8250U/8GB/256GB/FHD/W10)","laptop","Asus","101891.48","Type: Notebook. Screen: Full HD 1920x1080; Display Size: 14.0 inches; GPU: Intel UHD Graphics 620; Operating System: Windows 10","1.4","Intel Core i5 8250U 1.6GHz","8","256.0"
"65","250 G6","laptop","HP","74713.2","Type: Notebook. Screen: Full HD 1920x1080; Display Size: 15.6 inches; GPU: Intel HD Graphics 620; Operating System: Windows 10","1.86","Intel Core i5 7200U 2.5GHz","8","256.0"
"66","ZenBook Pro","laptop","Asus","214719.24","Type: Ultrabook. Screen: Full HD 1920x1080; Display Size: 15.6 inches; GPU: Nvidia GeForce GTX 1050 Ti; Operating System: Windows 10","1.8","Intel Core i7 7700HQ 2.8GHz","16","512.0"
"67","250 G6","laptop","HP","47501.35","Type: Notebook. Screen: 1366x768; Display Size: 15.6 inches; GPU: AMD Radeon 520; Operating System: Windows 10","1.86","Intel Core i3 6006U 2GHz","4","500.0"
"68","Stream 14-AX040wm","laptop","HP","24796.12","Type: Notebook. Screen: 1366x768; Display Size: 14.0 inches; GPU: Intel HD Graphics 400; Operating System: Windows 10","1.44","Intel Celeron Dual Core N3060 1.6GHz","4","32.0"
"69","V310-15ISK (i5-7200U/4GB/1TB/FHD/W10)","laptop","Lenovo","59445.72","Type: Notebook. Screen: Full HD 1920x1080; Display Size: 15.6 inches; GPU: Intel HD Graphics 620; Operating System: Windows 10","1.9","Intel Core i5 7200U 2.5GHz","4","1000.0"
"70","FX753VE-GC093 (i7-7700HQ/12GB/1TB/GeForce","laptop","Asus","102757.72","Type: Gaming. Screen: Full HD 1920x1080; Display Size: 17.3 inches; GPU: Nvidia GeForce GTX 1050 Ti; Operating System: Linux","3.0","Intel Core i7 7700HQ 2.8GHz","12","1000.0"
"71","Surface Laptop","laptop","Microsoft","117916.92","Type: Ultrabook. Screen: Touchscreen 2256x1504; Display Size: 13.5 inches; GPU: Intel HD Graphics 620; Operating System: Windows 10 S","1.252","Intel Core i5 7200U 2.5GHz","4","128.0"
"72","Inspiron 5370","laptop","Dell","103407.4","Type: Ultrabook. Screen: IPS Panel Full HD 1920x1080; Display Size: 13.3 inches; GPU: AMD Radeon 530; Operating System: Windows 10","1.4","Intel Core i7 8550U 1.8GHz","8","256.0"
"73","Inspiron 5570","laptop","Dell","94203.6","Type: Notebook. Screen: Full HD 1920x1080; Display Size: 15.6 inches; GPU: AMD Radeon 530; Operating System: Windows 10","2.2","Intel Core i7 8550U 1.8GHz","8","256.0"
"74","GL72M 7RDX","laptop","MSI","118566.6","Type: Gaming. Screen: Full HD 1920x1080; Display Size: 17.3 inches; GPU: Nvidia GeForce GTX 1050; Operating System: Windows 10","2.7","Intel Core i5 7300HQ 2.5GHz","8","1128.0"
"75","Aspire E5-475","laptop","Acer","42120.92","Type: Notebook. Screen: 1366x768; Display Size: 14.0 inches; GPU: Intel HD Graphics 520; Operating System: Windows 10","2.1","Intel Core i3 6006U 2GHz","8","1000.0"
"76","FX503VD-E4022T (i7-7700HQ/8GB/1TB/GeForce","laptop","Asus","102757.72","Type: Gaming. Screen: Full HD 1920x1080; Display Size: 15.6 inches; GPU: Nvidia GeForce GTX 1050; Operating System: Windows 10","2.2","Intel Core i7 7700HQ 2.8GHz","8","1000.0"
"77","IdeaPad 320-15IKBN","laptop","Lenovo","56197.32","Type: Notebook. Screen: Full HD 1920x1080; Display Size: 15.6 inches; GPU: Intel HD Graphics 620; Operating System: No OS","2.2","Intel Core i5 7200U 2.5GHz","8","2000.0"
"78","Inspiron 5570","laptop","Dell","92579.4","Type: Notebook. Screen: Full HD 1920x1080; Display Size: 15.6 inches; GPU: Intel UHD Graphics 620; Operating System: Windows 10","2.02","Intel Core i7 8550U 1.8GHz","8","1128.0"
"79","Aspire A515-51G-32MX","laptop","Acer","57388.4","Type: Notebook. Screen: Full HD 1920x1080; Display Size: 15.6 inches; GPU: Nvidia GeForce MX130; Operating System: Windows 10","2.2","Intel Core i3 7130U 2.7GHz","4","1000.0"
"80","ProBook 470","laptop","HP","105789.56","Type: Notebook. Screen: Full HD 1920x1080; Display Size: 17.3 inches; GPU: Nvidia GeForce 930MX; Operating System: Windows 10","2.5","Intel Core i5 8250U 1.6GHz","8","1128.0"
"81","Latitude 5590","laptop","Dell","118692.2","Type: Ultrabook. Screen: IPS Panel Full HD 1920x1080; Display Size: 15.6 inches; GPU: Intel UHD Graphics 620; Operating System: Windows 10","1.88","Intel Core i5 8250U 1.6GHz","8","256.0"
"82","MacBook 12""","laptop","Apple","163502.8","Type: Ultrabook. Screen: IPS Panel Retina Display 2304x1440; Display Size: 12.0 inches; GPU: Intel HD Graphics 615; Operating System: macOS","0.92","Intel Core i5 1.3GHz","8","512.0"
"83","ProBook 440","laptop","HP","93120.8","Type: Notebook. Screen: Full HD 1920x1080; Display Size: 14.0 inches; GPU: Intel HD Graphics 620; Operating System: Windows 10","1.63","Intel Core i5 8250U 1.6GHz","8","256.0"
"84","IdeaPad 320-15AST","laptop","Lenovo","43203.72","Type: Notebook. Screen: Full HD 1920x1080; Display Size: 15.6 inches; GPU: AMD R4 Graphics; Operating System: Windows 10","2.2","AMD A6-Series 9220 2.5GHz","4","128.0"
"85","Aspire 3","laptop","Acer","42770.6","Type: Notebook. Screen: 1366x768; Display Size: 15.6 inches; GPU: AMD Radeon R5; Operating System: Windows 10","2.1","AMD A9-Series 9420 3GHz","4","1000.0"
"86","Inspiron 7577","laptop","Dell","146069.72","Type: Gaming. Screen: IPS Panel Full HD 1920x1080; Display Size: 15.6 inches; GPU: Nvidia GeForce GTX 1050 Ti; Operating System: Windows 10","2.65","Intel Core i7 7700HQ 2.8GHz","16","1128.0"
"87","Pavilion 15-CK000nv","laptop","HP","75687.72","Type: Ultrabook. Screen: IPS Panel Full HD 1920x1080; Display Size: 15.6 inches; GPU: Nvidia GeForce GTX 940MX; Operating System: Windows 10","1.83","Intel Core i7 8550U 1.8GHz","8","256.0"
"88","250 G6","laptop","HP","64858.64","Type: Notebook. Screen: Full HD 1920x1080; Display Size: 15.6 inches; GPU: Intel HD Graphics 620; Operating System: Windows 10","1.96","Intel Core i5 7200U 2.5GHz","8","256.0"
"89","FX503VM-E4007T (i7-7700HQ/16GB/1TB","laptop","Asus","156897.72","Type: Gaming. Screen: IPS Panel Full HD 1920x1080; Display Size: 15.6 inches; GPU: Nvidia GeForce GTX 1060; Operating System: Windows 10","2.2","Intel Core i7 7700HQ 2.8GHz","16","1128.0"
"90","XPS 13","laptop","Dell","178553.72","Type: Ultrabook. Screen: IPS Panel Full HD 1920x1080; Display Size: 13.3 inches; GPU: Intel UHD Graphics 620; Operating System: Windows 10","1.21","Intel Core i7 8550U 1.8GHz","8","256.0"
"91","FX550IK-DM018T (FX-9830P/8GB/1TB/Radeon","laptop","Asus","75687.72","Type: Gaming. Screen: Full HD 1920x1080; Display Size: 15.6 inches; GPU: AMD Radeon RX 560; Operating System: Windows 10","2.45","AMD FX 9830P 3GHz","8","1000.0"
"92","Aspire 5","laptop","Acer","74604.92","Type: Notebook. Screen: Full HD 1920x1080; Display Size: 15.6 inches; GPU: Nvidia GeForce MX150; Operating System: Windows 10","2.2","Intel Core i7 8550U 1.8GHz","8","1000.0"
"93","Probook 430","laptop","HP","129611.16","Type: Notebook. Screen: Full HD 1920x1080; Display Size: 13.3 inches; GPU: Intel UHD Graphics 620; Operating System: Windows 10","1.49","Intel Core i7 8550U 1.8GHz","16","512.0"
"94","Inspiron 7577","laptop","Dell","129394.6","Type: Gaming. Screen: Full HD 1920x1080; Display Size: 15.6 inches; GPU: Nvidia GeForce GTX 1060; Operating System: Windows 10","2.65","Intel Core i5 7300HQ 2.5GHz","8","256.0"
"95","Zenbook UX430UA","laptop","Asus","113585.72","Type: Ultrabook. Screen: Full HD 1920x1080; Display Size: 14.0 inches; GPU: Intel HD Graphics 620; Operating System: Windows 10","1.25","Intel Core i7 7500U 2.7GHz","8","256.0"
"96","Spin 5","laptop","Acer","91713.16","Type: 2 in 1 Convertible. Screen: IPS Panel Full HD / Touchscreen 1920x1080; Display Size: 13.3 inches; GPU: Intel UHD Graphics 620; Operating System: Windows 10","1.5","Intel Core i5 8250U 1.6GHz","8","256.0"
"97","Inspiron 3567","laptop","Dell","64957.17","Type: Notebook. Screen: Full HD 1920x1080; Display Size: 15.6 inches; GPU: AMD Radeon R5 M430; Operating System: Linux","2.2","Intel Core i7 7500U 2.7GHz","8","1000.0"
"98","Inspiron 3567","laptop","Dell","52515.8","Type: Notebook. Screen: Full HD 1920x1080; Display Size: 15.6 inches; GPU: AMD Radeon R5 M430; Operating System: Linux","2.2","Intel Core i3 6006U 2GHz","4","256.0"
"99","X541UV-DM1439T (i3-7100U/6GB/256GB/GeForce","laptop","Asus","62477.56","Type: Notebook. Screen: Full HD 1920x1080; Display Size: 15.6 inches; GPU: Nvidia GeForce 920M; Operating System: Windows 10","2.0","Intel Core i3 7100U 2.4GHz","6","256.0"
"100","Omen 15-ce007nv","laptop","HP","135241.72","Type: Gaming. Screen: IPS Panel Full HD 1920x1080; Display Size: 15.6 inches; GPU: Nvidia GeForce GTX 1050; Operating System: Windows 10","2.62","Intel Core i7 7700HQ 2.8GHz","12","1128.0"
"101","15-bs017nv (i7-7500U/8GB/256GB/Radeon","laptop","HP","77853.32","Type: Notebook. Screen: Full HD 1920x1080; Display Size: 15.6 inches; GPU: AMD Radeon 530; Operating System: Windows 10","1.91","Intel Core i7 7500U 2.7GHz","8","256.0"
"102","15-bw000nv (E2-9000e/4GB/500GB/Radeon","laptop","HP","37789.72","Type: Notebook. Screen: Full HD 1920x1080; Display Size: 15.6 inches; GPU: AMD Radeon R2; Operating System: Windows 10","2.1","AMD E-Series E2-9000e 1.5GHz","4","500.0"
"103","Inspiron 3576","laptop","Dell","70057.16","Type: Notebook. Screen: Full HD 1920x1080; Display Size: 15.6 inches; GPU: AMD Radeon 520; Operating System: Linux","2.2","Intel Core i5 8250U 1.6GHz","8","1000.0"
"104","Envy 13-ad009n","laptop","HP","121165.32","Type: Ultrabook. Screen: IPS Panel Full HD 1920x1080; Display Size: 13.3 inches; GPU: Nvidia GeForce MX150; Operating System: Windows 10","1.38","Intel Core i7 7500U 2.7GHz","8","256.0"
"105","Surface Laptop","laptop","Microsoft","145095.2","Type: Ultrabook. Screen: Touchscreen 2256x1504; Display Size: 13.5 inches; GPU: Intel HD Graphics 620; Operating System: Windows 10 S","1.252","Intel Core i5 7200U 2.5GHz","8","256.0"
"106","Pavilion 14-BK001nv","laptop","HP","71356.52","Type: Notebook. Screen: IPS Panel Full HD 1920x1080; Display Size: 14.0 inches; GPU: Nvidia GeForce 940MX; Operating System: Windows 10","1.58","Intel Core i5 7200U 2.5GHz","6","256.0"
"107","Ideapad 310-15ISK","laptop","Lenovo","44925.37","Type: Notebook. Screen: Full HD 1920x1080; Display Size: 15.6 inches; GPU: Intel HD Graphics 520; Operating System: Windows 10","1.85","Intel Core i3 6006U 2GHz","4","1000.0"
"108","UX430UQ-GV209R (i7-7500U/8GB/256GB/GeForce","laptop","Asus","129178.04","Type: Ultrabook. Screen: IPS Panel Full HD 1920x1080; Display Size: 14.0 inches; GPU: Nvidia GeForce 940MX; Operating System: Windows 10","1.3","Intel Core i7 7500U 2.7GHz","8","256.0"
"109","GP62M 7REX","laptop","MSI","140655.72","Type: Gaming. Screen: Full HD 1920x1080; Display Size: 15.6 inches; GPU: Nvidia GeForce GTX 1050 Ti; Operating System: Windows 10","2.2","Intel Core i7 7700HQ 2.8GHz","16","1256.0"
"110","Thinkpad T470","laptop","Lenovo","160254.4","Type: Notebook. Screen: IPS Panel Full HD 1920x1080; Display Size: 14.0 inches; GPU: Intel HD Graphics 620; Operating System: Windows 10","1.58","Intel Core i7 7500U 2.7GHz","8","256.0"
"111","VivoBook S15","laptop","Asus","136649.36","Type: Ultrabook. Screen: Full HD 1920x1080; Display Size: 15.6 inches; GPU: Nvidia GeForce MX150; Operating System: Windows 10","1.5","Intel Core i7 8550U 1.8GHz","16","1256.0"
"112","XPS 13","laptop","Dell","149318.12","Type: Ultrabook. Screen: Quad HD+ / Touchscreen 3200x1800; Display Size: 13.3 inches; GPU: Intel Iris Plus Graphics 640; Operating System: Windows 10","1.23","Intel Core i7 7560U 2.4GHz","8","256.0"
"113","ThinkPad Yoga","laptop","Lenovo","151483.72","Type: 2 in 1 Convertible. Screen: IPS Panel Full HD / Touchscreen 1920x1080; Display Size: 13.3 inches; GPU: Intel HD Graphics 620; Operating System: Windows 10","1.37","Intel Core i5 7200U 2.5GHz","8","256.0"
"114","Probook 440","laptop","HP","78178.16","Type: Notebook. Screen: IPS Panel 1366x768; Display Size: 14.0 inches; GPU: Intel UHD Graphics 620; Operating System: Windows 10","1.63","Intel Core i5 8250U 1.6GHz","4","500.0"
"115","XPS 13","laptop","Dell","176388.12","Type: Ultrabook. Screen: IPS Panel Full HD 1920x1080; Display Size: 13.3 inches; GPU: Intel UHD Graphics 620; Operating System: Windows 10","1.21","Intel Core i5 8250U 1.6GHz","8","256.0"
"116","Spectre x360","laptop","HP","151482.64","Type: 2 in 1 Convertible. Screen: IPS Panel Full HD / Touchscreen 1920x1080; Display Size: 13.3 inches; GPU: Intel UHD Graphics 620; Operating System: Windows 10","1.26","Intel Core i5 8250U 1.6GHz","8","256.0"
"117","Probook 440","laptop","HP","117375.52","Type: Notebook. Screen: Full HD 1920x1080; Display Size: 14.0 inches; GPU: Intel UHD Graphics 620; Operating System: Windows 10","1.63","Intel Core i7 8550U 1.8GHz","8","512.0"
"118","Inspiron 7570","laptop","Dell","122392.13","Type: Notebook. Screen: IPS Panel Full HD 1920x1080; Display Size: 15.6 inches; GPU: Nvidia GeForce 940MX; Operating System: Windows 10","2.16","Intel Core i7 8550U 1.8GHz","8","1256.0"
"119","X705UV-BX074T (i3-6006U/4GB/1TB/GeForce","laptop","Asus","61069.92","Type: Notebook. Screen: Full HD 1920x1080; Display Size: 17.3 inches; GPU: Nvidia GeForce 920MX; Operating System: Windows 10","2.0","Intel Core i3 6006U 2GHz","4","1000.0"
"120","VivoBook S15","laptop","Asus","121057.04","Type: Notebook. Screen: Full HD 1920x1080; Display Size: 15.6 inches; GPU: Nvidia GeForce 940MX; Operating System: Windows 10","1.7","Intel Core i7 8550U 1.8GHz","8","256.0"
"121","Spin 3","laptop","Acer","51866.12","Type: Notebook. Screen: IPS Panel Full HD / Touchscreen 1920x1080; Display Size: 15.6 inches; GPU: Intel HD Graphics 620; Operating System: Windows 10","2.1","Intel Core i3 7100U 2.4GHz","6","1000.0"
"122","GS63VR 7RG","laptop","MSI","242709.62","Type: Gaming. Screen: Full HD 1920x1080; Display Size: 15.6 inches; GPU: Nvidia GeForce GTX 1070; Operating System: Windows 10","1.8","Intel Core i7 7700HQ 2.8GHz","16","2256.0"
"123","IdeaPad 320-15IKBN","laptop","Lenovo","68108.12","Type: Notebook. Screen: Full HD 1920x1080; Display Size: 15.6 inches; GPU: Nvidia GeForce 940MX; Operating System: No OS","2.2","Intel Core i5 7200U 2.5GHz","8","256.0"
"124","Probook 470","laptop","HP","137623.88","Type: Notebook. Screen: Full HD 1920x1080; Display Size: 17.3 inches; GPU: Nvidia GeForce 930MX ; Operating System: Windows 10","2.5","Intel Core i7 8550U 1.8GHz","16","512.0"
"125","Aspire 3","laptop","Acer","48834.28","Type: Notebook. Screen: 1366x768; Display Size: 15.6 inches; GPU: AMD Radeon R5; Operating System: Windows 10","2.1","AMD A9-Series 9420 3GHz","4","256.0"
"126","250 G6","laptop","HP","28044.52","Type: Notebook. Screen: 1366x768; Display Size: 15.6 inches; GPU: Intel HD Graphics 400; Operating System: No OS","1.86","Intel Celeron Dual Core N3060 1.6GHz","4","500.0"
"127","Probook 440","laptop","HP","87923.36","Type: Notebook. Screen: Full HD 1920x1080; Display Size: 14.0 inches; GPU: Intel UHD Graphics 620; Operating System: Windows 10","1.63","Intel Core i5 8250U 1.6GHz","8","1000.0"
"128","E402WA-GA007T (E2-6110/4GB/64GB/W10","laptop","Asus","30100.76","Type: Notebook. Screen: 1366x768; Display Size: 14.0 inches; GPU: AMD Radeon R2; Operating System: Windows 10 S","1.65","AMD E-Series 6110 1.5GHz","4","64.0"
"129","Inspiron 5770","laptop","Dell","151158.88","Type: Notebook. Screen: Full HD 1920x1080; Display Size: 17.3 inches; GPU: AMD Radeon 530; Operating System: Windows 10","2.8","Intel Core i7 8550U 1.8GHz","16","2256.0"
"130","ProBook 470","laptop","HP","100483.84","Type: Notebook. Screen: Full HD 1920x1080; Display Size: 17.3 inches; GPU: Intel UHD Graphics 620; Operating System: Windows 10","2.5","Intel Core i5 8250U 1.6GHz","8","256.0"
"131","Inspiron 5567","laptop","Dell","69189.84","Type: Notebook. Screen: 1366x768; Display Size: 15.6 inches; GPU: AMD Radeon R7 M445; Operating System: Windows 10","2.36","Intel Core i5 7200U 2.5GHz","8","1000.0"
"132","Inspiron 3567","laptop","Dell","48617.72","Type: Notebook. Screen: Full HD 1920x1080; Display Size: 15.6 inches; GPU: AMD Radeon R5 M430; Operating System: Windows 10","2.2","Intel Core i3 6006U 2GHz","4","1000.0"
"133","Swift 3","laptop","Acer","95719.52","Type: Ultrabook. Screen: IPS Panel Full HD 1920x1080; Display Size: 14.0 inches; GPU: Intel UHD Graphics 620; Operating System: Windows 10","1.6","Intel Core i7 8550U 1.8GHz","8","256.0"
"134","Aspire A515-51G-37JS","laptop","Acer","61936.16","Type: Notebook. Screen: Full HD 1920x1080; Display Size: 15.6 inches; GPU: Nvidia GeForce MX130; Operating System: Windows 10","2.2","Intel Core i3 7130U 2.7GHz","4","256.0"
"135","15-BS078nr (i7-7500U/8GB/1TB/W10)","laptop","HP","64751.44","Type: Notebook. Screen: 1366x768; Display Size: 15.6 inches; GPU: Intel HD Graphics 620; Operating System: Windows 10","2.05","Intel Core i7 7500U 2.7GHz","8","1000.0"
"136","Probook 440","laptop","HP","106980.64","Type: Notebook. Screen: Full HD 1920x1080; Display Size: 14.0 inches; GPU: Intel UHD Graphics 620; Operating System: Windows 10","1.63","Intel Core i7 8550U 1.8GHz","8","256.0"
"137","V110-15IAP (N3350/4GB/1TB/No","laptop","Lenovo","27325.54","Type: Notebook. Screen: 1366x768; Display Size: 15.6 inches; GPU: Intel HD Graphics 500; Operating System: No OS","1.9","Intel Celeron Dual Core N3350 1.1GHz","4","1000.0"
"138","FX753VD-GC086T (i5-7300HQ/8GB/1TB","laptop","Asus","101566.64","Type: Gaming. Screen: Full HD 1920x1080; Display Size: 17.3 inches; GPU: Nvidia GeForce GTX 1050; Operating System: Windows 10","3.0","Intel Core i5 7300HQ 2.5GHz","8","1128.0"
"139","IdeaPad 320-15IKBN","laptop","Lenovo","54031.72","Type: Notebook. Screen: Full HD 1920x1080; Display Size: 15.6 inches; GPU: Nvidia GeForce 920MX; Operating System: No OS","2.2","Intel Core i5 7200U 2.5GHz","4","1000.0"
"140","Envy 13-AD007nv","laptop","HP","75687.72","Type: Notebook. Screen: IPS Panel Full HD 1920x1080; Display Size: 13.3 inches; GPU: Intel HD Graphics 620; Operating System: Windows 10","1.32","Intel Core i5 7200U 2.5GHz","4","256.0"
"141","Aspire 5","laptop","Acer","70923.4","Type: Notebook. Screen: IPS Panel Full HD 1920x1080; Display Size: 17.3 inches; GPU: Nvidia GeForce MX130; Operating System: Windows 10","3.0","Intel Core i3 7130U 2.7GHz","4","1000.0"
"142","ThinkPad E480","laptop","Lenovo","120842.65","Type: Notebook. Screen: IPS Panel Full HD 1920x1080; Display Size: 14.0 inches; GPU: AMD Radeon RX 550; Operating System: Windows 10","1.75","Intel Core i5 8250U 1.6GHz","8","256.0"
"143","Legion Y520-15IKBN","laptop","Lenovo","94095.32","Type: Gaming. Screen: IPS Panel Full HD 1920x1080; Display Size: 15.6 inches; GPU: Nvidia GeForce GTX 1050M; Operating System: No OS","2.4","Intel Core i7 7700HQ 2.8GHz","8","256.0"
"144","Satellite Pro","laptop","Toshiba","65184.56","Type: Notebook. Screen: 1366x768; Display Size: 15.6 inches; GPU: Intel HD Graphics 520; Operating System: Windows 10","2.1","Intel Core i5 6200U 2.3GHz","4","500.0"
"145","255 G6","laptop","HP","39955.32","Type: Notebook. Screen: 1366x768; Display Size: 15.6 inches; GPU: AMD Radeon R4 Graphics; Operating System: Windows 10","1.86","AMD A6-Series 9220 2.5GHz","4","256.0"
"146","ZenBook UX430UA","laptop","Asus","118999.72","Type: Ultrabook. Screen: Full HD 1920x1080; Display Size: 14.0 inches; GPU: Intel UHD Graphics 620; Operating System: Windows 10","1.25","Intel Core i7 8550U 1.8GHz","8","256.0"
"147","EliteBook Folio","laptop","HP","218075.92","Type: Ultrabook. Screen: IPS Panel 4K Ultra HD / Touchscreen 3840x2160; Display Size: 12.5 inches; GPU: Intel HD Graphics 515; Operating System: Windows 10","0.97","Intel Core M 6Y75 1.2GHz","8","512.0"
"148","X541NA (N3350/4GB/1TB/FHD/W10)","laptop","Asus","37248.32","Type: Notebook. Screen: Full HD 1920x1080; Display Size: 15.6 inches; GPU: Intel HD Graphics 500; Operating System: Windows 10","2.0","Intel Celeron Dual Core N3350 1.1GHz","4","1000.0"
"149","GE72MVR 7RG","laptop","MSI","219700.12","Type: Gaming. Screen: Full HD 1920x1080; Display Size: 17.3 inches; GPU: Nvidia GeForce GTX 1070; Operating System: Windows 10","2.9","Intel Core i7 7700HQ 2.8GHz","16","1256.0"
"150","Aspire A315-51","laptop","Acer","48401.16","Type: Notebook. Screen: 1366x768; Display Size: 15.6 inches; GPU: Intel HD Graphics 520; Operating System: Windows 10","2.1","Intel Core i3 6006U 2GHz","4","1000.0"
"151","Inspiron 5577","laptop","Dell","135269.87","Type: Gaming. Screen: Full HD 1920x1080; Display Size: 15.6 inches; GPU: Nvidia GeForce GTX 1050; Operating System: Windows 10","2.56","Intel Core i7 7700HQ 2.8GHz","16","512.0"
"152","Inspiron 7567","laptop","Dell","97343.72","Type: Gaming. Screen: Full HD 1920x1080; Display Size: 15.6 inches; GPU: Nvidia GeForce GTX 1050; Operating System: Windows 10","2.62","Intel Core i7 7700HQ 2.8GHz","8","1000.0"
"153","V110-15IKB (i5-7200U/4GB/128GB/W10)","laptop","Lenovo","53923.44","Type: Notebook. Screen: 1366x768; Display Size: 15.6 inches; GPU: Intel HD Graphics 620; Operating System: Windows 10","1.9","Intel Core i5 7200U 2.5GHz","4","128.0"
"154","GE73VR 7RE","laptop","MSI","204649.2","Type: Gaming. Screen: Full HD 1920x1080; Display Size: 17.3 inches; GPU: Nvidia GeForce GTX 1060; Operating System: Windows 10","2.8","Intel Core i7 7700HQ 2.8GHz","16","1256.0"
"155","EliteBook 840","laptop","HP","117158.96","Type: Ultrabook. Screen: Full HD 1920x1080; Display Size: 14.0 inches; GPU: Intel HD Graphics 620; Operating System: Windows 10","1.48","Intel Core i5 7500U 2.7GHz","4","256.0"
"156","15-BS103nv (i5-8250U/6GB/256GB/Radeon","laptop","HP","67025.32","Type: Notebook. Screen: Full HD 1920x1080; Display Size: 15.6 inches; GPU: AMD Radeon 520; Operating System: Windows 10","1.91","Intel Core i5 8250U 1.6GHz","6","256.0"
"157","Yoga 520-14IKB","laptop","Lenovo","68108.12","Type: 2 in 1 Convertible. Screen: IPS Panel Full HD / Touchscreen 1920x1080; Display Size: 14.0 inches; GPU: Intel HD Graphics 620; Operating System: Windows 10","1.74","Intel Core i3 7100U 2.4GHz","4","256.0"
"158","ZenBook Flip","laptop","Asus","142388.2","Type: 2 in 1 Convertible. Screen: Full HD / Touchscreen 1920x1080; Display Size: 13.3 inches; GPU: Intel HD Graphics 620; Operating System: Windows 10","1.1","Intel Core i5 8250U 1.6GHz","8","256.0"
"159","Inspiron 5579","laptop","Dell","113585.72","Type: 2 in 1 Convertible. Screen: Full HD / Touchscreen 1920x1080; Display Size: 15.6 inches; GPU: Intel UHD Graphics 620; Operating System: Windows 10","1.56","Intel Core i7 8550U 1.8GHz","8","256.0"
"160","Satellite Pro","laptop","Toshiba","48401.16","Type: Notebook. Screen: 1366x768; Display Size: 15.6 inches; GPU: Intel HD Graphics 520; Operating System: Windows 10","2.1","Intel Core i3 6006U 2.2GHz","4","500.0"
"161","X555BP-XX180T (A9-9420/4GB/1TB/Radeon","laptop","Asus","43636.84","Type: Notebook. Screen: 1366x768; Display Size: 15.6 inches; GPU: AMD Radeon R5 M420; Operating System: Windows 10","2.03","AMD A9-Series 9420 3GHz","4","1000.0"
"162","Aspire A517-51G","laptop","Acer","87165.4","Type: Notebook. Screen: IPS Panel Full HD 1920x1080; Display Size: 17.3 inches; GPU: Nvidia GeForce MX150; Operating System: Windows 10","3.0","Intel Core i5 8250U 1.6GHz","4","256.0"
"163","Inspiron 3576","laptop","Dell","78827.84","Type: Notebook. Screen: Full HD 1920x1080; Display Size: 15.6 inches; GPU: AMD Radeon 520; Operating System: Windows 10","2.13","Intel Core i5 8250U 1.6GHz","8","256.0"
"164","Legion Y520-15IKBN","laptop","Lenovo","116834.12","Type: Gaming. Screen: IPS Panel Full HD 1920x1080; Display Size: 15.6 inches; GPU: Nvidia GeForce GTX 1050 Ti; Operating System: Windows 10","2.5","Intel Core i7 7700HQ 2.8GHz","16","256.0"
"165","Aspire A315-31","laptop","Acer","37681.44","Type: Notebook. Screen: 1366x768; Display Size: 15.6 inches; GPU: Intel HD Graphics 500; Operating System: Windows 10","2.1","Intel Celeron Dual Core N3350 1.1GHz","4","1000.0"
"166","GE63VR 7RE","laptop","MSI","194795.72","Type: Gaming. Screen: IPS Panel Full HD 1920x1080; Display Size: 15.6 inches; GPU: Nvidia GeForce GTX 1060; Operating System: Windows 10","2.4","Intel Core i7 7700HQ 2.8GHz","16","1256.0"
"167","Aspire 3","laptop","Acer","39360.86","Type: Notebook. Screen: 1366x768; Display Size: 15.6 inches; GPU: Intel HD Graphics 505; Operating System: Windows 10","2.1","Intel Pentium Quad Core N4200 1.1GHz","4","1000.0"
"168","Inspiron 5577","laptop","Dell","114829.86","Type: Gaming. Screen: Full HD 1920x1080; Display Size: 15.6 inches; GPU: Nvidia GeForce GTX 1050; Operating System: Windows 10","2.56","Intel Core i7 7700HQ 2.8GHz","8","1128.0"
"169","Aspire A517-51G","laptop","Acer","92471.12","Type: Notebook. Screen: IPS Panel Full HD 1920x1080; Display Size: 17.3 inches; GPU: Nvidia GeForce MX150; Operating System: Windows 10","3.0","Intel Core i5 8250U 1.6GHz","8","256.0"
"170","ProBook 430","laptop","HP","81643.12","Type: Notebook. Screen: IPS Panel Full HD 1920x1080; Display Size: 13.3 inches; GPU: Intel UHD Graphics 620; Operating System: Windows 10","1.49","Intel Core i5 8250U 1.6GHz","4","500.0"
"171","MateBook X","laptop","Huawei","146069.72","Type: Ultrabook. Screen: IPS Panel Full HD 2160x1440; Display Size: 13.0 inches; GPU: Intel HD Graphics 620; Operating System: Windows 10","1.05","Intel Core i5 7200U 2.5GHz","8","256.0"
"172","17-bs001nv (i5-7200U/6GB/2TB/Radeon","laptop","HP","75687.72","Type: Notebook. Screen: IPS Panel Full HD 1920x1080; Display Size: 17.3 inches; GPU: AMD Radeon 520; Operating System: Windows 10","2.71","Intel Core i5 7200U 2.5GHz","6","2000.0"
"173","IdeaPad 320-15AST","laptop","Lenovo","33458.52","Type: Notebook. Screen: 1366x768; Display Size: 15.6 inches; GPU: AMD Radeon R4 Graphics; Operating System: No OS","2.2","AMD A6-Series 9220 2.9GHz","4","500.0"
"174","Satellite Pro","laptop","Toshiba","52948.92","Type: Notebook. Screen: 1366x768; Display Size: 15.6 inches; GPU: Intel HD Graphics 620; Operating System: Windows 10","2.0","Intel Core i3 7100U 2.4GHz","4","500.0"
"175","ProBook 470","laptop","HP","99942.44","Type: Notebook. Screen: Full HD 1920x1080; Display Size: 17.3 inches; GPU: Nvidia GeForce 930MX; Operating System: Windows 10","2.5","Intel Core i5 8250U 1.6GHz","8","256.0"
"176","Inspiron 3567","laptop","Dell","49700.52","Type: Notebook. Screen: 1366x768; Display Size: 15.6 inches; GPU: Intel HD Graphics 620; Operating System: Windows 10","2.3","Intel Core i3 7100U 2.4GHz","8","1000.0"
"177","Aspire A315-51","laptop","Acer","48617.72","Type: Notebook. Screen: 1366x768; Display Size: 15.6 inches; GPU: Intel HD Graphics 520; Operating System: Windows 10","2.1","Intel Core i3 6006U 2GHz","4","128.0"
"178","GT80S 6QF-074US","laptop","MSI","303075.72","Type: Gaming. Screen: Full HD 1920x1080; Display Size: 18.4 inches; GPU: Nvidia GTX 980 SLI; Operating System: Windows 10","4.4","Intel Core i7 6920HQ 2.9GHz","32","1512.0"
"179","V310-15IKB (i5-7200U/8GB/1TB","laptop","Lenovo","88031.64","Type: Notebook. Screen: Full HD 1920x1080; Display Size: 15.6 inches; GPU: AMD R17M-M1-70; Operating System: Windows 10","1.9","Intel Core i5 7200U 2.5GHz","8","1128.0"
"180","Spectre x360","laptop","HP","162311.72","Type: 2 in 1 Convertible. Screen: IPS Panel 4K Ultra HD / Touchscreen 3840x2160; Display Size: 13.3 inches; GPU: Intel UHD Graphics 620; Operating System: Windows 10","1.29","Intel Core i5 8250U 1.6GHz","8","256.0"
"181","Inspiron 5570","laptop","Dell","113585.72","Type: Notebook. Screen: Full HD 1920x1080; Display Size: 15.6 inches; GPU: AMD Radeon 530; Operating System: Linux","2.02","Intel Core i7 8550U 1.8GHz","16","2256.0"
"182","XPS 13","laptop","Dell","151483.72","Type: Ultrabook. Screen: Full HD 1920x1080; Display Size: 13.3 inches; GPU: Intel UHD Graphics 620; Operating System: Windows 10","1.23","Intel Core i5 8250U 1.6GHz","8","256.0"
"183","Yoga 920-13IKB","laptop","Lenovo","200209.72","Type: 2 in 1 Convertible. Screen: IPS Panel 4K Ultra HD / Touchscreen 3840x2160; Display Size: 13.9 inches; GPU: Intel UHD Graphics 620; Operating System: Windows 10","1.4","Intel Core i7 8550U 1.8GHz","16","512.0"
"184","Satellite Pro","laptop","Toshiba","85866.04","Type: Notebook. Screen: 1366x768; Display Size: 15.6 inches; GPU: Intel HD Graphics 620; Operating System: Windows 10","2.0","Intel Core i5 7200U 2.5GHz","8","128.0"
"185","Mi Notebook","laptop","Xiaomi","129827.72","Type: Notebook. Screen: IPS Panel Full HD 1920x1080; Display Size: 15.6 inches; GPU: Nvidia GeForce MX150; Operating System: No OS","1.95","Intel Core i5 8250U 1.6GHz","8","256.0"
"186","Inspiron 7773","laptop","Dell","167725.72","Type: Notebook. Screen: Full HD / Touchscreen 1920x1080; Display Size: 17.3 inches; GPU: Nvidia GeForce 150MX; Operating System: Windows 10","2.77","Intel Core i7 8550U 1.8GHz","16","512.0"
"187","XPS 15","laptop","Dell","259547.16","Type: Notebook. Screen: 4K Ultra HD / Touchscreen 3840x2160; Display Size: 15.6 inches; GPU: Nvidia GeForce GTX 1050; Operating System: Windows 10","2.06","Intel Core i7 7700HQ 2.8GHz","16","512.0"
"188","Legion Y520-15IKBN","laptop","Lenovo","84350.12","Type: Gaming. Screen: IPS Panel Full HD 1920x1080; Display Size: 15.6 inches; GPU: Nvidia GeForce GTX 1050; Operating System: No OS","2.4","Intel Core i5 7300HQ 2.5GHz","8","256.0"
"189","Swift 7","laptop","Acer","107088.92","Type: Ultrabook. Screen: IPS Panel Full HD 1920x1080; Display Size: 13.3 inches; GPU: Intel HD Graphics 615; Operating System: Windows 10","1.12","Intel Core i5 7Y54 1.2GHz","8","256.0"
"190","Inspiron 5770","laptop","Dell","117483.8","Type: Notebook. Screen: Full HD 1920x1080; Display Size: 17.3 inches; GPU: AMD Radeon 530; Operating System: Windows 10","2.8","Intel Core i7 8550U 1.8GHz","8","1128.0"
"191","Thinkpad Yoga","laptop","Lenovo","305782.72","Type: 2 in 1 Convertible. Screen: Touchscreen 2560x1440; Display Size: 14.0 inches; GPU: Intel HD Graphics 620; Operating System: Windows 10","1.42","Intel Core i7 7500U 2.7GHz","16","1000.0"
"192","K147 (N3350/4GB/32GB/FHD/W10)","laptop","Vero","28152.8","Type: Notebook. Screen: IPS Panel Full HD 1920x1080; Display Size: 14.0 inches; GPU: Intel HD Graphics 500; Operating System: Windows 10","1.3","Intel Celeron Dual Core N3350 1.1GHz","4","32.0"
"193","Mi Notebook","laptop","Xiaomi","108269.17","Type: Ultrabook. Screen: IPS Panel Full HD 1920x1080; Display Size: 13.3 inches; GPU: Nvidia GeForce MX150; Operating System: No OS","1.3","Intel Core i5 7200U 2.5GHz","8","256.0"
"194","IdeaPad 320-17IKBR","laptop","Lenovo","75579.44","Type: Notebook. Screen: 1600x900; Display Size: 17.3 inches; GPU: Nvidia GeForce MX150; Operating System: No OS","2.8","Intel Core i5 8250U 1.6GHz","8","256.0"
"195","Inspiron 5379","laptop","Dell","90846.92","Type: 2 in 1 Convertible. Screen: IPS Panel Full HD / Touchscreen 1920x1080; Display Size: 13.3 inches; GPU: Intel UHD Graphics 620; Operating System: Windows 10","1.62","Intel Core i7 8550U 1.8GHz","8","1000.0"
"196","ProBook 470","laptop","HP","98967.92","Type: Notebook. Screen: IPS Panel Full HD 1920x1080; Display Size: 17.3 inches; GPU: Nvidia GeForce 930MX; Operating System: Windows 10","2.5","Intel Core i5 8250U 1.6GHz","8","1000.0"
"197","Blade Pro","laptop","Razer","660399.72","Type: Gaming. Screen: 4K Ultra HD / Touchscreen 3840x2160; Display Size: 17.3 inches; GPU: Nvidia GeForce GTX 1080; Operating System: Windows 10","3.49","Intel Core i7 7820HK 2.9GHz","32","1000.0"
"198","ProBook 430","laptop","HP","103840.52","Type: Notebook. Screen: Full HD 1920x1080; Display Size: 13.3 inches; GPU: Intel UHD Graphics 620; Operating System: Windows 10","1.49","Intel Core i5 8250U 1.6GHz","8","512.0"
"199","Omen 17-W295","laptop","HP","149318.12","Type: Gaming. Screen: IPS Panel Full HD 1920x1080; Display Size: 17.3 inches; GPU: Nvidia GeForce GTX 1050; Operating System: Windows 10","3.35","Intel Core i7 7700HQ 2.8GHz","16","1256.0"
"200","Probook 470","laptop","HP","113152.6","Type: Notebook. Screen: Full HD 1920x1080; Display Size: 17.3 inches; GPU: Nvidia GeForce 930MX ; Operating System: Windows 10","2.5","Intel Core i7 8550U 1.8GHz","8","256.0"
"201","Inspiron 7577","laptop","Dell","199776.6","Type: Gaming. Screen: IPS Panel 4K Ultra HD 3840x2160; Display Size: 15.6 inches; GPU: Nvidia GeForce GTX 1060; Operating System: Windows 10","2.65","Intel Core i7 7700HQ 2.8GHz","16","1512.0"
"202","V110-15ISK (i5-6200U/4GB/128GB/W10)","laptop","Lenovo","53382.04","Type: Notebook. Screen: 1366x768; Display Size: 15.6 inches; GPU: Intel HD Graphics 520; Operating System: Windows 10","2.1","Intel Core i5 6200U 2.3GHz","4","128.0"
"203","Aspire E5-576G","laptop","Acer","80343.76","Type: Notebook. Screen: Full HD 1920x1080; Display Size: 15.6 inches; GPU: Nvidia GeForce 940MX; Operating System: Windows 10","2.23","Intel Core i7 7500U 2.7GHz","8","1000.0"
"204","Legion Y720-15IKB","laptop","Lenovo","189381.72","Type: Gaming. Screen: IPS Panel Full HD 1920x1080; Display Size: 15.6 inches; GPU: Nvidia GeForce GTX 1060; Operating System: Windows 10","3.2","Intel Core i7 7700HQ 2.8GHz","16","1512.0"
"205","Precision 7520","laptop","Dell","330795.4","Type: Workstation. Screen: 4K Ultra HD 3840x2160; Display Size: 15.6 inches; GPU: Nvidia Quadro M1200; Operating System: Windows 10","2.8","Intel Xeon E3-1505M V6 3GHz","16","1256.0"
"206","Legion Y520-15IKBN","laptop","Lenovo","151375.44","Type: Gaming. Screen: Full HD 1920x1080; Display Size: 15.6 inches; GPU: Nvidia GeForce GTX 1060; Operating System: No OS","2.4","Intel Core i7 7700HQ 2.8GHz","16","512.0"
"207","Inspiron 3567","laptop","Dell","47534.92","Type: Notebook. Screen: Touchscreen 1366x768; Display Size: 15.6 inches; GPU: Intel HD Graphics 620; Operating System: Windows 10","2.3","Intel Core i3 7100U 2.4GHz","6","1000.0"
"208","XPS 13","laptop","Dell","211037.72","Type: Ultrabook. Screen: IPS Panel 4K Ultra HD / Touchscreen 3840x2160; Display Size: 13.3 inches; GPU: Intel UHD Graphics 620; Operating System: Windows 10","1.21","Intel Core i7 8550U 1.8GHz","8","256.0"
"209","XPS 13","laptop","Dell","156897.72","Type: Ultrabook. Screen: Full HD 1920x1080; Display Size: 13.3 inches; GPU: Intel UHD Graphics 620; Operating System: Windows 10","1.2","Intel Core i7 8550U 1.8GHz","8","256.0"
"210","IdeaPad 320-15IKBN","laptop","Lenovo","64643.16","Type: Notebook. Screen: 1366x768; Display Size: 15.6 inches; GPU: Intel HD Graphics 620; Operating System: Windows 10","2.2","Intel Core i5 7200U 2.5GHz","8","256.0"
"211","Aspire 7","laptop","Acer","84350.12","Type: Notebook. Screen: Full HD 1920x1080; Display Size: 15.6 inches; GPU: Nvidia GeForce GTX 1050; Operating System: Linux","2.4","Intel Core i7 7700HQ 2.8GHz","8","1000.0"
"212","ROG GL703VD-GC028T","laptop","Asus","152349.96","Type: Gaming. Screen: Full HD 1920x1080; Display Size: 17.3 inches; GPU: Nvidia GeForce GTX 1050; Operating System: Windows 10","2.9","Intel Core i7 7700HQ 2.8GHz","16","1256.0"
"213","15-bs018nq (i3-6006U/4GB/500GB/FHD/No","laptop","HP","37789.72","Type: Notebook. Screen: Full HD 1920x1080; Display Size: 15.6 inches; GPU: Intel HD Graphics 520; Operating System: No OS","2.1","Intel Core i3 6006U 2GHz","4","500.0"
"214","IdeaPad 320-15IKBN","laptop","Lenovo","59445.72","Type: Notebook. Screen: Full HD 1920x1080; Display Size: 15.6 inches; GPU: Intel HD Graphics 620; Operating System: No OS","2.2","Intel Core i5 7200U 2.5GHz","8","256.0"
"215","MateBook X","laptop","Huawei","162311.72","Type: Ultrabook. Screen: IPS Panel Full HD 2160x1440; Display Size: 13.0 inches; GPU: Intel HD Graphics 620; Operating System: Windows 10","1.05","Intel Core i7 7500U 2.7GHz","8","512.0"
"216","Inspiron 5370","laptop","Dell","100903.97","Type: Ultrabook. Screen: IPS Panel Full HD 1920x1080; Display Size: 13.3 inches; GPU: AMD Radeon 530; Operating System: Windows 10","1.4","Intel Core i7 8550U 1.8GHz","8","256.0"
"217","IdeaPad 320-17IKB","laptop","Lenovo","63776.92","Type: Notebook. Screen: 1600x900; Display Size: 17.3 inches; GPU: Nvidia GeForce GTX 940MX; Operating System: No OS","2.8","Intel Core i5 7200U 2.5GHz","8","1000.0"
"218","Probook 440","laptop","HP","111636.68","Type: Notebook. Screen: Full HD 1920x1080; Display Size: 14.0 inches; GPU: Nvidia GeForce 930MX; Operating System: Windows 10","1.63","Intel Core i7 8550U 1.8GHz","8","256.0"
"219","Latitude 5490","laptop","Dell","124413.72","Type: Ultrabook. Screen: Full HD 1920x1080; Display Size: 14.0 inches; GPU: Intel UHD Graphics 620; Operating System: Windows 10","1.6","Intel Core i5 8250U 1.6GHz","8","256.0"
"220","Inspiron 5379","laptop","Dell","138490.12","Type: 2 in 1 Convertible. Screen: Full HD / Touchscreen 1920x1080; Display Size: 13.3 inches; GPU: Intel UHD Graphics 620; Operating System: Windows 10","1.62","Intel Core i7 8550U 1.8GHz","16","512.0"
"221","Inspiron 3576","laptop","Dell","73343.46","Type: Notebook. Screen: Full HD 1920x1080; Display Size: 15.6 inches; GPU: AMD Radeon 520; Operating System: Linux","2.2","Intel Core i5 8250U 1.6GHz","8","256.0"
"222","Yoga 520-14IKB","laptop","Lenovo","97343.72","Type: 2 in 1 Convertible. Screen: IPS Panel Full HD 1920x1080; Display Size: 14.0 inches; GPU: Intel UHD Graphics 620; Operating System: Windows 10","1.74","Intel Core i5 8250U 1.6GHz","8","256.0"
"223","Portege Z30-C-16L","laptop","Toshiba","147585.64","Type: Ultrabook. Screen: Full HD 1920x1080; Display Size: 13.3 inches; GPU: Intel HD Graphics 520; Operating System: Windows 10","1.2","Intel Core i7 6500U 2.5GHz","8","256.0"
"224","ProBook 450","laptop","HP","85974.32","Type: Notebook. Screen: Full HD 1920x1080; Display Size: 15.6 inches; GPU: Intel UHD Graphics 620; Operating System: Windows 10","2.1","Intel Core i5 8250U 1.6GHz","8","1000.0"
"225","Alienware 17","laptop","Dell","265972.5","Type: Gaming. Screen: IPS Panel Full HD 1920x1080; Display Size: 17.3 inches; GPU: Nvidia GeForce GTX 1060; Operating System: Windows 10","4.42","Intel Core i7 7700HQ 2.8GHz","16","1256.0"
"226","Aspire E5-576G","laptop","Acer","90088.96","Type: Notebook. Screen: Full HD 1920x1080; Display Size: 15.6 inches; GPU: Nvidia GeForce 940MX; Operating System: Windows 10","2.2","Intel Core i7 7500U 2.7GHz","8","256.0"
"227","Inspiron 5567","laptop","Dell","93013.6","Type: Notebook. Screen: Full HD / Touchscreen 1920x1080; Display Size: 15.6 inches; GPU: AMD Radeon R7 M445; Operating System: Windows 10","2.3","Intel Core i7 7500U 2.7GHz","16","1000.0"
"228","Vivobook X541UV-DM1217T","laptop","Asus","83267.32","Type: Notebook. Screen: Full HD 1920x1080; Display Size: 15.6 inches; GPU: Nvidia GeForce 920MX ; Operating System: Windows 10","2.0","Intel Core i5 7200U 2.5GHz","8","256.0"
"229","K756UX-T4340T (i5-7200U/8GB/500GB","laptop","Asus","96477.48","Type: Notebook. Screen: Full HD 1920x1080; Display Size: 17.3 inches; GPU: Nvidia GeForce GTX 950M; Operating System: Windows 10","2.69","Intel Core i5 7200U 2.5GHz","8","756.0"
"230","ZBook 15u","laptop","HP","137407.32","Type: Notebook. Screen: Full HD 1920x1080; Display Size: 15.6 inches; GPU: AMD FirePro W4190M ; Operating System: Windows 10","1.9","Intel Core i7 7500U 2.7GHz","8","1000.0"
"231","Pro P2540UA-XO0198T","laptop","Asus","43202.64","Type: Notebook. Screen: 1366x768; Display Size: 15.6 inches; GPU: Intel HD Graphics 620; Operating System: Windows 10","2.37","Intel Core i3 7100U 2.4GHz","4","1000.0"
"232","15-rb013nv (E2-9000e/4GB/500GB/W10)","laptop","HP","35732.4","Type: Notebook. Screen: 1366x768; Display Size: 15.6 inches; GPU: AMD Radeon R2; Operating System: Windows 10","2.1","AMD E-Series 9000e 1.5GHz","4","500.0"
"233","Legion Y720-15IKB","laptop","Lenovo","162311.72","Type: Gaming. Screen: IPS Panel Full HD 1920x1080; Display Size: 15.6 inches; GPU: Nvidia GeForce GTX 1060; Operating System: Windows 10","3.2","Intel Core i7 7700HQ 2.8GHz","16","1256.0"
"234","Vostro 5468","laptop","Dell","93012.52","Type: Notebook. Screen: Full HD 1920x1080; Display Size: 14.0 inches; GPU: Intel HD Graphics 620; Operating System: Windows 10","1.6","Intel Core i5 7200U 2.5GHz","8","256.0"
"235","Aspire R7","laptop","Acer","74604.92","Type: 2 in 1 Convertible. Screen: IPS Panel Full HD / Touchscreen 1920x1080; Display Size: 13.3 inches; GPU: Intel HD Graphics 520; Operating System: Windows 10","1.6","Intel Core i5 6200U 2.3GHz","8","256.0"
"236","Inspiron 5567","laptop","Dell","97343.72","Type: Notebook. Screen: Full HD 1920x1080; Display Size: 15.6 inches; GPU: AMD Radeon R7 M445; Operating System: Linux","2.36","Intel Core i7 7500U 2.7GHz","16","256.0"
"237","Aspire A315-51","laptop","Acer","42229.2","Type: Notebook. Screen: 1366x768; Display Size: 15.6 inches; GPU: Intel HD Graphics 520; Operating System: Linux","2.1","Intel Core i3 6006U 2GHz","4","1000.0"
"238","X555QG-DM242T (A10-9620P/4GB/1TB","laptop","Asus","62261.0","Type: Notebook. Screen: Full HD 1920x1080; Display Size: 15.6 inches; GPU: AMD Radeon R5 M430; Operating System: Windows 10","2.2","AMD A10-Series A10-9620P 2.5GHz","4","1128.0"
"239","ROG G703VI-E5062T","laptop","Asus","421209.2","Type: Gaming. Screen: Full HD 1920x1080; Display Size: 17.3 inches; GPU: Nvidia GeForce GTX 1080; Operating System: Windows 10","4.7","Intel Core i7 7820HK 2.9GHz","32","1512.0"
"240","Nitro AN515-51","laptop","Acer","91604.88","Type: Gaming. Screen: IPS Panel Full HD 1920x1080; Display Size: 15.6 inches; GPU: Nvidia GeForce GTX 1050; Operating System: Windows 10","2.5","Intel Core i5 7300HQ 2.5GHz","8","256.0"
"241","IdeaPad 320-15ISK","laptop","Lenovo","63776.92","Type: Notebook. Screen: 1366x768; Display Size: 15.6 inches; GPU: Intel HD Graphics 520; Operating System: Windows 10","2.2","Intel Core i3 6006U 2GHz","8","128.0"
"242","VivoBook Pro","laptop","Asus","123980.6","Type: Notebook. Screen: Full HD 1920x1080; Display Size: 17.3 inches; GPU: Nvidia GeForce 150MX; Operating System: Windows 10","2.1","Intel Core i7 8550U 1.8GHz","8","1128.0"
"243","F756UX-T4201D (i7-7500U/8GB/128GB","laptop","Asus","96260.92","Type: Notebook. Screen: Full HD 1920x1080; Display Size: 17.3 inches; GPU: Nvidia GeForce GTX 950M; Operating System: No OS","2.69","Intel Core i7 7500U 2.7GHz","8","1128.0"
"244","Inspiron 5577","laptop","Dell","95178.12","Type: Gaming. Screen: Full HD 1920x1080; Display Size: 15.6 inches; GPU: Nvidia GeForce GTX 1050; Operating System: Windows 10","2.56","Intel Core i5 7300HQ 2.5GHz","8","256.0"
"245","Yoga 910-13IKB","laptop","Lenovo","116834.12","Type: 2 in 1 Convertible. Screen: IPS Panel Full HD / Touchscreen 1920x1080; Display Size: 13.9 inches; GPU: Intel HD Graphics 620; Operating System: Windows 10","1.38","Intel Core i7 7500U 2.7GHz","8","256.0"
"246","Inspiron 5570","laptop","Dell","106655.8","Type: Notebook. Screen: Full HD 1920x1080; Display Size: 15.6 inches; GPU: AMD Radeon 530; Operating System: Windows 10","2.2","Intel Core i7 8550U 1.8GHz","8","2128.0"
"247","15-bs015dx (i5-7200U/8GB/1TB/W10)","laptop","HP","60528.52","Type: Notebook. Screen: Touchscreen 1366x768; Display Size: 15.6 inches; GPU: Intel HD Graphics 620; Operating System: Windows 10","2.04","Intel Core i5 7200U 2.5GHz","8","1000.0"
"248","Rog G701VIK-BA060T","laptop","Asus","324731.72","Type: Gaming. Screen: Full HD 1920x1080; Display Size: 17.3 inches; GPU: Nvidia GeForce GTX 1080; Operating System: Windows 10","3.6","Intel Core i7 7820HK 2.9GHz","16","256.0"
"249","ProBook 430","laptop","HP","73089.0","Type: Notebook. Screen: IPS Panel Full HD 1920x1080; Display Size: 13.3 inches; GPU: Intel UHD Graphics 620; Operating System: Windows 10","1.49","Intel Core i5 8250U 1.6GHz","4","500.0"
"250","MacBook Pro","laptop","Apple","220891.2","Type: Ultrabook. Screen: IPS Panel Retina Display 2560x1600; Display Size: 13.3 inches; GPU: Intel Iris Plus Graphics 650; Operating System: macOS","1.37","Intel Core i5 3.1GHz","8","512.0"
"251","Inspiron 5579","laptop","Dell","88681.32","Type: 2 in 1 Convertible. Screen: IPS Panel Full HD / Touchscreen 1920x1080; Display Size: 15.6 inches; GPU: Intel UHD Graphics 620; Operating System: Windows 10","2.08","Intel Core i7 8550U 1.8GHz","8","1000.0"
"252","ROG G752VSK-GC493T","laptop","Asus","194795.72","Type: Gaming. Screen: Full HD 1920x1080; Display Size: 17.3 inches; GPU: Nvidia GeForce GTX 980M; Operating System: Windows 10","4.3","Intel Core i7 7700HQ 2.8GHz","16","1256.0"
"253","X505BP-BR019T (A9-9420/4GB/1TB/Radeon","laptop","Asus","50783.32","Type: Notebook. Screen: 1366x768; Display Size: 15.6 inches; GPU: AMD Radeon R5 M420; Operating System: Windows 10","1.68","AMD A9-Series 9420 3GHz","4","1000.0"
"254","Yoga 920-13IKB","laptop","Lenovo","200209.72","Type: 2 in 1 Convertible. Screen: IPS Panel Full HD / Touchscreen 1920x1080; Display Size: 13.9 inches; GPU: Intel UHD Graphics 620; Operating System: Windows 10","1.37","Intel Core i7 8550U 1.8GHz","8","512.0"
"255","Aspire 5","laptop","Acer","76012.56","Type: Notebook. Screen: IPS Panel Full HD 1920x1080; Display Size: 17.3 inches; GPU: Nvidia GeForce MX130; Operating System: Windows 10","3.0","Intel Core i3 7130U 2.7GHz","4","256.0"
"256","Vostro 5370","laptop","Dell","102757.72","Type: Ultrabook. Screen: Full HD 1920x1080; Display Size: 13.3 inches; GPU: Intel UHD Graphics 620; Operating System: Windows 10","1.41","Intel Core i5 8250U 1.6GHz","8","256.0"
"257","15-BW094nd (A6-9220/8GB/128GB/W10)","laptop","HP","48282.05","Type: Notebook. Screen: 1366x768; Display Size: 15.6 inches; GPU: AMD Radeon R4 Graphics; Operating System: Windows 10","1.91","AMD A6-Series A6-9220 2.5GHz","8","128.0"
"258","Envy 17-U275cl","laptop","HP","114668.52","Type: Notebook. Screen: IPS Panel Full HD 1920x1080; Display Size: 17.3 inches; GPU: Nvidia GeForce MX150; Operating System: Windows 10","2.9","Intel Core i7 8550U 1.8GHz","16","1000.0"
"259","GT73EVR 7RE","laptop","MSI","270591.72","Type: Gaming. Screen: Full HD 1920x1080; Display Size: 17.3 inches; GPU: Nvidia GeForce GTX 1070; Operating System: Windows 10","4.14","Intel Core i7 7700HQ 2.8GHz","16","1512.0"
"260","Yoga 720-15IKB","laptop","Lenovo","183967.72","Type: 2 in 1 Convertible. Screen: IPS Panel Full HD / Touchscreen 1920x1080; Display Size: 15.6 inches; GPU: Nvidia GeForce GTX 1050M; Operating System: Windows 10","2.0","Intel Core i7 7700HQ 2.8GHz","8","512.0"
"261","Inspiron 5770","laptop","Dell","123655.76","Type: Notebook. Screen: Full HD 1920x1080; Display Size: 17.3 inches; GPU: AMD Radeon 530; Operating System: Windows 10","2.8","Intel Core i7 8550U 1.8GHz","8","1128.0"
"262","IdeaPad 320-15ISK","laptop","Lenovo","48076.32","Type: Notebook. Screen: Full HD 1920x1080; Display Size: 15.6 inches; GPU: Intel HD Graphics 520; Operating System: No OS","2.2","Intel Core i3 6006U 2GHz","4","256.0"
"263","ProBook 450","laptop","HP","78178.16","Type: Notebook. Screen: IPS Panel Full HD 1920x1080; Display Size: 15.6 inches; GPU: Intel HD Graphics 620; Operating System: Windows 10","2.1","Intel Core i5 8250U 1.6GHz","4","500.0"
"264","Vostro 3568","laptop","Dell","71139.96","Type: Notebook. Screen: Full HD 1920x1080; Display Size: 15.6 inches; GPU: Intel HD Graphics 620; Operating System: Windows 10","2.18","Intel Core i5 7200U 2.5GHz","4","1000.0"
"265","Inspiron 3567","laptop","Dell","61178.2","Type: Notebook. Screen: Full HD 1920x1080; Display Size: 15.6 inches; GPU: AMD Radeon R5 M430; Operating System: Windows 10","2.24","Intel Core i5 7200U 2.5GHz","8","1000.0"
"266","Inspiron 5579","laptop","Dell","86515.72","Type: 2 in 1 Convertible. Screen: Full HD / Touchscreen 1920x1080; Display Size: 15.6 inches; GPU: Intel UHD Graphics 620; Operating System: Windows 10","2.67","Intel Core i5 8250U 1.6GHz","8","256.0"
"267","ZenBook Flip","laptop","Asus","162311.72","Type: 2 in 1 Convertible. Screen: Full HD / Touchscreen 1920x1080; Display Size: 13.3 inches; GPU: Intel UHD Graphics 620; Operating System: Windows 10","1.1","Intel Core i7 8550U 1.8GHz","8","1024.0"
"268","IdeaPad 320-15IKBN","laptop","Lenovo","50566.76","Type: Notebook. Screen: Full HD 1920x1080; Display Size: 15.6 inches; GPU: Intel HD Graphics 620; Operating System: No OS","2.2","Intel Core i5 7200U 2.5GHz","4","1000.0"
"269","Probook 470","laptop","HP","110229.04","Type: Notebook. Screen: Full HD 1920x1080; Display Size: 17.3 inches; GPU: Nvidia GeForce 930MX ; Operating System: Windows 10","2.5","Intel Core i7 8550U 1.8GHz","8","1000.0"
"270","V330-15IKB (i7-8550U/8GB/256GB/FHD/W10)","laptop","Lenovo","95286.4","Type: Notebook. Screen: Full HD 1920x1080; Display Size: 15.6 inches; GPU: Intel UHD Graphics 620; Operating System: Windows 10","2.05","Intel Core i7 8550U 1.8GHz","8","256.0"
"271","MacBook Pro","laptop","Apple","212109.69","Type: Ultrabook. Screen: IPS Panel Retina Display 2560x1600; Display Size: 13.3 inches; GPU: Intel Iris Graphics 550; Operating System: macOS","1.37","Intel Core i5 2.9GHz","8","512.0"
"272","Rog Strix","laptop","Asus","167725.72","Type: Gaming. Screen: Full HD 1920x1080; Display Size: 17.3 inches; GPU: AMD Radeon RX 580; Operating System: Windows 10","3.2","AMD Ryzen 1700 3GHz","16","1256.0"
"273","Inspiron 3576","laptop","Dell","79593.38","Type: Notebook. Screen: Full HD 1920x1080; Display Size: 15.6 inches; GPU: AMD Radeon 520; Operating System: Linux","2.14","Intel Core i7 8550U 1.8GHz","8","256.0"
"274","ThinkPad X1","laptop","Lenovo","270591.72","Type: 2 in 1 Convertible. Screen: Touchscreen 2560x1440; Display Size: 14.0 inches; GPU: Intel HD Graphics 520; Operating System: Windows 10","1.36","Intel Core i7 6600U 2.6GHz","16","512.0"
"275","Satellite Pro","laptop","Toshiba","87923.36","Type: Notebook. Screen: 1366x768; Display Size: 15.6 inches; GPU: Nvidia GeForce 930M; Operating System: Windows 10","2.2","Intel Core i7 6500U 2.5GHz","8","500.0"
"276","Inspiron 5567","laptop","Dell","77211.22","Type: Notebook. Screen: 1366x768; Display Size: 15.6 inches; GPU: Intel HD Graphics 620; Operating System: Windows 10","2.3","Intel Core i7 7500U 2.7GHz","12","1000.0"
"277","Inspiron 5770","laptop","Dell","118999.72","Type: Notebook. Screen: Full HD 1920x1080; Display Size: 17.3 inches; GPU: AMD Radeon 530; Operating System: Linux","2.8","Intel Core i7 8550U 1.8GHz","8","1128.0"
"278","Aspire A515-51G","laptop","Acer","80668.6","Type: Notebook. Screen: IPS Panel Full HD 1920x1080; Display Size: 15.6 inches; GPU: Nvidia GeForce MX130; Operating System: Windows 10","2.2","Intel Core i7 8550U 1.8GHz","8","1000.0"
"279","IdeaPad 320-17ISK","laptop","Lenovo","52948.92","Type: Notebook. Screen: 1600x900; Display Size: 17.3 inches; GPU: Intel HD Graphics 520; Operating System: Windows 10","2.8","Intel Core i3 6006U 2GHz","4","1000.0"
"280","IdeaPad 320-17IKBR","laptop","Lenovo","91929.72","Type: Notebook. Screen: Full HD 1920x1080; Display Size: 17.3 inches; GPU: Nvidia GeForce MX150; Operating System: No OS","2.8","Intel Core i7 8550U 1.8GHz","8","2000.0"
"281","IdeaPad 320-17IKB","laptop","Lenovo","93012.52","Type: Notebook. Screen: 1600x900; Display Size: 17.3 inches; GPU: Nvidia GeForce 940MX; Operating System: Windows 10","2.8","Intel Core i7 7500U 2.7GHz","6","1128.0"
"282","Inspiron 3567","laptop","Dell","46343.84","Type: Notebook. Screen: Full HD 1920x1080; Display Size: 15.6 inches; GPU: AMD Radeon R5 M430; Operating System: Linux","2.25","Intel Core i3 6006U 2.0GHz","4","1000.0"
"283","Legion Y520-15IKBN","laptop","Lenovo","89764.12","Type: Gaming. Screen: IPS Panel Full HD 1920x1080; Display Size: 15.6 inches; GPU: Nvidia GeForce GTX 1050; Operating System: Windows 10","2.5","Intel Core i5 7300HQ 2.5GHz","8","256.0"
"284","Ideapad 320-15IKBN","laptop","Lenovo","62694.12","Type: Notebook. Screen: Full HD 1920x1080; Display Size: 15.6 inches; GPU: Intel HD Graphics 620; Operating System: Windows 10","2.2","Intel Core i5 7200U 2.5GHz","6","256.0"
"285","Aspire A517-51G","laptop","Acer","102974.28","Type: Notebook. Screen: IPS Panel Full HD 1920x1080; Display Size: 15.6 inches; GPU: Nvidia GeForce MX150; Operating System: Windows 10","3.0","Intel Core i7 8550U 1.8GHz","8","256.0"
"286","SP315-51 (i7-7500U/12GB/1TB/FHD/W10)","laptop","Acer","71356.52","Type: Notebook. Screen: IPS Panel Full HD / Touchscreen 1920x1080; Display Size: 15.6 inches; GPU: Intel HD Graphics 620; Operating System: Windows 10","2.15","Intel Core i7 7500U 2.7GHz","12","1000.0"
"287","Thinkpad T570","laptop","Lenovo","118783.16","Type: Notebook. Screen: IPS Panel Full HD 1920x1080; Display Size: 15.6 inches; GPU: Intel HD Graphics 630; Operating System: Windows 10","1.95","Intel Core i7 7500U 2.7GHz","8","256.0"
"288","VivoBook S15","laptop","Asus","105789.56","Type: Ultrabook. Screen: Full HD 1920x1080; Display Size: 15.6 inches; GPU: Nvidia GeForce 940MX; Operating System: Windows 10","1.7","Intel Core i5 7200U 2.5GHz","8","256.0"
"289","Legion Y520-15IKBN","laptop","Lenovo","127662.12","Type: Gaming. Screen: IPS Panel Full HD 1920x1080; Display Size: 15.6 inches; GPU: Nvidia GeForce GTX 1050 Ti; Operating System: Windows 10","2.5","Intel Core i7 7700HQ 2.8GHz","16","1256.0"
"290","IdeaPad 320-15IKB","laptop","Lenovo","71357.6","Type: Notebook. Screen: Full HD 1920x1080; Display Size: 15.6 inches; GPU: Nvidia GeForce 940MX; Operating System: No OS","2.2","Intel Core i7 7500U 2.7GHz","8","1000.0"
"291","Chromebook C910-C2ST","laptop","Acer","21547.72","Type: Notebook. Screen: 1366x768; Display Size: 15.6 inches; GPU: Intel HD Graphics; Operating System: Chrome OS","2.19","Intel Celeron Dual Core 3205U 1.5GHz","2","16.0"
"292","FX753VD-GC071T (i7-7700HQ/8GB/1TB/GeForce","laptop","Asus","128528.36","Type: Gaming. Screen: Full HD 1920x1080; Display Size: 17.3 inches; GPU: Nvidia GeForce GTX 1050; Operating System: Windows 10","3.0","Intel Core i7 7700HQ 2.8GHz","8","1000.0"
"293","17-BS037cl (i3-6006U/8GB/1TB/W10)","laptop","HP","52948.92","Type: Notebook. Screen: 1600x900; Display Size: 17.3 inches; GPU: Intel HD Graphics 520; Operating System: Windows 10","2.54","Intel Core i3 6006U 2GHz","8","1000.0"
"294","XPS 15","laptop","Dell","198044.12","Type: Notebook. Screen: Full HD 1920x1080; Display Size: 15.6 inches; GPU: Nvidia GeForce GTX 1050; Operating System: Windows 10","2.0","Intel Core i7 7700HQ 2.8GHz","8","256.0"
"295","V330-15IKB (i5-8250U/8GB/256GB/FHD/W10)","laptop","Lenovo","80018.92","Type: Notebook. Screen: Full HD 1920x1080; Display Size: 15.6 inches; GPU: Intel UHD Graphics 620; Operating System: Windows 10","2.05","Intel Core i5 8250U 1.6GHz","8","256.0"
"296","Legion Y720-15IKB","laptop","Lenovo","140655.72","Type: Gaming. Screen: IPS Panel Full HD 1920x1080; Display Size: 15.6 inches; GPU: Nvidia GeForce GTX 1060; Operating System: Windows 10","3.2","Intel Core i7 7700HQ 2.8GHz","8","1000.0"
"297","Aspire A715-71G","laptop","Acer","106006.12","Type: Notebook. Screen: Full HD 1920x1080; Display Size: 15.6 inches; GPU: Nvidia GeForce GTX 1050 Ti; Operating System: Linux","2.5","Intel Core i7 7700HQ 2.8GHz","8","256.0"
"298","Precision 7720","laptop","Dell","312372.64","Type: Workstation. Screen: Full HD 1920x1080; Display Size: 17.3 inches; GPU: Nvidia Quadro M1200; Operating System: Windows 10","3.42","Intel Core i7 7820HQ 2.9GHz","16","256.0"
"299","IdeaPad 310-15ABR","laptop","Lenovo","54031.72","Type: Notebook. Screen: Full HD 1920x1080; Display Size: 15.6 inches; GPU: AMD Radeon R5 430; Operating System: Windows 10","2.4","AMD A10-Series 9600P 2.4GHz","6","1000.0"
"300","ZenBook UX530UQ-PRO","laptop","Asus","158955.04","Type: Ultrabook. Screen: Full HD 1920x1080; Display Size: 15.6 inches; GPU: Nvidia GeForce 940MX; Operating System: Windows 10","1.63","Intel Core i7 7500U 2.7GHz","16","512.0"
"301","VivoBook S14","laptop","Asus","55114.52","Type: Notebook. Screen: 1366x768; Display Size: 14.0 inches; GPU: Intel HD Graphics 620; Operating System: Windows 10","1.3","Intel Core i3 7100U 2.4GHz","4","128.0"
"302","Rog GL702VS-GC095T","laptop","Asus","229770.16","Type: Gaming. Screen: Full HD 1920x1080; Display Size: 17.3 inches; GPU: Nvidia GeForce GTX 1070; Operating System: Windows 10","2.9","Intel Core i7 7700HQ 2.8GHz","16","1256.0"
"303","IdeaPad 320-17IKB","laptop","Lenovo","70273.72","Type: Notebook. Screen: 1600x900; Display Size: 17.3 inches; GPU: Nvidia GeForce GTX 940M; Operating System: Windows 10","2.8","Intel Core i5 7200U 2.5GHz","6","1000.0"
"304","IdeaPad 320-15IKBN","laptop","Lenovo","59445.72","Type: Notebook. Screen: 1366x768; Display Size: 15.6 inches; GPU: Nvidia GeForce 940MX; Operating System: No OS","2.2","Intel Core i5 7200U 2.5GHz","8","2000.0"
"305","GL553VE-FY082T (i7-7700HQ/8GB/1TB","laptop","Asus","136974.2","Type: Gaming. Screen: Full HD 1920x1080; Display Size: 15.6 inches; GPU: Nvidia GeForce GTX 1050 Ti; Operating System: Windows 10","2.5","Intel Core i7 7700HQ 2.8GHz","8","1128.0"
"306","IdeaPad 320-15IAP","laptop","Lenovo","38979.72","Type: Notebook. Screen: 1366x768; Display Size: 15.6 inches; GPU: Intel HD Graphics 505; Operating System: No OS","2.2","Intel Pentium Quad Core N4200 1.1GHz","4","1000.0"
"307","EliteBook x360","laptop","HP","213853.0","Type: 2 in 1 Convertible. Screen: Full HD / Touchscreen 1920x1080; Display Size: 13.3 inches; GPU: Intel HD Graphics 620; Operating System: Windows 10","1.28","Intel Core i7 7600U 2.8GHz","16","256.0"
"308","Satellite Pro","laptop","Toshiba","112936.04","Type: Notebook. Screen: IPS Panel Full HD 1920x1080; Display Size: 15.6 inches; GPU: Nvidia GeForce 930M; Operating System: Windows 10","2.2","Intel Core i7 6500U 2.5GHz","8","256.0"
"309","IdeaPad 320-15IKB","laptop","Lenovo","88681.32","Type: Notebook. Screen: Full HD 1920x1080; Display Size: 15.6 inches; GPU: Nvidia GeForce 940MX; Operating System: Windows 10","2.3","Intel Core i5 7200U 2.5GHz","8","1128.0"
"310","250 G6","laptop","HP","50783.32","Type: Notebook. Screen: Full HD 1920x1080; Display Size: 15.6 inches; GPU: Intel HD Graphics 520; Operating System: Windows 10","1.86","Intel Core i3 6006U 2GHz","4","1000.0"
"311","IdeaPad 720S-13IKB","laptop","Lenovo","108171.72","Type: Notebook. Screen: IPS Panel Full HD 1920x1080; Display Size: 13.3 inches; GPU: Intel HD Graphics 620; Operating System: Windows 10","1.1","Intel Core i5 7200U 2.5GHz","8","256.0"
"312","XPS 13","laptop","Dell","270591.72","Type: Ultrabook. Screen: IPS Panel 4K Ultra HD / Touchscreen 3840x2160; Display Size: 13.3 inches; GPU: Intel UHD Graphics 620; Operating System: Windows 10","1.21","Intel Core i7 8550U 1.8GHz","16","1000.0"
"313","GE63VR 7RF","laptop","MSI","227279.72","Type: Gaming. Screen: IPS Panel Full HD 1920x1080; Display Size: 15.6 inches; GPU: Nvidia GeForce GTX 1070; Operating System: Windows 10","2.8","Intel Core i7 7700HQ 2.8GHz","16","1256.0"
"314","ES1-523-84K7 (A8-7410/8GB/256GB/FHD/W10)","laptop","Acer","50783.32","Type: Notebook. Screen: Full HD 1920x1080; Display Size: 15.6 inches; GPU: AMD Radeon R5; Operating System: Windows 10","2.23","AMD A8-Series 7410 2.2GHz","8","256.0"
"315","VivoBook Flip","laptop","Asus","29777.0","Type: 2 in 1 Convertible. Screen: Touchscreen 1366x768; Display Size: 11.6 inches; GPU: Intel HD Graphics 500; Operating System: Windows 10","1.1","Intel Celeron Dual Core N3350 1.1GHz","2","32.0"
"316","Inspiron 5570","laptop","Dell","91388.32","Type: Notebook. Screen: Full HD 1920x1080; Display Size: 15.6 inches; GPU: AMD Radeon 530; Operating System: Windows 10","2.33","Intel Core i5 8250U 1.6GHz","8","1128.0"
"317","Spectre x360","laptop","HP","265177.72","Type: 2 in 1 Convertible. Screen: IPS Panel 4K Ultra HD / Touchscreen 3840x2160; Display Size: 13.3 inches; GPU: Intel UHD Graphics 620; Operating System: Windows 10","1.29","Intel Core i7 8550U 1.8GHz","16","1000.0"
"318","ThinkPad 13","laptop","Lenovo","49797.97","Type: Notebook. Screen: 1366x768; Display Size: 13.3 inches; GPU: Intel HD Graphics 510; Operating System: Chrome OS","1.45","Intel Celeron Dual Core 3855U 1.6GHz","4","16.0"
"319","ProBook 640","laptop","HP","106114.4","Type: Notebook. Screen: Full HD 1920x1080; Display Size: 14.0 inches; GPU: Intel HD Graphics 620; Operating System: Windows 10","1.95","Intel Core i5 7200U 2.5GHz","8","256.0"
"320","TravelMate B","laptop","Acer","52515.8","Type: Notebook. Screen: 1366x768; Display Size: 11.6 inches; GPU: Intel HD Graphics 405; Operating System: Windows 10","1.4","Intel Pentium Quad Core N3710 1.6GHz","4","128.0"
"321","Elitebook 840","laptop","HP","139897.76","Type: Notebook. Screen: Full HD 1920x1080; Display Size: 14.0 inches; GPU: Intel HD Graphics 620; Operating System: Windows 10","1.48","Intel Core i7 7500U 2.7GHz","8","256.0"
"322","IdeaPad 320-17IKB","laptop","Lenovo","63776.92","Type: Notebook. Screen: 1600x900; Display Size: 17.3 inches; GPU: Nvidia GeForce 920MX; Operating System: Windows 10","2.79","Intel Core i5 7200U 2.5GHz","4","1000.0"
"323","ZenBook UX410UA-GV183T","laptop","Asus","118458.32","Type: Notebook. Screen: Full HD 1920x1080; Display Size: 14.0 inches; GPU: Intel HD Graphics 620; Operating System: Windows 10","2.0","Intel Core i7 7500U 2.7GHz","8","256.0"
"324","ProBook 450","laptop","HP","97668.56","Type: Notebook. Screen: IPS Panel Full HD 1366x768; Display Size: 15.6 inches; GPU: Intel UHD Graphics 620; Operating System: Windows 10","2.1","Intel Core i7 8550U 1.8GHz","8","1000.0"
"325","Aspire 5","laptop","Acer","71356.52","Type: Notebook. Screen: 1366x768; Display Size: 15.6 inches; GPU: AMD Radeon RX 540; Operating System: Windows 10","2.2","AMD A12-Series 9720P 2.7GHz","8","256.0"
"326","IdeaPad 120S-14IAP","laptop","Lenovo","31617.76","Type: Notebook. Screen: 1366x768; Display Size: 14.0 inches; GPU: Intel HD Graphics 500; Operating System: Windows 10","1.44","Intel Celeron Dual Core N3350 1.1GHz","4","32.0"
"327","Aspire E5-575","laptop","Acer","59445.72","Type: Notebook. Screen: 1366x768; Display Size: 15.6 inches; GPU: Intel HD Graphics 620; Operating System: Windows 10","2.23","Intel Core i5 7200U 2.5GHz","6","1000.0"
"328","VivoBook S15","laptop","Asus","113683.17","Type: Ultrabook. Screen: Full HD 1920x1080; Display Size: 15.6 inches; GPU: Nvidia GeForce 940MX; Operating System: Windows 10","1.7","Intel Core i7 7500U 2.7GHz","8","256.0"
"329","Elitebook 820","laptop","HP","144553.8","Type: Ultrabook. Screen: Full HD 1920x1080; Display Size: 12.5 inches; GPU: Intel HD Graphics 620; Operating System: Windows 10","1.26","Intel Core i7 7500U 2.7GHz","8","256.0"
"330","XPS 15","laptop","Dell","285750.92","Type: Notebook. Screen: 4K Ultra HD / Touchscreen 3840x2160; Display Size: 15.6 inches; GPU: Nvidia GeForce GTX 1050; Operating System: Windows 10","2.06","Intel Core i7 7700HQ 2.8GHz","32","1000.0"
"331","GL72M 7REX","laptop","MSI","129827.72","Type: Gaming. Screen: Full HD 1920x1080; Display Size: 17.3 inches; GPU: Nvidia GeForce GTX 1050 Ti; Operating System: Windows 10","2.7","Intel Core i7 7700HQ 2.8GHz","8","1256.0"
"332","Satellite Pro","laptop","Toshiba","102108.04","Type: Notebook. Screen: IPS Panel Full HD 1920x1080; Display Size: 15.6 inches; GPU: Intel HD Graphics 620; Operating System: Windows 10","2.0","Intel Core i5 7200U 2.5GHz","8","256.0"
"333","UX510UX-CN269T (i7-7500U/8GB/256GB","laptop","Asus","144445.52","Type: Notebook. Screen: Full HD 1920x1080; Display Size: 14.0 inches; GPU: Intel HD Graphics 620; Operating System: Windows 10","2.0","Intel Core i7 7500U 2.7GHz","8","1256.0"
"334","V310-15ISK (i3-6006U/4GB/1TB/FHD/W10)","laptop","Lenovo","48617.72","Type: Notebook. Screen: Full HD 1920x1080; Display Size: 15.6 inches; GPU: Intel HD Graphics 520; Operating System: Windows 10","1.85","Intel Core i3 6006U 2GHz","4","1000.0"
"335","FX553VD-FY647T (i7-7700HQ/8GB/256GB/GeForce","laptop","Asus","108171.72","Type: Gaming. Screen: Full HD 1920x1080; Display Size: 15.6 inches; GPU: Nvidia GeForce GTX 1050; Operating System: Windows 10","2.5","Intel Core i7 7700HQ 2.8GHz","8","256.0"
"336","EliteBook 840","laptop","HP","137299.04","Type: Notebook. Screen: Full HD 1920x1080; Display Size: 14.0 inches; GPU: Intel HD Graphics 620; Operating System: Windows 10","1.48","Intel Core i5 7300U 2.6GHz","8","256.0"
"337","Inspiron 7570","laptop","Dell","113585.72","Type: Ultrabook. Screen: IPS Panel Full HD 1920x1080; Display Size: 15.6 inches; GPU: Nvidia GeForce 940MX; Operating System: Windows 10","1.9","Intel Core i5 8250U 1.6GHz","8","1128.0"
"338","Elitebook 850","laptop","HP","123872.32","Type: Notebook. Screen: Full HD 1920x1080; Display Size: 15.6 inches; GPU: Intel HD Graphics 620; Operating System: Windows 10","1.84","Intel Core i5 7200U 2.5GHz","8","256.0"
"339","X541NA (N3350/4GB/1TB/Linux)","laptop","Asus","29775.92","Type: Notebook. Screen: 1366x768; Display Size: 15.6 inches; GPU: Intel HD Graphics 500; Operating System: Linux","2.0","Intel Celeron Dual Core N3350 1.1GHz","4","1000.0"
"340","Inspiron 7570","laptop","Dell","123736.97","Type: Notebook. Screen: Full HD 1920x1080; Display Size: 15.6 inches; GPU: Nvidia GeForce 940MX; Operating System: Windows 10","2.0","Intel Core i5 8250U 1.6GHz","8","256.0"
"341","Inspiron 3552","laptop","Dell","29766.17","Type: Notebook. Screen: 1366x768; Display Size: 15.6 inches; GPU: Intel HD Graphics; Operating System: Linux","2.2","Intel Celeron Dual Core N3060 1.6GHz","4","500.0"
"342","IdeaPad 320-15ABR","laptop","Lenovo","97343.72","Type: Notebook. Screen: Full HD 1920x1080; Display Size: 15.6 inches; GPU: AMD Radeon 530; Operating System: Windows 10","2.2","AMD A12-Series 9720P 3.6GHz","12","2000.0"
"343","ProBook 450","laptop","HP","77528.48","Type: Notebook. Screen: IPS Panel Full HD 1920x1080; Display Size: 15.6 inches; GPU: Nvidia GeForce 930MX ; Operating System: Windows 10","2.1","Intel Core i3 7100U 2.4GHz","8","1000.0"
"344","Yoga 920-13IKB","laptop","Lenovo","227279.72","Type: 2 in 1 Convertible. Screen: IPS Panel 4K Ultra HD / Touchscreen 3840x2160; Display Size: 13.9 inches; GPU: Intel UHD Graphics 620; Operating System: Windows 10","1.4","Intel Core i7 8550U 1.8GHz","16","512.0"
"345","XPS 13","laptop","Dell","170974.12","Type: Ultrabook. Screen: Full HD 1920x1080; Display Size: 13.3 inches; GPU: Intel UHD Graphics 620; Operating System: Windows 10","1.2","Intel Core i7 8550U 1.8GHz","8","256.0"
"346","Legion Y520-15IKBN","laptop","Lenovo","122248.12","Type: Gaming. Screen: IPS Panel Full HD 1920x1080; Display Size: 15.6 inches; GPU: Nvidia GeForce GTX 1050 Ti; Operating System: Windows 10","2.4","Intel Core i7 7700HQ 2.8GHz","16","2256.0"
"347","Stream 14-AX001nv","laptop","HP","30210.12","Type: Notebook. Screen: 1366x768; Display Size: 14.0 inches; GPU: Intel HD Graphics 400; Operating System: Windows 10","1.44","Intel Celeron Dual Core N3060 1.6GHz","2","32.0"
"348","Latitude 5590","laptop","Dell","174109.91","Type: Ultrabook. Screen: Full HD 1920x1080; Display Size: 15.6 inches; GPU: Intel UHD Graphics 620; Operating System: Windows 10","1.88","Intel Core i7 8650U 1.9GHz","16","768.0"
"349","VivoBook Flip","laptop","Asus","40605.0","Type: 2 in 1 Convertible. Screen: Touchscreen 1366x768; Display Size: 11.6 inches; GPU: Intel HD Graphics 500; Operating System: Windows 10","1.5","Intel Celeron Dual Core N3350 1.1GHz","4","32.0"
"350","Inspiron 5570","laptop","Dell","71789.64","Type: Ultrabook. Screen: Full HD 1920x1080; Display Size: 15.6 inches; GPU: AMD Radeon 530; Operating System: Windows 10","1.9","Intel Core i5 8250U 1.6GHz","8","1000.0"
"351","XPS 15","laptop","Dell","219529.04","Type: Notebook. Screen: 4K Ultra HD / Touchscreen 3840x2160; Display Size: 15.6 inches; GPU: Nvidia GeForce GTX 1050; Operating System: Windows 10","2.06","Intel Core i7 7700HQ 2.8GHz","16","512.0"
"352","Elitebook 850","laptop","HP","141197.12","Type: Notebook. Screen: Full HD 1920x1080; Display Size: 15.6 inches; GPU: Intel HD Graphics 620; Operating System: Windows 10","1.84","Intel Core i7 7500U 2.7GHz","8","256.0"
"353","GP72MVR 7RFX","laptop","MSI","152566.52","Type: Gaming. Screen: Full HD 1920x1080; Display Size: 17.3 inches; GPU: Nvidia GeForce GTX 1060; Operating System: Windows 10","2.7","Intel Core i7 7700HQ 2.8GHz","8","1128.0"
"354","Zbook 15","laptop","HP","188219.88","Type: Workstation. Screen: Full HD 1920x1080; Display Size: 15.6 inches; GPU: Nvidia Quadro M1200; Operating System: Windows 10","2.6","Intel Core i7 7700HQ 2.8GHz","8","256.0"
"355","Tecra A50-C-21G","laptop","Toshiba","151916.84","Type: Notebook. Screen: IPS Panel Full HD 1920x1080; Display Size: 15.6 inches; GPU: Nvidia GeForce 930M; Operating System: Windows 10","2.4","Intel Core i7 6500U 2.5GHz","16","512.0"
"356","Inspiron 5570","laptop","Dell","105129.05","Type: Notebook. Screen: Full HD 1920x1080; Display Size: 15.6 inches; GPU: AMD Radeon 530; Operating System: Windows 10","2.02","Intel Core i7 8550U 1.8GHz","8","2128.0"
"357","IdeaPad 320-15IAP","laptop","Lenovo","34865.08","Type: Notebook. Screen: 1366x768; Display Size: 15.6 inches; GPU: Intel HD Graphics 500; Operating System: No OS","2.2","Intel Celeron Dual Core N3350 1.1GHz","4","1000.0"
"358","Inspiron 7577","laptop","Dell","108171.72","Type: Gaming. Screen: Full HD 1920x1080; Display Size: 15.6 inches; GPU: Nvidia GeForce GTX 1050; Operating System: Windows 10","2.65","Intel Core i5 7300HQ 2.5GHz","8","1000.0"
"359","Inspiron 3567","laptop","Dell","60352.02","Type: Notebook. Screen: Touchscreen 1366x768; Display Size: 15.6 inches; GPU: Intel HD Graphics 620; Operating System: Windows 10","2.36","Intel Core i5 7200U 2.5GHz","8","2000.0"
"360","Latitude 7480","laptop","Dell","154515.56","Type: Notebook. Screen: Full HD 1920x1080; Display Size: 14.0 inches; GPU: Intel HD Graphics 620; Operating System: Windows 10","1.36","Intel Core i5 7300U 2.6GHz","8","256.0"
"361","250 G6","laptop","HP","47534.92","Type: Notebook. Screen: 1366x768; Display Size: 15.6 inches; GPU: Intel HD Graphics 520; Operating System: Windows 10","1.86","Intel Core i3 6006U 2GHz","4","500.0"
"362","Zenbook UX410UA-GV027T","laptop","Asus","102324.6","Type: Notebook. Screen: Full HD 1920x1080; Display Size: 14.0 inches; GPU: Intel HD Graphics 620; Operating System: Windows 10","2.0","Intel Core i5 7200U 2.5GHz","8","256.0"
"363","IdeaPad 320-17IKB","laptop","Lenovo","77853.32","Type: Notebook. Screen: 1600x900; Display Size: 17.3 inches; GPU: Nvidia GeForce GTX 940MX; Operating System: Windows 10","2.8","Intel Core i5 7200U 2.5GHz","6","1128.0"
"364","250 G6","laptop","HP","69190.92","Type: Notebook. Screen: Full HD 1920x1080; Display Size: 15.6 inches; GPU: Intel HD Graphics 620; Operating System: Windows 10","1.86","Intel Core i5 7200U 2.5GHz","8","1000.0"
"365","IdeaPad 320-15ISK","laptop","Lenovo","54031.72","Type: Notebook. Screen: 1366x768; Display Size: 15.6 inches; GPU: Nvidia GeForce 920MX ; Operating System: No OS","2.2","Intel Core i3 6006U 2GHz","8","256.0"
"366","15-AY023na (N3710/8GB/2TB/W10)","laptop","HP","42120.92","Type: Notebook. Screen: 1366x768; Display Size: 15.6 inches; GPU: Intel HD Graphics 405; Operating System: Windows 10","2.04","Intel Pentium Quad Core N3710 1.6GHz","8","2000.0"
"367","Inspiron 5770","laptop","Dell","117483.8","Type: Notebook. Screen: Full HD 1920x1080; Display Size: 17.3 inches; GPU: AMD Radeon 530; Operating System: Windows 10","2.8","Intel Core i5 8250U 1.6GHz","8","1128.0"
"368","Legion Y520-15IKBN","laptop","Lenovo","87598.52","Type: Gaming. Screen: IPS Panel Full HD 1920x1080; Display Size: 15.6 inches; GPU: Nvidia GeForce GTX 1050; Operating System: No OS","2.4","Intel Core i5 7300HQ 2.5GHz","8","1128.0"
"369","Inspiron 5567","laptop","Dell","97343.72","Type: Notebook. Screen: Full HD 1920x1080; Display Size: 15.6 inches; GPU: AMD Radeon R7 M445; Operating System: Windows 10","2.33","Intel Core i7 7500U 2.7GHz","8","256.0"
"370","Elitebook 1040","laptop","HP","189490.0","Type: Ultrabook. Screen: IPS Panel Full HD 1920x1080; Display Size: 14.0 inches; GPU: Intel HD Graphics 620; Operating System: Windows 10","1.36","Intel Core i7 7500U 2.7GHz","8","256.0"
"371","ZenBook Flip","laptop","Asus","118999.72","Type: 2 in 1 Convertible. Screen: Full HD / Touchscreen 1920x1080; Display Size: 15.6 inches; GPU: Nvidia GeForce GT 940MX; Operating System: Windows 10","2.26","Intel Core i7 7500U 2.7GHz","12","2512.0"
"372","Aspire 3","laptop","Acer","46127.28","Type: Notebook. Screen: 1366x768; Display Size: 15.6 inches; GPU: AMD Radeon R5; Operating System: Windows 10","2.1","AMD A9-Series 9420 3GHz","4","128.0"
"373","Rog Strix","laptop","Asus","238107.72","Type: Gaming. Screen: IPS Panel Full HD 1920x1080; Display Size: 17.3 inches; GPU: AMD Radeon RX 580; Operating System: Windows 10","3.25","AMD Ryzen 1700 3GHz","16","1256.0"
"374","IdeaPad 110-17ACL","laptop","Lenovo","52948.92","Type: Notebook. Screen: 1600x900; Display Size: 17.3 inches; GPU: AMD Radeon R5; Operating System: Windows 10","2.6","AMD A8-Series 7410 2.2GHz","4","128.0"
"375","Inspiron 5379","laptop","Dell","94096.4","Type: 2 in 1 Convertible. Screen: Full HD / Touchscreen 1920x1080; Display Size: 13.3 inches; GPU: Intel UHD Graphics 620; Operating System: Windows 10","1.62","Intel Core i7 8550U 1.8GHz","8","256.0"
"376","15-bw003nv (A9-Series-9420/4GB/256GB/FHD/W10)","laptop","HP","52947.84","Type: Notebook. Screen: Full HD 1920x1080; Display Size: 15.6 inches; GPU: AMD Radeon R5; Operating System: Windows 10","1.91","AMD A9-Series 9420 3GHz","4","256.0"
"377","Yoga 11e","laptop","Lenovo","59878.84","Type: Netbook. Screen: IPS Panel 1366x768; Display Size: 11.6 inches; GPU: Intel HD Graphics 500; Operating System: Windows 10","1.59","Intel Celeron Quad Core N3450 1.1GHz","4","128.0"
"378","Inspiron 3552","laptop","Dell","33458.52","Type: Notebook. Screen: 1366x768; Display Size: 15.6 inches; GPU: Intel HD Graphics 400; Operating System: Windows 10","1.8","Intel Celeron Dual Core N3060 1.60GHz","4","500.0"
"379","VivoBook E403NA","laptop","Asus","30968.08","Type: Notebook. Screen: 1366x768; Display Size: 14.0 inches; GPU: Intel HD Graphics 500; Operating System: Windows 10","1.5","Intel Celeron Dual Core N3350 1.1GHz","4","32.0"
"380","Aspire 7","laptop","Acer","91604.88","Type: Notebook. Screen: Full HD 1920x1080; Display Size: 15.6 inches; GPU: Nvidia GeForce GTX 1050; Operating System: Linux","2.4","Intel Core i7 7700HQ 2.8GHz","8","1000.0"
"381","Omen 17-w212nv","laptop","HP","128961.48","Type: Gaming. Screen: IPS Panel Full HD 1920x1080; Display Size: 17.3 inches; GPU: Nvidia GeForce GTX 1050; Operating System: Windows 10","3.35","Intel Core i7 7700HQ 2.8GHz","8","1128.0"
"382","V310-15ISK (i3-6006U/4GB/128GB/FHD/No","laptop","Lenovo","43690.98","Type: Notebook. Screen: Full HD 1920x1080; Display Size: 15.6 inches; GPU: Intel HD Graphics 520; Operating System: No OS","1.85","Intel Core i3 6006U 2GHz","4","128.0"
"383","ROG Strix","laptop","Asus","179203.4","Type: Gaming. Screen: IPS Panel Full HD 1920x1080; Display Size: 15.6 inches; GPU: Nvidia GeForce GTX 1060; Operating System: Windows 10","2.3","Intel Core i7 7700HQ 2.8GHz","8","1128.0"
"384","IdeaPad 720S-14IKB","laptop","Lenovo","118999.72","Type: Notebook. Screen: IPS Panel Full HD 1920x1080; Display Size: 14.0 inches; GPU: Nvidia GeForce 940MX; Operating System: Windows 10","1.5","Intel Core i5 7200U 2.5GHz","8","256.0"
"385","Zenbook Flip","laptop","Asus","189370.89","Type: Ultrabook. Screen: Full HD / Touchscreen 1920x1080; Display Size: 13.3 inches; GPU: Intel HD Graphics 620; Operating System: Windows 10","1.1","Intel Core i7 7500U 2.7GHz","16","512.0"
"386","Thinkpad X1","laptop","Lenovo","247094.96","Type: Ultrabook. Screen: IPS Panel 2560x1440; Display Size: 14.0 inches; GPU: Intel HD Graphics 620; Operating System: Windows 10","1.13","Intel Core i7 7500U 2.7GHz","8","512.0"
"387","Ideapad 510S-13IKB","laptop","Lenovo","59445.72","Type: Notebook. Screen: IPS Panel Full HD 1920x1080; Display Size: 13.3 inches; GPU: Intel HD Graphics 620; Operating System: Windows 10","1.5","Intel Core i3 7100U 2.4GHz","4","128.0"
"388","Precision 3510","laptop","Dell","148235.32","Type: Workstation. Screen: Full HD 1920x1080; Display Size: 15.6 inches; GPU: AMD FirePro W5130M; Operating System: Windows 10","2.23","Intel Core i5 6440HQ 2.6GHz","8","500.0"
"389","Precision 5520","laptop","Dell","231177.8","Type: Workstation. Screen: IPS Panel Full HD 1920x1080; Display Size: 15.6 inches; GPU: Nvidia Quadro M1200; Operating System: Windows 10","2.0","Intel Core i7 6820HQ 2.7GHz","8","256.0"
"390","ThinkPad X1","laptop","Lenovo","271674.52","Type: 2 in 1 Convertible. Screen: Touchscreen 2560x1440; Display Size: 14.0 inches; GPU: Intel HD Graphics 620; Operating System: Windows 10","1.42","Intel Core i7 7500U 2.7GHz","16","512.0"
"391","Rog GL753VD-GC042T","laptop","Asus","112502.92","Type: Gaming. Screen: Full HD 1920x1080; Display Size: 17.3 inches; GPU: Nvidia GeForce GTX 1050; Operating System: Windows 10","3.0","Intel Core i7 7700HQ 2.8GHz","8","1000.0"
"392","Rog GL753VE-GC070T","laptop","Asus","172273.48","Type: Gaming. Screen: Full HD 1920x1080; Display Size: 17.3 inches; GPU: Nvidia GeForce GTX 1050 Ti; Operating System: Windows 10","3.0","Intel Core i7 7700HQ 2.8GHz","16","1256.0"
"393","Aspire 5","laptop","Acer","75145.24","Type: Notebook. Screen: IPS Panel 1366x768; Display Size: 15.6 inches; GPU: Nvidia GeForce MX130; Operating System: Windows 10","2.2","Intel Core i5 8250U 1.6GHz","12","1000.0"
"394","Leopard GP72M","laptop","MSI","146069.72","Type: Gaming. Screen: Full HD 1920x1080; Display Size: 17.3 inches; GPU: Nvidia GeForce GTX 1050 Ti; Operating System: Windows 10","2.7","Intel Core i7 7700HQ 2.8GHz","8","256.0"
"395","Inspiron 5567","laptop","Dell","84336.04","Type: Notebook. Screen: Full HD 1920x1080; Display Size: 15.6 inches; GPU: AMD Radeon R7 M445; Operating System: Linux","2.33","Intel Core i7 7500U 2.7GHz","8","256.0"
"396","15-BW004nv (A9-9420/4GB/256GB/Radeon","laptop","HP","54031.72","Type: Ultrabook. Screen: Full HD 1920x1080; Display Size: 15.6 inches; GPU: AMD Radeon 520; Operating System: Windows 10","1.91","AMD A9-Series 9420 3GHz","4","256.0"
"397","ThinkPad E580","laptop","Lenovo","133136.76","Type: Notebook. Screen: IPS Panel Full HD 1920x1080; Display Size: 15.6 inches; GPU: AMD Radeon RX 550; Operating System: Windows 10","2.1","Intel Core i7 8550U 1.8GHz","8","256.0"
"398","ThinkPad L470","laptop","Lenovo","101566.64","Type: Notebook. Screen: IPS Panel Full HD 1920x1080; Display Size: 14.0 inches; GPU: Intel HD Graphics 620; Operating System: Windows 10","1.9","Intel Core i5 7200U 2.5GHz","8","256.0"
"399","Precision M5520","laptop","Dell","293655.36","Type: Workstation. Screen: 4K Ultra HD / Touchscreen 3840x2160; Display Size: 15.6 inches; GPU: Nvidia Quadro M1200; Operating System: Windows 10","1.78","Intel Core i7 7700HQ 2.8GHz","8","256.0"
"400","Thinkpad X1","laptop","Lenovo","284235.0","Type: Ultrabook. Screen: IPS Panel 2560x1440; Display Size: 14.0 inches; GPU: Intel HD Graphics 620; Operating System: Windows 10","1.13","Intel Core i7 7500U 2.7GHz","16","1000.0"
"401","IdeaPad 320-15IAP","laptop","Lenovo","33133.68","Type: Notebook. Screen: 1366x768; Display Size: 15.6 inches; GPU: Intel HD Graphics 500; Operating System: Windows 10","2.2","Intel Celeron Dual Core N3350 1.1GHz","4","1000.0"
"402","FX753VD-GC461T (i7-7700HQ/16GB/1TB","laptop","Asus","165560.12","Type: Gaming. Screen: Full HD 1920x1080; Display Size: 17.3 inches; GPU: Nvidia GeForce GTX 1050; Operating System: Windows 10","2.9","Intel Core i7 7700HQ 2.8GHz","16","1256.0"
"403","ThinkPad E580","laptop","Lenovo","123926.46","Type: Notebook. Screen: IPS Panel Full HD 1920x1080; Display Size: 15.6 inches; GPU: AMD Radeon RX 550; Operating System: Windows 10","2.1","Intel Core i5 8250U 1.6GHz","8","1256.0"
"404","Aspire 7","laptop","Acer","95178.12","Type: Notebook. Screen: Full HD 1920x1080; Display Size: 15.6 inches; GPU: Nvidia GeForce GTX 1050; Operating System: Linux","2.5","Intel Core i7 7700HQ 2.8GHz","8","256.0"
"405","GE73VR 7RF","laptop","MSI","243521.72","Type: Gaming. Screen: Full HD 1920x1080; Display Size: 17.3 inches; GPU: Nvidia GeForce GTX 1070; Operating System: Windows 10","2.8","Intel Core i7 7700HQ 2.8GHz","16","1256.0"
"406","Zenbook 3","laptop","Asus","202808.44","Type: Ultrabook. Screen: Full HD 1920x1080; Display Size: 14.0 inches; GPU: Intel HD Graphics 620; Operating System: Windows 10","1.1","Intel Core i7 7500U 2.7GHz","8","512.0"
"407","Portege Z30-C-16P","laptop","Toshiba","189165.16","Type: Ultrabook. Screen: Full HD 1920x1080; Display Size: 13.3 inches; GPU: Intel HD Graphics 520; Operating System: Windows 10","1.2","Intel Core i7 6500U 2.5GHz","16","512.0"
"408","Latitude 7480","laptop","Dell","181910.4","Type: Ultrabook. Screen: Full HD 1920x1080; Display Size: 14.0 inches; GPU: Intel HD Graphics; Operating System: Windows 10","1.36","Intel Core i7 7600U 2.8GHz","8","512.0"
"409","IdeaPad 320-15ISK","laptop","Lenovo","44286.52","Type: Notebook. Screen: Full HD 1920x1080; Display Size: 15.6 inches; GPU: Intel HD Graphics 520; Operating System: Windows 10","2.2","Intel Core i3 6006U 2GHz","4","500.0"
"410","Lenovo IdeaPad","laptop","Lenovo","32965.85","Type: Notebook. Screen: 1366x768; Display Size: 11.6 inches; GPU: Intel HD Graphics 500; Operating System: Windows 10","1.15","Intel Celeron Dual Core N3350 1.1GHz","2","32.0"
"411","ThinkPad P51","laptop","Lenovo","208439.0","Type: Workstation. Screen: Full HD 1920x1080; Display Size: 15.6 inches; GPU: Nvidia Quadro M1200; Operating System: Windows 10","2.67","Intel Core i7 7700HQ 2.8GHz","8","512.0"
"412","Thinkpad T470p","laptop","Lenovo","210388.04","Type: Ultrabook. Screen: IPS Panel Full HD 2560x1440; Display Size: 14.0 inches; GPU: Nvidia GeForce GT 940MX; Operating System: Windows 10","1.7","Intel Core i7 7700HQ 2.8GHz","8","512.0"
"413","15-BS028nv (i3-6006U/4GB/1TB/Radeon","laptop","HP","50783.32","Type: Notebook. Screen: Full HD 1920x1080; Display Size: 15.6 inches; GPU: AMD Radeon 520; Operating System: Windows 10","2.1","Intel Core i3 6006U 2GHz","4","1000.0"
"414","Aspire R7","laptop","Acer","85434.0","Type: 2 in 1 Convertible. Screen: IPS Panel Full HD / Touchscreen 1920x1080; Display Size: 13.3 inches; GPU: Intel HD Graphics 520; Operating System: Windows 10","1.6","Intel Core i7 6500U 2.5GHz","8","256.0"
"415","ZenBook Flip","laptop","Asus","100483.84","Type: 2 in 1 Convertible. Screen: IPS Panel Full HD / Touchscreen 1920x1080; Display Size: 13.3 inches; GPU: Intel HD Graphics 620; Operating System: Windows 10","1.27","Intel Core i5 7200U 2.5GHz","8","256.0"
"416","Inspiron 3567","laptop","Dell","64848.89","Type: Notebook. Screen: Full HD 1920x1080; Display Size: 15.6 inches; GPU: AMD Radeon R5 M430; Operating System: Linux","2.3","Intel Core i5 7200U 2.5GHz","4","256.0"
"417","Latitude 3380","laptop","Dell","74604.92","Type: Notebook. Screen: 1366x768; Display Size: 13.3 inches; GPU: Intel HD Graphics 520; Operating System: Windows 10","1.65","Intel Core i3 6006U 2GHz","4","128.0"
"418","EliteBook 1040","laptop","HP","162420.0","Type: Ultrabook. Screen: Full HD 1920x1080; Display Size: 14.0 inches; GPU: Intel HD Graphics 520; Operating System: Windows 10","1.43","Intel Core i7 6500U 2.5GHz","8","256.0"
"419","Inspiron 3567","laptop","Dell","58465.79","Type: Notebook. Screen: 1366x768; Display Size: 15.6 inches; GPU: Intel HD Graphics 620; Operating System: Windows 10","2.14","Intel Core i5 7200U 2.5GHz","8","1000.0"
"420","ThinkPad E480","laptop","Lenovo","131601.35","Type: Ultrabook. Screen: IPS Panel Full HD 1920x1080; Display Size: 14.0 inches; GPU: AMD Radeon RX 550; Operating System: Windows 10","1.75","Intel Core i7 8550U 1.8GHz","8","256.0"
"421","Yoga 720-15IKB","laptop","Lenovo","205623.72","Type: 2 in 1 Convertible. Screen: IPS Panel 4K Ultra HD / Touchscreen 3840x2160; Display Size: 15.6 inches; GPU: Nvidia GeForce GTX 1050; Operating System: Windows 10","2.0","Intel Core i7 7700HQ 2.8GHz","16","512.0"
"422","LapBook 12.3","laptop","Chuwi","48617.72","Type: Notebook. Screen: IPS Panel Retina Display 2736x1824; Display Size: 12.3 inches; GPU: Intel HD Graphics 500; Operating System: Windows 10","1.4","Intel Celeron Quad Core N3450 1.1GHz","6","64.0"
"423","ProBook 650","laptop","HP","154515.56","Type: Notebook. Screen: Full HD 1920x1080; Display Size: 15.6 inches; GPU: Intel HD Graphics 630; Operating System: Windows 10","2.31","Intel Core i7 7820HQ 2.9GHz","8","256.0"
"424","X542UQ-DM117 (i3-7100U/8GB/1TB/GeForce","laptop","Asus","64643.16","Type: Notebook. Screen: Full HD 1920x1080; Display Size: 15.6 inches; GPU: Nvidia GeForce 940MX; Operating System: Linux","2.3","Intel Core i3 7100U 2.4GHz","8","1000.0"
"425","Alienware 17","laptop","Dell","303075.72","Type: Gaming. Screen: IPS Panel 2560x1440; Display Size: 17.3 inches; GPU: Nvidia GeForce GTX 1070; Operating System: Windows 10","4.42","Intel Core i7 7820HK 2.9GHz","16","1256.0"
"426","Inspiron 7577","laptop","Dell","125496.52","Type: Gaming. Screen: IPS Panel Full HD 1920x1080; Display Size: 15.6 inches; GPU: Nvidia GeForce GTX 1050 Ti; Operating System: Windows 10","2.62","Intel Core i7 7700HQ 2.8GHz","8","1128.0"
"427","Inspiron 5570","laptop","Dell","123699.07","Type: Notebook. Screen: Full HD 1920x1080; Display Size: 15.6 inches; GPU: AMD Radeon 530; Operating System: Windows 10","2.02","Intel Core i7 8550U 1.8GHz","8","2256.0"
"428","Latitude 5480","laptop","Dell","118999.72","Type: Ultrabook. Screen: Full HD 1920x1080; Display Size: 14.0 inches; GPU: Intel HD Graphics 620; Operating System: Linux","1.6","Intel Core i7 7600U 2.8GHz","8","256.0"
"429","Omen 17-w207nv","laptop","HP","216451.72","Type: Gaming. Screen: Full HD 1920x1080; Display Size: 17.3 inches; GPU: Nvidia GeForce GTX 1070; Operating System: Windows 10","3.35","Intel Core i7 7700HQ 2.8GHz","12","1256.0"
"430","FlexBook Edge","laptop","Mediacom","32375.72","Type: 2 in 1 Convertible. Screen: IPS Panel Full HD / Touchscreen 1920x1080; Display Size: 11.6 inches; GPU: Intel HD Graphics 500; Operating System: Windows 10","1.16","Intel Celeron Dual Core N3350 1.1GHz","4","32.0"
"431","Chromebook 3","laptop","Samsung","29127.32","Type: Netbook. Screen: 1366x768; Display Size: 11.6 inches; GPU: Intel HD Graphics 400; Operating System: Chrome OS","1.15","Intel Celeron Dual Core N3060 1.6GHz","4","16.0"
"432","Thinkpad 13","laptop","Lenovo","109362.8","Type: Notebook. Screen: IPS Panel Full HD 1920x1080; Display Size: 13.3 inches; GPU: Intel HD Graphics 620; Operating System: Windows 10","1.4","Intel Core i7 7500U 2.7GHz","8","256.0"
"433","IdeaPad 320s-14IKB","laptop","Lenovo","64859.72","Type: Notebook. Screen: IPS Panel Full HD 1920x1080; Display Size: 14.0 inches; GPU: Intel HD Graphics 620; Operating System: Windows 10","1.7","Intel Core i3 7130U 2.7GHz","4","128.0"
"434","Thinkpad T570","laptop","Lenovo","264744.6","Type: Workstation. Screen: IPS Panel 4K Ultra HD 3840x2160; Display Size: 15.6 inches; GPU: Nvidia GeForce 940MX; Operating System: Windows 10","2.3","Intel Core i7 7600U 2.8GHz","16","512.0"
"435","Thinkpad P51","laptop","Lenovo","265177.72","Type: Notebook. Screen: Full HD 1920x1080; Display Size: 15.6 inches; GPU: Nvidia Quadro M2200M; Operating System: Windows 10","2.5","Intel Core i7 7820HQ 2.9GHz","16","512.0"
"436","Rog Strix","laptop","Asus","183534.6","Type: Gaming. Screen: Full HD 1920x1080; Display Size: 17.3 inches; GPU: AMD Radeon RX 580; Operating System: Windows 10","3.2","AMD Ryzen 1600 3.2GHz","8","1256.0"
"437","15-ra044nv (N3060/4GB/500GB/W10)","laptop","HP","37573.16","Type: Notebook. Screen: 1366x768; Display Size: 15.6 inches; GPU: Intel HD Graphics 400; Operating System: Windows 10","2.1","Intel Celeron Dual Core N3060 1.6GHz","4","500.0"
"438","Pixelbook (Core","laptop","Google","238107.72","Type: Ultrabook. Screen: Touchscreen 2400x1600; Display Size: 12.3 inches; GPU: Intel HD Graphics 615; Operating System: Chrome OS","1.1","Intel Core i7 7Y75 1.3GHz","16","512.0"
"439","ThinkPad T470s","laptop","Lenovo","257922.96","Type: Ultrabook. Screen: 2560x1440; Display Size: 14.0 inches; GPU: Intel HD Graphics 620; Operating System: Windows 10","1.32","Intel Core i7 7500U 2.7GHz","24","512.0"
"440","VivoBook Max","laptop","Asus","60528.52","Type: Notebook. Screen: Full HD 1920x1080; Display Size: 15.6 inches; GPU: Intel HD Graphics 620; Operating System: Linux","2.0","Intel Core i5 7200U 2.5GHz","4","256.0"
"441","IdeaPad 320-15AST","laptop","Lenovo","56197.32","Type: Notebook. Screen: 1600x900; Display Size: 17.3 inches; GPU: AMD Radeon R4; Operating System: Windows 10","2.8","AMD A6-Series 9220 2.5GHz","8","1000.0"
"442","Inspiron 5570","laptop","Dell","81101.72","Type: Notebook. Screen: Full HD 1920x1080; Display Size: 15.6 inches; GPU: AMD Radeon 530; Operating System: Windows 10","2.2","Intel Core i5 8250U 1.6GHz","4","256.0"
"443","ThinkPad X270","laptop","Lenovo","154732.12","Type: Ultrabook. Screen: IPS Panel Full HD 1920x1080; Display Size: 12.5 inches; GPU: Intel HD Graphics 620; Operating System: Windows 10","1.36","Intel Core i5 7200U 2.5GHz","8","256.0"
"444","IdeaPad 320-15IAP","laptop","Lenovo","37789.72","Type: Notebook. Screen: Full HD 1920x1080; Display Size: 15.6 inches; GPU: Intel HD Graphics 505; Operating System: Windows 10","2.2","Intel Pentium Quad Core N4200 1.1GHz","4","128.0"
"445","Omen 15-AX205na","laptop","HP","118999.72","Type: Gaming. Screen: IPS Panel Full HD 1920x1080; Display Size: 15.6 inches; GPU: Nvidia GeForce GTX 1050; Operating System: Windows 10","2.2","Intel Core i7 7700HQ 2.8GHz","8","1128.0"
"446","Latitude 5480","laptop","Dell","127662.12","Type: Notebook. Screen: Full HD 1920x1080; Display Size: 14.0 inches; GPU: Nvidia GeForce 930MX; Operating System: Windows 10","1.64","Intel Core i5 7440HQ 2.8GHz","8","256.0"
"447","Aspire ES1-572","laptop","Acer","47838.1","Type: Notebook. Screen: 1366x768; Display Size: 15.6 inches; GPU: Intel HD Graphics 620; Operating System: Linux","2.4","Intel Core i5 7200U 2.5GHz","4","500.0"
"448","Precision 3520","laptop","Dell","215802.04","Type: Workstation. Screen: Full HD 1920x1080; Display Size: 15.6 inches; GPU: Nvidia Quadro M620; Operating System: Windows 10","2.23","Intel Xeon E3-1505M V6 3GHz","8","1064.0"
"449","GV62 7RD-1686NL","laptop","MSI","111283.69","Type: Gaming. Screen: Full HD 1920x1080; Display Size: 15.6 inches; GPU: Nvidia GeForce GTX 1050; Operating System: Windows 10","2.2","Intel Core i5 7300HQ 2.5GHz","8","256.0"
"450","Surface Laptop","laptop","Microsoft","280336.92","Type: Ultrabook. Screen: Touchscreen 2256x1504; Display Size: 13.5 inches; GPU: Intel Iris Plus Graphics 640; Operating System: Windows 10 S","1.25","Intel Core i7 7660U 2.5GHz","16","512.0"
"451","15-bs024nv (i5-7200U/8GB/128GB/W10)","laptop","HP","63776.92","Type: Notebook. Screen: 1366x768; Display Size: 15.6 inches; GPU: Intel HD Graphics 620; Operating System: Windows 10","1.91","Intel Core i5 7200U 2.5GHz","8","128.0"
"452","Precision 3520","laptop","Dell","213853.0","Type: Workstation. Screen: IPS Panel Full HD 1920x1080; Display Size: 15.6 inches; GPU: Nvidia Quadro M620; Operating System: Windows 10","2.17","Intel Core i7 6820HQ 2.7GHz","16","256.0"
"453","ProBook 650","laptop","HP","166101.52","Type: Workstation. Screen: IPS Panel Full HD 1920x1080; Display Size: 15.6 inches; GPU: Intel HD Graphics 620; Operating System: Windows 10","2.31","Intel Core i7 7820HQ 2.9GHz","8","512.0"
"454","ThinkPad T470","laptop","Lenovo","145636.6","Type: Notebook. Screen: Full HD 1920x1080; Display Size: 14.0 inches; GPU: Intel HD Graphics 620; Operating System: Windows 10","1.65","Intel Core i5 7200U 2.5GHz","8","256.0"
"455","Inspiron 5570","laptop","Dell","106006.12","Type: Notebook. Screen: Full HD 1920x1080; Display Size: 15.6 inches; GPU: AMD Radeon 530; Operating System: Windows 10","2.36","Intel Core i7 8550U 1.8GHz","8","1128.0"
"456","Inspiron 3168","laptop","Dell","51866.12","Type: 2 in 1 Convertible. Screen: Touchscreen 1366x768; Display Size: 11.6 inches; GPU: Intel HD Graphics 405; Operating System: Windows 10","1.47","Intel Pentium Quad Core N3710 1.6GHz","4","500.0"
"457","Alienware 17","laptop","Dell","221540.88","Type: Notebook. Screen: IPS Panel Full HD 1920x1080; Display Size: 17.3 inches; GPU: Nvidia GeForce GTX 1060; Operating System: Windows 10","4.42","Intel Core i7 7700HQ 2.7GHz","8","1000.0"
"458","Surface Laptop","laptop","Microsoft","107088.92","Type: Ultrabook. Screen: Touchscreen 2256x1504; Display Size: 13.5 inches; GPU: Intel HD Graphics 615; Operating System: Windows 10 S","1.252","Intel Core M m3-7Y30 2.2GHz","4","128.0"
"459","Surface Laptop","laptop","Microsoft","194795.72","Type: Ultrabook. Screen: Touchscreen 2256x1504; Display Size: 13.5 inches; GPU: Intel Iris Plus Graphics 640; Operating System: Windows 10 S","1.25","Intel Core i7 7660U 2.5GHz","8","256.0"
"460","17-BS092ND (i3-6006U/8GB/256GB/W10)","laptop","HP","69288.37","Type: Notebook. Screen: 1600x900; Display Size: 17.3 inches; GPU: Intel HD Graphics 520; Operating System: Windows 10","2.5","Intel Core i3 6006U 2GHz","8","256.0"
"461","Aspire E5-576G","laptop","Acer","58904.32","Type: Notebook. Screen: Full HD 1920x1080; Display Size: 15.6 inches; GPU: Nvidia GeForce 940MX; Operating System: Windows 10","2.23","Intel Core i3 6006U 2GHz","4","1000.0"
"462","TravelMate B","laptop","Acer","47101.8","Type: Netbook. Screen: 1366x768; Display Size: 11.6 inches; GPU: Intel HD Graphics 400; Operating System: Windows 10","1.4","Intel Celeron Dual Core N3060 1.6GHz","4","128.0"
"463","Pro P2540UA-AB51","laptop","Asus","81101.72","Type: Notebook. Screen: Full HD 1920x1080; Display Size: 15.6 inches; GPU: Intel HD Graphics 620; Operating System: Windows 10","2.37","Intel Core i5 7200U 2.5GHz","8","1000.0"
"464","IdeaPad 510s-14IKB","laptop","Lenovo","86515.72","Type: Notebook. Screen: IPS Panel Full HD 1920x1080; Display Size: 14.0 inches; GPU: AMD Radeon R7 M460; Operating System: No OS","1.5","Intel Core i7 7500U 2.7GHz","8","512.0"
"465","Thinkpad P51","laptop","Lenovo","226305.2","Type: Notebook. Screen: Full HD 1920x1080; Display Size: 15.6 inches; GPU: Nvidia Quadro M2200M; Operating System: Windows 10","2.67","Intel Core i7 7820HQ 2.9GHz","8","256.0"
"466","X541NA-PD1003Y (N4200/4GB/500GB/W10)","laptop","Asus","32917.12","Type: Notebook. Screen: 1366x768; Display Size: 15.6 inches; GPU: Intel HD Graphics 500; Operating System: Windows 10","2.0","Intel Pentium Quad Core N4200 1.1GHz","4","500.0"
"467","Aspire 5","laptop","Acer","50783.32","Type: Notebook. Screen: 1366x768; Display Size: 15.6 inches; GPU: Nvidia GeForce GTX 940MX; Operating System: Windows 10","2.2","Intel Core i3 6006U 2GHz","4","500.0"
"468","Inspiron 5570","laptop","Dell","82184.52","Type: Notebook. Screen: Full HD 1920x1080; Display Size: 15.6 inches; GPU: AMD Radeon 530; Operating System: Windows 10","2.02","Intel Core i5 8250U 1.6GHz","8","2000.0"
"469","Omen 17-an006nv","laptop","HP","183967.72","Type: Gaming. Screen: IPS Panel Full HD 1920x1080; Display Size: 17.3 inches; GPU: Nvidia GeForce GTX 1060; Operating System: Windows 10","3.78","Intel Core i7 7700HQ 2.8GHz","12","1000.0"
"470","Thinkpad T460s","laptop","Lenovo","201184.24","Type: Ultrabook. Screen: IPS Panel Quad HD+ 2560x1440; Display Size: 14.0 inches; GPU: Intel HD Graphics 520; Operating System: Windows 10","1.4","Intel Core i7 6600U 2.6GHz","12","256.0"
"471","Spectre x360","laptop","HP","216451.72","Type: 2 in 1 Convertible. Screen: IPS Panel 4K Ultra HD / Touchscreen 3840x2160; Display Size: 13.3 inches; GPU: Intel UHD Graphics 620; Operating System: Windows 10","1.29","Intel Core i7 8550U 1.8GHz","8","512.0"
"472","ZBook 15u","laptop","HP","124955.12","Type: Notebook. Screen: Full HD 1920x1080; Display Size: 15.6 inches; GPU: AMD FirePro W4190M ; Operating System: Windows 10","1.9","Intel Core i5 7200U 2.5GHz","8","500.0"
"473","Pixelbook (Core","laptop","Google","138057.0","Type: Ultrabook. Screen: Touchscreen 2400x1600; Display Size: 12.3 inches; GPU: Intel HD Graphics 615; Operating System: Chrome OS","1.1","Intel Core i5 7Y57 1.2GHz","8","128.0"
"474","Latitude 7390","laptop","Dell","199435.52","Type: Ultrabook. Screen: Full HD / Touchscreen 1920x1080; Display Size: 13.3 inches; GPU: Intel UHD Graphics 620; Operating System: Windows 10","1.42","Intel Core i5 8250U 1.6GHz","8","256.0"
"475","ZenBook Pro","laptop","Asus","140655.72","Type: Notebook. Screen: IPS Panel 4K Ultra HD 3840x2160; Display Size: 15.6 inches; GPU: Intel HD Graphics 530; Operating System: Windows 10","2.06","Intel Core i7 6700HQ 2.6GHz","12","1128.0"
"476","Latitude E5470","laptop","Dell","80127.2","Type: Notebook. Screen: 1366x768; Display Size: 14.0 inches; GPU: Intel HD Graphics 520; Operating System: Windows 10","1.79","Intel Core i3 6100U 2.3GHz","8","128.0"
"477","Precision M5520","laptop","Dell","260738.24","Type: Workstation. Screen: Full HD 1920x1080; Display Size: 15.6 inches; GPU: Nvidia Quadro M1200; Operating System: Windows 10","1.78","Intel Core i7 7700HQ 2.8GHz","8","256.0"
"478","Thinkpad T470","laptop","Lenovo","147693.92","Type: Notebook. Screen: Full HD 1920x1080; Display Size: 14.0 inches; GPU: Intel HD Graphics 620; Operating System: Windows 10","1.7","Intel Core i5 7200U 2.5GHz","8","180.0"
"479","Inspiron 3576","laptop","Dell","73089.0","Type: Notebook. Screen: Full HD 1920x1080; Display Size: 15.6 inches; GPU: AMD Radeon 520; Operating System: Windows 10","2.2","Intel Core i5 8250U 1.6GHz","8","1000.0"
"480","Portege X30-D-10J","laptop","Toshiba","181044.16","Type: Notebook. Screen: IPS Panel Full HD 1920x1080; Display Size: 13.3 inches; GPU: Intel HD Graphics 620; Operating System: Windows 10","1.05","Intel Core i5 7200U 2.5GHz","8","256.0"
"481","Inspiron 7570","laptop","Dell","136649.36","Type: Notebook. Screen: IPS Panel Full HD 1920x1080; Display Size: 15.6 inches; GPU: Nvidia GeForce 940MX; Operating System: Windows 10","2.16","Intel Core i7 8550U 1.8GHz","8","512.0"
"482","Vostro 3568","laptop","Dell","63517.05","Type: Notebook. Screen: 1366x768; Display Size: 15.6 inches; GPU: Intel HD Graphics 620; Operating System: Windows 10","2.18","Intel Core i3 7100U 2.4GHz","4","1000.0"
"483","ProBook 430","laptop","HP","78611.28","Type: Notebook. Screen: IPS Panel Full HD 1920x1080; Display Size: 13.3 inches; GPU: Intel UHD Graphics 620; Operating System: Windows 10","1.49","Intel Core i5 8250U 1.6GHz","4","128.0"
"484","Lapbook 15,6","laptop","Chuwi","26950.89","Type: Notebook. Screen: Full HD 1920x1080; Display Size: 15.6 inches; GPU: Intel HD Graphics; Operating System: Windows 10","1.89","Intel Atom x5-Z8350 1.44GHz","4","64.0"
"485","ThinkPad E570","laptop","Lenovo","61178.2","Type: Notebook. Screen: 1366x768; Display Size: 15.6 inches; GPU: Intel HD Graphics 520; Operating System: Windows 10","2.3","Intel Core i3 6006U 2.0GHz","4","128.0"
"486","ThinkPad E480","laptop","Lenovo","113585.72","Type: Notebook. Screen: IPS Panel Full HD 1920x1080; Display Size: 14.0 inches; GPU: Intel UHD Graphics 620; Operating System: Windows 10","1.75","Intel Core i5 8250U 1.6GHz","8","256.0"
"487","Precision 3520","laptop","Dell","253158.64","Type: Workstation. Screen: IPS Panel Full HD 1920x1080; Display Size: 15.6 inches; GPU: Nvidia Quadro M620; Operating System: Windows 10","2.17","Intel Core i7 6820HQ 2.7GHz","16","512.0"
"488","XPS 15","laptop","Dell","205623.72","Type: Notebook. Screen: Full HD 1920x1080; Display Size: 15.6 inches; GPU: Nvidia GeForce GTX 1050; Operating System: Windows 10","2.06","Intel Core i7 7700HQ 2.8GHz","16","512.0"
"489","Thinkpad X270","laptop","Lenovo","194687.44","Type: Ultrabook. Screen: IPS Panel Full HD 1920x1080; Display Size: 12.5 inches; GPU: Intel HD Graphics 620; Operating System: Windows 10","1.36","Intel Core i7 7500U 2.7GHz","16","512.0"
"490","Zenbook UX390UA","laptop","Asus","211146.0","Type: Ultrabook. Screen: Full HD 1920x1080; Display Size: 12.5 inches; GPU: Intel HD Graphics 620; Operating System: Windows 10","0.91","Intel Core i7 7500U 2.7GHz","16","512.0"
"491","Thinkpad E570","laptop","Lenovo","109578.28","Type: Notebook. Screen: IPS Panel Full HD 1920x1080; Display Size: 15.6 inches; GPU: Nvidia GeForce 940MX; Operating System: Windows 10","2.3","Intel Core i5 7200U 2.5GHz","8","256.0"
"492","Portege X30-D-10L","laptop","Toshiba","303075.72","Type: Ultrabook. Screen: Full HD / Touchscreen 1920x1080; Display Size: 13.3 inches; GPU: Intel HD Graphics 620; Operating System: Windows 10","1.05","Intel Core i7 7500U 2.7GHz","32","512.0"
"493","VivoBook Pro","laptop","Asus","146178.0","Type: Gaming. Screen: Full HD 1920x1080; Display Size: 15.6 inches; GPU: Nvidia GeForce GTX 1050; Operating System: Windows 10","1.99","Intel Core i7 7700HQ 2.8GHz","8","1128.0"
"494","Aspire 5","laptop","Acer","62694.12","Type: Notebook. Screen: 1366x768; Display Size: 15.6 inches; GPU: AMD Radeon RX 540; Operating System: Windows 10","2.2","AMD A10-Series 9620P 2.5GHz","8","1000.0"
"495","Rog G752VL-UH71T","laptop","Asus","137407.32","Type: Gaming. Screen: IPS Panel Full HD / Touchscreen 1920x1080; Display Size: 17.3 inches; GPU: Nvidia GeForce GTX 965M; Operating System: Windows 10","4.33","Intel Core i7 6700HQ 2.6GHz","24","1256.0"
"496","Thinkpad X260","laptop","Lenovo","118999.72","Type: Ultrabook. Screen: IPS Panel 1366x768; Display Size: 12.5 inches; GPU: Intel HD Graphics 520; Operating System: Windows 10","1.3","Intel Core i5 6200U 2.3GHz","8","180.0"
"497","Ideapad 520-15IKBR","laptop","Lenovo","97332.89","Type: Notebook. Screen: Full HD 1920x1080; Display Size: 15.6 inches; GPU: Intel UHD Graphics 620; Operating System: Windows 10","2.17","Intel Core i7 8550U 1.8GHz","8","256.0"
"498","EliteBook 840","laptop","HP","189381.72","Type: Notebook. Screen: Full HD 1920x1080; Display Size: 14.0 inches; GPU: Intel HD Graphics 620; Operating System: Windows 10","1.48","Intel Core i7 7600U 2.8GHz","8","1000.0"
"499","ThinkPad 13","laptop","Lenovo","102757.72","Type: Notebook. Screen: IPS Panel Full HD 1920x1080; Display Size: 13.3 inches; GPU: Intel HD Graphics 620; Operating System: Windows 10","1.4","Intel Core i3 7100U 2.4GHz","8","256.0"
"500","ThinkPad L570","laptop","Lenovo","98643.08","Type: Notebook. Screen: IPS Panel Full HD 1920x1080; Display Size: 15.6 inches; GPU: Intel HD Graphics 620; Operating System: Windows 10","2.3","Intel Core i5 7200U 2.5GHz","8","256.0"
"501","VivoBook E201NA","laptop","Asus","36815.2","Type: Netbook. Screen: 1366x768; Display Size: 11.6 inches; GPU: Intel HD Graphics 500; Operating System: Windows 10 S","1.2","Intel Celeron Dual Core N3350 1.1GHz","4","64.0"
"502","15-BS026nv (i5-7200U/8GB/256GB/Radeon","laptop","HP","67024.24","Type: Notebook. Screen: 1366x768; Display Size: 15.6 inches; GPU: AMD Radeon 520; Operating System: Windows 10","1.91","Intel Core i5 7200U 2.5GHz","8","256.0"
"503","Yoga 920-13IKB","laptop","Lenovo","173139.72","Type: 2 in 1 Convertible. Screen: IPS Panel Full HD / Touchscreen 1920x1080; Display Size: 13.9 inches; GPU: Intel UHD Graphics 620; Operating System: Windows 10","1.4","Intel Core i5 8250U 1.6GHz","8","256.0"
"504","IdeaPad 320-14IAP","laptop","Lenovo","32375.72","Type: Notebook. Screen: 1366x768; Display Size: 14.0 inches; GPU: Intel HD Graphics 500; Operating System: Windows 10","2.1","Intel Celeron Dual Core N3350 1.1GHz","4","500.0"
"505","Chromebook N23","laptop","Lenovo","28694.2","Type: Netbook. Screen: 1366x768; Display Size: 11.6 inches; GPU: Intel HD Graphics 400; Operating System: Chrome OS","1.25","Intel Celeron Dual Core N3060 1.6GHz","4","16.0"
"506","ThinkPad 13","laptop","Lenovo","102757.72","Type: Notebook. Screen: Full HD 1920x1080; Display Size: 13.3 inches; GPU: Intel HD Graphics 620; Operating System: Windows 10","1.44","Intel Core i5 7200U 2.5GHz","8","256.0"
"507","ZenBook UX510UX-CN211T","laptop","Asus","132534.72","Type: Notebook. Screen: Full HD 1920x1080; Display Size: 15.6 inches; GPU: Intel HD Graphics 620; Operating System: Windows 10","2.0","Intel Core i7 7500U 2.7GHz","8","1256.0"
"508","Aspire A515-51G-59QF","laptop","Acer","66375.64","Type: Notebook. Screen: IPS Panel Full HD 1920x1080; Display Size: 15.6 inches; GPU: Nvidia GeForce MX150; Operating System: Windows 10","2.2","Intel Core i5 8250U 1.6GHz","4","1000.0"
"509","Envy 13-AB002nv","laptop","HP","143254.44","Type: Ultrabook. Screen: IPS Panel Full HD 1920x1080; Display Size: 13.3 inches; GPU: Intel HD Graphics 620; Operating System: Windows 10","1.34","Intel Core i7 7500U 2.7GHz","8","512.0"
"510","Legion Y520-15IKBN","laptop","Lenovo","124413.72","Type: Gaming. Screen: IPS Panel Full HD 1920x1080; Display Size: 15.6 inches; GPU: Nvidia GeForce GTX 1060; Operating System: No OS","2.4","Intel Core i7 7700HQ 2.8GHz","8","1256.0"
"511","XPS 13","laptop","Dell","97343.72","Type: Ultrabook. Screen: IPS Panel Full HD / Touchscreen 1920x1080; Display Size: 13.3 inches; GPU: Intel HD Graphics 620; Operating System: Windows 10","1.29","Intel Core i5 7200U 2.5GHz","8","128.0"
"512","Aspire A515-51G","laptop","Acer","69190.92","Type: Notebook. Screen: Full HD 1920x1080; Display Size: 15.6 inches; GPU: Nvidia GeForce 940MX; Operating System: Windows 10","2.2","Intel Core i7 7500U 2.7GHz","4","500.0"
"513","Vostro 5568","laptop","Dell","90522.08","Type: Notebook. Screen: Full HD 1920x1080; Display Size: 15.6 inches; GPU: Intel HD Graphics 620; Operating System: Windows 10","2.18","Intel Core i5 7200U 2.5GHz","8","1000.0"
"514","Inspiron 5570","laptop","Dell","132019.31","Type: Notebook. Screen: Full HD 1920x1080; Display Size: 15.6 inches; GPU: AMD Radeon 530; Operating System: Windows 10","2.2","Intel Core i7 8550U 1.8GHz","16","2256.0"
"515","Mi Notebook","laptop","Xiaomi","151586.59","Type: Notebook. Screen: IPS Panel Full HD 1920x1080; Display Size: 15.6 inches; GPU: Nvidia GeForce MX150; Operating System: No OS","1.95","Intel Core i7 8550U 1.8GHz","16","256.0"
"516","VivoBook E12","laptop","Asus","26528.6","Type: Netbook. Screen: 1366x768; Display Size: 11.6 inches; GPU: Intel HD Graphics 500; Operating System: Windows 10","1.1","Intel Celeron Dual Core N3350 1.1GHz","2","32.0"
"517","15-bs190od (i5-8250U/4GB/1TB/W10)","laptop","HP","56464.77","Type: Notebook. Screen: Touchscreen 1366x768; Display Size: 15.6 inches; GPU: Intel UHD Graphics 620; Operating System: Windows 10","2.04","Intel Core i5 8250U 1.6GHz","4","1000.0"
"518","ROG Zephyrus","laptop","Asus","321375.04","Type: Gaming. Screen: Full HD 1920x1080; Display Size: 15.6 inches; GPU: Nvidia GeForce GTX1080; Operating System: Windows 10","2.24","Intel Core i7 7700HQ 2.8GHz","24","512.0"
"519","Probook 450","laptop","HP","96260.92","Type: Notebook. Screen: Full HD 1920x1080; Display Size: 15.6 inches; GPU: Nvidia GeForce 930MX; Operating System: Windows 10","2.04","Intel Core i5 7200U 2.5GHz","8","256.0"
"520","FX753VE-GC155T (i7-7700HQ/16GB/1TB","laptop","Asus","162853.12","Type: Gaming. Screen: Full HD 1920x1080; Display Size: 17.3 inches; GPU: Nvidia GeForce GTX1050 Ti; Operating System: Windows 10","3.0","Intel Core i7 7700HQ 2.8GHz","16","1256.0"
"521","Legion Y720-15IKB","laptop","Lenovo","151483.72","Type: Gaming. Screen: IPS Panel Full HD 1920x1080; Display Size: 15.6 inches; GPU: Nvidia GeForce GTX 1060; Operating System: Windows 10","3.2","Intel Core i7 7700HQ 2.8GHz","8","1256.0"
"522","Spectre X360","laptop","HP","151483.72","Type: Ultrabook. Screen: IPS Panel Full HD 1920x1080; Display Size: 13.3 inches; GPU: Intel HD Graphics 620; Operating System: Windows 10","1.32","Intel Core i7 7500U 2.7GHz","8","256.0"
"523","Latitude 5480","laptop","Dell","138569.16","Type: Notebook. Screen: Full HD 1920x1080; Display Size: 14.0 inches; GPU: Intel HD Graphics 620; Operating System: Windows 10","1.64","Intel Core i5 7300U 2.6GHz","8","256.0"
"524","ProBook 440","laptop","HP","74604.92","Type: Notebook. Screen: 1366x768; Display Size: 15.6 inches; GPU: Intel HD Graphics 520; Operating System: Windows 10","1.63","Intel Core i3 6006U 2GHz","4","128.0"
"525","Inspiron 5770","laptop","Dell","96260.92","Type: Notebook. Screen: IPS Panel Full HD 1920x1080; Display Size: 17.3 inches; GPU: AMD Radeon 530; Operating System: Linux","2.8","Intel Core i5 8250U 1.6GHz","8","1128.0"
"526","ThinkPad L470","laptop","Lenovo","145095.2","Type: Notebook. Screen: Full HD 1920x1080; Display Size: 14.0 inches; GPU: Intel HD Graphics 520; Operating System: Windows 7","2.02","Intel Core i5 6200U 2.3GHz","8","256.0"
"527","IdeaPad 320-15IKB","laptop","Lenovo","86515.72","Type: Notebook. Screen: Full HD 1920x1080; Display Size: 15.6 inches; GPU: Nvidia GeForce 920MX; Operating System: Windows 10","2.2","Intel Core i7 7500U 2.7GHz","4","1000.0"
"528","IdeaPad 320-15ISK","laptop","Lenovo","49700.52","Type: Notebook. Screen: 1366x768; Display Size: 15.6 inches; GPU: Nvidia GeForce 920MX ; Operating System: No OS","2.2","Intel Core i3 6006U 2GHz","8","2000.0"
"529","Inspiron 3567","laptop","Dell","63343.8","Type: Notebook. Screen: Full HD 1920x1080; Display Size: 15.6 inches; GPU: AMD Radeon R5 M430; Operating System: Windows 10","2.3","Intel Core i5 7200U 2.5GHz","4","500.0"
"530","Latitude 5580","laptop","Dell","149101.56","Type: Notebook. Screen: Full HD 1920x1080; Display Size: 15.6 inches; GPU: Intel HD Graphics 620; Operating System: Windows 10","1.9","Intel Core i5 7440HQ 2.8GHz","8","256.0"
"531","Alienware 17","laptop","Dell","326222.74","Type: Gaming. Screen: IPS Panel Full HD 1920x1080; Display Size: 17.3 inches; GPU: Nvidia GeForce GTX 1070; Operating System: Windows 10","4.42","Intel Core i7 7700HQ 2.8GHz","16","1128.0"
"532","Satellite Pro","laptop","Toshiba","93120.8","Type: Notebook. Screen: IPS Panel Full HD 1920x1080; Display Size: 15.6 inches; GPU: Intel HD Graphics 620; Operating System: Windows 10","2.0","Intel Core i5 7200U 2.5GHz","8","500.0"
"533","Zenbook UX510UW-FI095T","laptop","Asus","140655.72","Type: Notebook. Screen: IPS Panel 4K Ultra HD 3840x2160; Display Size: 15.6 inches; GPU: Nvidia GeForce GTX 960M; Operating System: Windows 10","2.0","Intel Core i7 7500U 2.7GHz","8","1256.0"
"534","SmartBook Edge","laptop","Mediacom","39955.32","Type: Notebook. Screen: IPS Panel Full HD 1920x1080; Display Size: 13.3 inches; GPU: Intel HD Graphics 500; Operating System: Windows 10","1.2","Intel Celeron Quad Core N3450 1.1GHz","4","32.0"
"535","ROG Strix","laptop","Asus","178553.72","Type: Gaming. Screen: IPS Panel Full HD 1920x1080; Display Size: 15.6 inches; GPU: Nvidia GeForce GTX 1060; Operating System: Windows 10","2.3","Intel Core i5 7300HQ 2.5GHz","8","1128.0"
"536","Latitude 5580","laptop","Dell","148235.32","Type: Notebook. Screen: Full HD 1920x1080; Display Size: 15.6 inches; GPU: Nvidia GeForce 930MX; Operating System: Windows 10","1.93","Intel Core i7 7600U 2.8GHz","8","256.0"
"537","Inspiron 5570","laptop","Dell","86343.55","Type: Notebook. Screen: Full HD 1920x1080; Display Size: 15.6 inches; GPU: AMD Radeon 530; Operating System: Windows 10","2.2","Intel Core i5 8250U 1.6GHz","8","256.0"
"538","250 G6","laptop","HP","43202.64","Type: Notebook. Screen: Full HD 1920x1080; Display Size: 15.6 inches; GPU: Intel HD Graphics 405; Operating System: Windows 10","1.86","Intel Pentium Quad Core N3710 1.6GHz","4","256.0"
"539","Omen 15-ce006nv","laptop","HP","194795.72","Type: Gaming. Screen: Full HD 1920x1080; Display Size: 17.3 inches; GPU: Nvidia GeForce GTX 1060; Operating System: Windows 10","2.62","Intel Core i7 7700HQ 2.8GHz","12","1000.0"
"540","Thinkpad E470","laptop","Lenovo","93012.52","Type: Notebook. Screen: IPS Panel Full HD 1920x1080; Display Size: 14.0 inches; GPU: Nvidia GeForce 940MX; Operating System: Windows 10","1.87","Intel Core i7 7500U 2.7GHz","8","256.0"
"541","XPS 13","laptop","Dell","151483.72","Type: Ultrabook. Screen: Quad HD+ / Touchscreen 3200x1800; Display Size: 13.3 inches; GPU: Intel UHD Graphics 620; Operating System: Windows 10","1.2","Intel Core i7 8550U 1.8GHz","8","256.0"
"542","Vostro 5468","laptop","Dell","79680.0","Type: Notebook. Screen: Full HD 1920x1080; Display Size: 14.0 inches; GPU: Intel HD Graphics 520; Operating System: Windows 10","1.6","Intel Core i3 6006U 2GHz","4","128.0"
"543","Envy 13-AB020nr","laptop","HP","123980.6","Type: Ultrabook. Screen: IPS Panel Quad HD+ 3200x1800; Display Size: 13.3 inches; GPU: Intel HD Graphics 620; Operating System: Windows 10","1.34","Intel Core i7 7500U 2.7GHz","8","256.0"
"544","Aspire 7","laptop","Acer","86407.44","Type: Gaming. Screen: Full HD 1920x1080; Display Size: 15.6 inches; GPU: Nvidia GeForce GTX 1050; Operating System: Linux","2.4","Intel Core i5 7300HQ 2.5GHz","8","1000.0"
"545","VivoBook X540YA-XX519T","laptop","Asus","37789.72","Type: Notebook. Screen: 1366x768; Display Size: 15.6 inches; GPU: AMD Radeon R2 Graphics; Operating System: Windows 10","2.0","AMD E-Series 7110 1.8GHz","4","500.0"
"546","ProBook 450","laptop","HP","76391.54","Type: Notebook. Screen: Full HD 1920x1080; Display Size: 15.6 inches; GPU: Intel HD Graphics 620; Operating System: Windows 10","2.1","Intel Core i3 7100U 2.4GHz","4","128.0"
"547","ThinkPad E470","laptop","Lenovo","84999.8","Type: Notebook. Screen: Full HD 1920x1080; Display Size: 14.0 inches; GPU: Intel HD Graphics 620; Operating System: Windows 10","1.87","Intel Core i5 7200U 2.5GHz","4","500.0"
"548","V310-15ISK (i5-6200U/4GB/1TB/FHD/No","laptop","Lenovo","50063.26","Type: Notebook. Screen: Full HD 1920x1080; Display Size: 15.6 inches; GPU: Intel HD Graphics 520; Operating System: No OS","2.15","Intel Core i5 6200U 2.3GHz","4","1000.0"
"549","250 G6","laptop","HP","42987.16","Type: Notebook. Screen: Full HD 1920x1080; Display Size: 15.6 inches; GPU: Intel HD Graphics 520; Operating System: Windows 10","1.86","Intel Core i3 6006U 2GHz","4","500.0"
"550","ThinkPad T570","laptop","Lenovo","187216.12","Type: Notebook. Screen: IPS Panel Full HD 1920x1080; Display Size: 15.6 inches; GPU: Intel HD Graphics 620; Operating System: Windows 10","1.99","Intel Core i7 7500U 2.7GHz","8","512.0"
"551","IdeaPad 320-15ISK","laptop","Lenovo","54031.72","Type: Notebook. Screen: Full HD 1920x1080; Display Size: 15.6 inches; GPU: Intel HD Graphics 520; Operating System: Windows 10","2.2","Intel Core i3 6006U 2GHz","4","128.0"
"552","Latitude 5580","laptop","Dell","120947.68","Type: Notebook. Screen: Full HD 1920x1080; Display Size: 15.6 inches; GPU: Intel HD Graphics 620; Operating System: Windows 10","1.9","Intel Core i5 7200U 2.5GHz","8","256.0"
"553","Alienware 17","laptop","Dell","292247.72","Type: Gaming. Screen: IPS Panel Full HD 1920x1080; Display Size: 17.3 inches; GPU: Nvidia GeForce GTX 1070; Operating System: Windows 10","4.42","Intel Core i7 7700HQ 2.8GHz","16","1256.0"
"554","17-X047na (i3-6006U/8GB/1TB/W10)","laptop","HP","58920.56","Type: Notebook. Screen: 1600x900; Display Size: 17.3 inches; GPU: Intel HD Graphics 520; Operating System: Windows 10","2.65","Intel Core i3 6006U 2GHz","8","1000.0"
"555","ProBook 470","laptop","HP","138598.4","Type: Notebook. Screen: Full HD 1920x1080; Display Size: 17.3 inches; GPU: Nvidia GeForce 930MX; Operating System: Windows 10","2.63","Intel Core i7 7500U 2.7GHz","8","1000.0"
"556","A541NA-GO342 (N3350/4GB/500GB/Linux)","laptop","Asus","24254.72","Type: Notebook. Screen: 1366x768; Display Size: 15.6 inches; GPU: Intel HD Graphics 500; Operating System: Linux","2.0","Intel Celeron Dual Core N3350 1.1GHz","4","500.0"
"557","SmartBook 130","laptop","Mediacom","27611.4","Type: Notebook. Screen: IPS Panel Full HD 1920x1080; Display Size: 13.3 inches; GPU: Intel HD Graphics; Operating System: Windows 10","1.35","Intel Atom x5-Z8350 1.44GHz","4","32.0"
"558","IdeaPad 320-17IKB","laptop","Lenovo","102757.72","Type: Notebook. Screen: 1600x900; Display Size: 17.3 inches; GPU: Nvidia GeForce 940MX; Operating System: Windows 10","2.8","Intel Core i7 7500U 2.7GHz","6","1128.0"
"559","15-bw007nv (A10-9620P/6GB/128GB/Radeon","laptop","HP","61600.49","Type: Notebook. Screen: IPS Panel Full HD 1920x1080; Display Size: 15.6 inches; GPU: AMD Radeon 530; Operating System: Windows 10","1.91","AMD A10-Series A10-9620P 2.5GHz","6","128.0"
"560","Vostro 3568","laptop","Dell","66906.21","Type: Notebook. Screen: 1366x768; Display Size: 15.6 inches; GPU: AMD Radeon R5 M420; Operating System: Windows 10","2.18","Intel Core i3 6006U 2GHz","4","1000.0"
"561","Spin SP111-31","laptop","Acer","37789.72","Type: 2 in 1 Convertible. Screen: IPS Panel Full HD / Touchscreen 1920x1080; Display Size: 11.6 inches; GPU: Intel HD Graphics 500; Operating System: Windows 10","1.25","Intel Celeron Dual Core N3350 2.0GHz","4","32.0"
"562","V330-15IKB (i3-7130U/4GB/128GB/FHD/W10)","laptop","Lenovo","68216.4","Type: Notebook. Screen: Full HD 1920x1080; Display Size: 15.6 inches; GPU: Intel HD Graphics 620; Operating System: Windows 10","2.05","Intel Core i3 7130U 2.7GHz","4","128.0"
"563","EliteBook 1030","laptop","HP","212770.2","Type: Ultrabook. Screen: IPS Panel Quad HD+ / Touchscreen 3200x1800; Display Size: 13.3 inches; GPU: Intel HD Graphics 515; Operating System: Windows 10","1.16","Intel Core M 6Y75 1.2GHz","16","512.0"
"564","Thinkpad P71","laptop","Lenovo","324731.72","Type: Notebook. Screen: IPS Panel Full HD 1920x1080; Display Size: 17.3 inches; GPU: Nvidia Quadro M620M; Operating System: Windows 10","3.4","Intel Core i7 7700HQ 2.8GHz","8","256.0"
"565","FX553VD-DM627T (i5-7300HQ/8GB/1TB","laptop","Asus","90846.92","Type: Notebook. Screen: Full HD 1920x1080; Display Size: 15.6 inches; GPU: Nvidia GeForce GTX 1050; Operating System: Windows 10","2.5","Intel Core i5 7300HQ 2.5GHz","8","1128.0"
"566","XPS 13","laptop","Dell","173139.72","Type: Ultrabook. Screen: IPS Panel 4K Ultra HD / Touchscreen 3840x2160; Display Size: 13.3 inches; GPU: Intel UHD Graphics 620; Operating System: Windows 10","1.21","Intel Core i5 8250U 1.6GHz","8","128.0"
"567","Latitude 5580","laptop","Dell","103840.52","Type: Notebook. Screen: 1366x768; Display Size: 15.6 inches; GPU: Intel HD Graphics 620; Operating System: Windows 10","1.93","Intel Core i5 7300U 2.6GHz","4","500.0"
"568","Lifebook A557","laptop","Fujitsu","80018.92","Type: Notebook. Screen: 1366x768; Display Size: 15.6 inches; GPU: Intel HD Graphics 620; Operating System: Windows 10","2.2","Intel Core i5 7200U 2.5GHz","8","1000.0"
"569","IdeaPad 320-15IAP","laptop","Lenovo","37248.32","Type: Notebook. Screen: Full HD 1920x1080; Display Size: 15.6 inches; GPU: Intel HD Graphics 505; Operating System: Windows 10","2.2","Intel Pentium Quad Core N4200 1.1GHz","4","500.0"
"570","ThinkPad L470","laptop","Lenovo","107197.2","Type: Notebook. Screen: 1366x768; Display Size: 14.0 inches; GPU: Intel HD Graphics 620; Operating System: Windows 10","2.02","Intel Core i5 7200U 2.5GHz","4","500.0"
"571","ZBook 17","laptop","HP","201508.0","Type: Workstation. Screen: 1600x900; Display Size: 17.3 inches; GPU: Nvidia Quadro M1200; Operating System: Windows 10","3.14","Intel Core i5 7440HQ 2.8GHz","8","500.0"
"572","14-am079na (N3710/8GB/2TB/W10)","laptop","HP","42120.92","Type: Notebook. Screen: 1366x768; Display Size: 14.0 inches; GPU: Intel HD Graphics 405; Operating System: Windows 10","1.94","Intel Pentium Quad Core N3710 1.6GHz","8","2000.0"
"573","15-cd005nv (A9-9420/6GB/256GB/Radeon","laptop","HP","70273.72","Type: Notebook. Screen: IPS Panel Full HD 1920x1080; Display Size: 15.6 inches; GPU: AMD Radeon 530; Operating System: Windows 10","1.95","AMD A9-Series A9-9420 3GHz","6","256.0"
"574","Thinkpad E570","laptop","Lenovo","89872.4","Type: Notebook. Screen: Full HD 1920x1080; Display Size: 15.6 inches; GPU: Intel HD Graphics 620; Operating System: Windows 10","2.3","Intel Core i5 7200U 2.5GHz","8","256.0"
"575","V330-15IKB (i5-8250U/4GB/500GB/FHD/W10)","laptop","Lenovo","74171.8","Type: Notebook. Screen: Full HD 1920x1080; Display Size: 15.6 inches; GPU: Intel HD Graphics 620; Operating System: Windows 10","2.05","Intel Core i5 8250U 1.6GHz","4","500.0"
"576","SmartBook 141","laptop","Mediacom","26961.72","Type: Notebook. Screen: Full HD 1920x1080; Display Size: 14.0 inches; GPU: Intel HD Graphics; Operating System: Windows 10","1.4","Intel Atom x5-Z8350 1.44GHz","4","32.0"
"577","Tecra X40-D-10H","laptop","Toshiba","201942.2","Type: Ultrabook. Screen: Full HD / Touchscreen 1920x1080; Display Size: 14.0 inches; GPU: Intel HD Graphics 620; Operating System: Windows 10","1.24","Intel Core i7 7500U 2.7GHz","16","512.0"
"578","IdeaPad Y910-17ISK","laptop","Lenovo","288349.64","Type: Gaming. Screen: IPS Panel Full HD 1920x1080; Display Size: 17.3 inches; GPU: Nvidia GeForce GTX 1070; Operating System: Windows 10","4.6","Intel Core i7 6820HK 2.7GHz","32","1256.0"
"579","GT73VR Titan","laptop","MSI","295496.12","Type: Gaming. Screen: Full HD 1920x1080; Display Size: 17.3 inches; GPU: Nvidia GeForce GTX 1070; Operating System: Windows 10","4.14","Intel Core i7 7820HK 2.9GHz","16","1512.0"
"580","Inspiron 3567","laptop","Dell","81102.8","Type: Notebook. Screen: Full HD 1920x1080; Display Size: 15.6 inches; GPU: AMD Radeon R5 M430; Operating System: Linux","2.2","Intel Core i7 7500U 2.7GHz","8","256.0"
"581","SmartBook Edge","laptop","Mediacom","42120.92","Type: Notebook. Screen: IPS Panel Full HD 1920x1080; Display Size: 14.0 inches; GPU: Intel HD Graphics 500; Operating System: Windows 10","1.45","Intel Celeron Quad Core N3450 1.1GHz","4","32.0"
"582","Latitude 5580","laptop","Dell","109202.55","Type: Notebook. Screen: 1366x768; Display Size: 15.6 inches; GPU: Intel HD Graphics 620; Operating System: Windows 10","1.9","Intel Core i5 7300U 2.6GHz","8","500.0"
"583","ProBook 430","laptop","HP","77853.32","Type: Notebook. Screen: Full HD 1920x1080; Display Size: 13.3 inches; GPU: Intel HD Graphics 620; Operating System: Windows 10","1.49","Intel Core i3 7100U 2.4GHz","4","128.0"
"584","Latitude 5580","laptop","Dell","166468.59","Type: Notebook. Screen: Full HD 1920x1080; Display Size: 15.6 inches; GPU: Nvidia GeForce 930MX; Operating System: Windows 10","1.93","Intel Core i7 7600U 2.8GHz","16","256.0"
"585","Chromebook 11","laptop","Dell","31942.6","Type: Netbook. Screen: 1366x768; Display Size: 11.6 inches; GPU: Intel HD Graphics 400; Operating System: Chrome OS","1.26","Intel Celeron Dual Core N3060 1.6GHz","4","16.0"
"586","GT80S 6QE","laptop","MSI","254349.72","Type: Gaming. Screen: Full HD 1920x1080; Display Size: 17.3 inches; GPU: Nvidia GeForce GTX 980M; Operating System: Windows 10","4.5","Intel Core i7 6820HK 2.7GHz","16","1128.0"
"587","Omen 17-AN010nv","laptop","HP","162203.44","Type: Gaming. Screen: IPS Panel Full HD 1920x1080; Display Size: 17.3 inches; GPU: Nvidia GeForce GTX 1050; Operating System: Windows 10","3.78","Intel Core i7 7700HQ 2.8GHz","16","1256.0"
"588","Thinkpad T460s","laptop","Lenovo","181152.44","Type: Ultrabook. Screen: IPS Panel Full HD 1920x1080; Display Size: 14.0 inches; GPU: Intel HD Graphics 520; Operating System: Windows 10","1.4","Intel Core i7 6600U 2.6GHz","12","256.0"
"589","Ideapad 320-15IKBR","laptop","Lenovo","65942.52","Type: Notebook. Screen: Touchscreen 1366x768; Display Size: 15.6 inches; GPU: Intel HD Graphics 620; Operating System: Windows 10","2.2","Intel Core i7 8550U 1.8GHz","12","1000.0"
"590","ROG Strix","laptop","Asus","191655.6","Type: Gaming. Screen: IPS Panel Full HD 1920x1080; Display Size: 17.3 inches; GPU: Nvidia GeForce GTX 1060; Operating System: Windows 10","2.73","Intel Core i5 7300HQ 2.5GHz","8","1128.0"
"591","TP501UA-CJ131T (i5-7200U/8GB/1TB/W10)","laptop","Asus","80018.92","Type: 2 in 1 Convertible. Screen: Touchscreen 1366x768; Display Size: 15.6 inches; GPU: Intel HD Graphics 520; Operating System: Windows 10","2.2","Intel Core i5 7200U 2.5GHz","8","1000.0"
"592","IdeaPad 320-15ABR","laptop","Lenovo","102757.72","Type: Notebook. Screen: Full HD 1920x1080; Display Size: 15.6 inches; GPU: AMD Radeon 530; Operating System: Windows 10","2.2","AMD A12-Series 9720P 3.6GHz","12","512.0"
"593","Inspiron 3179","laptop","Dell","65292.84","Type: 2 in 1 Convertible. Screen: Touchscreen 1366x768; Display Size: 11.6 inches; GPU: Intel HD Graphics 615; Operating System: Windows 10","1.39","Intel Core M 7Y30 1.0GHz","4","128.0"
"594","Notebook Odyssey","laptop","Samsung","183967.72","Type: Notebook. Screen: Full HD 1920x1080; Display Size: 15.6 inches; GPU: Nvidia GeForce GTX 1050; Operating System: Windows 10","2.5","Intel Core i7 7700HQ 2.8GHz","16","1128.0"
"595","V320-17ISK (i3-6006U/4GB/500GB/FHD/No","laptop","Lenovo","57280.12","Type: Notebook. Screen: Full HD 1920x1080; Display Size: 17.3 inches; GPU: Intel HD Graphics 520; Operating System: No OS","2.8","Intel Core i3 6006U 2GHz","4","500.0"
"596","IdeaPad 110-15ISK","laptop","Lenovo","49700.52","Type: Notebook. Screen: 1366x768; Display Size: 15.6 inches; GPU: Intel HD Graphics 520; Operating System: Windows 10","2.29","Intel Core i3 6100U 2.3GHz","8","1000.0"
"597","ThinkPad Yoga","laptop","Lenovo","219267.0","Type: 2 in 1 Convertible. Screen: IPS Panel Full HD / Touchscreen 1920x1080; Display Size: 13.3 inches; GPU: Intel HD Graphics 620; Operating System: Windows 10","1.37","Intel Core i7 7500U 2.7GHz","8","512.0"
"598","Thinkpad T470p","laptop","Lenovo","159604.72","Type: Notebook. Screen: IPS Panel Full HD 1920x1080; Display Size: 14.0 inches; GPU: Intel HD Graphics 630; Operating System: Windows 10","1.7","Intel Core i5 7300HQ 2.5GHz","8","256.0"
"599","Latitude 5289","laptop","Dell","180827.6","Type: 2 in 1 Convertible. Screen: Full HD / Touchscreen 1920x1080; Display Size: 12.5 inches; GPU: Intel HD Graphics 620; Operating System: Windows 10","1.34","Intel Core i5 7200U 2.5GHz","8","256.0"
"600","Precision 3520","laptop","Dell","190897.64","Type: Workstation. Screen: Full HD / Touchscreen 1920x1080; Display Size: 15.6 inches; GPU: Nvidia Quadro M620; Operating System: Windows 10","2.06","Intel Core i7 7700HQ 2.8GHz","8","256.0"
"601","EliteBook 850","laptop","HP","131993.32","Type: Notebook. Screen: Full HD 1920x1080; Display Size: 15.6 inches; GPU: Intel HD Graphics 620; Operating System: Windows 10","1.84","Intel Core i7 7500U 2.7GHz","8","256.0"
"602","ProBook 450","laptop","HP","72383.01","Type: Notebook. Screen: 1366x768; Display Size: 15.6 inches; GPU: Intel HD Graphics 620; Operating System: Windows 10","2.1","Intel Core i3 7100U 2.4GHz","4","500.0"
"603","Aspire 1","laptop","Acer","35624.12","Type: Notebook. Screen: Full HD 1920x1080; Display Size: 14.0 inches; GPU: Intel HD Graphics 500; Operating System: Windows 10","1.6","Intel Celeron Quad Core N3450 1.1GHz","4","32.0"
"604","Laptop MSI","laptop","MSI","238107.72","Type: Gaming. Screen: Full HD 1920x1080; Display Size: 17.3 inches; GPU: Nvidia GeForce GTX 970M; Operating System: Windows 10","4.14","Intel Core i7 6820HK 2.7GHz","16","1128.0"
"605","Vostro 3568","laptop","Dell","50350.2","Type: Notebook. Screen: 1366x768; Display Size: 15.6 inches; GPU: AMD Radeon R5 M420; Operating System: Linux","2.18","Intel Core i3 6006U 2GHz","4","1000.0"
"606","GS63VR 7RF","laptop","MSI","248935.72","Type: Gaming. Screen: 4K Ultra HD 3840x2160; Display Size: 15.6 inches; GPU: Nvidia GeForce GTX 1060; Operating System: Windows 10","1.8","Intel Core i7 7700HQ 2.8GHz","16","2256.0"
"607","Tecra Z50-C-144","laptop","Toshiba","151483.72","Type: Notebook. Screen: IPS Panel Full HD 1920x1080; Display Size: 15.6 inches; GPU: Intel HD Graphics 520; Operating System: Windows 10","2.2","Intel Core i7 6500U 2.5GHz","8","256.0"
"608","IdeaPad 310-15IKB","laptop","Lenovo","61069.92","Type: Notebook. Screen: Full HD 1920x1080; Display Size: 15.6 inches; GPU: Intel HD Graphics 620; Operating System: Windows 10","2.4","Intel Core i5 7200U 2.5GHz","6","1000.0"
"609","Yoga 720-15IKB","laptop","Lenovo","140655.72","Type: 2 in 1 Convertible. Screen: IPS Panel Full HD / Touchscreen 1920x1080; Display Size: 15.6 inches; GPU: Intel HD Graphics 630; Operating System: Windows 10","2.0","Intel Core i7 7700HQ 2.8GHz","8","256.0"
"610","Swift SF114-31-P5HY","laptop","Acer","37789.72","Type: Notebook. Screen: 1366x768; Display Size: 14.0 inches; GPU: Intel HD Graphics 405; Operating System: Windows 10","1.6","Intel Pentium Quad Core N3710 1.6GHz","4","128.0"
"611","Thinkpad P51","laptop","Lenovo","530463.72","Type: Notebook. Screen: IPS Panel 4K Ultra HD 3840x2160; Display Size: 15.6 inches; GPU: Nvidia Quadro M2200M; Operating System: Windows 10","2.5","Intel Xeon E3-1535M v6 3.1GHz","32","1000.0"
"612","Inspiron 7559","laptop","Dell","95179.2","Type: Gaming. Screen: Full HD 1920x1080; Display Size: 15.6 inches; GPU: Nvidia GeForce GTX 960<U+039C>; Operating System: Windows 10","2.59","Intel Core i7 6700HQ 2.6GHz","16","1000.0"
"613","Vostro 3568","laptop","Dell","48065.49","Type: Notebook. Screen: 1366x768; Display Size: 15.6 inches; GPU: Intel HD Graphics 520; Operating System: Linux","2.18","Intel Core i3 6006U 2.0GHz","4","1000.0"
"614","Inspiron 3567","laptop","Dell","38872.52","Type: Notebook. Screen: 1366x768; Display Size: 15.6 inches; GPU: Intel HD Graphics 520; Operating System: Linux","2.25","Intel Core i3 6006U 2.0GHz","4","1000.0"
"615","Latitude 5580","laptop","Dell","94095.32","Type: Notebook. Screen: 1366x768; Display Size: 15.6 inches; GPU: Intel HD Graphics 620; Operating System: Linux","1.93","Intel Core i5 7300U 2.6GHz","4","500.0"
"616","FX753VD-GC007T (i7-7700HQ/8GB/1TB","laptop","Asus","126471.04","Type: Gaming. Screen: Full HD 1920x1080; Display Size: 17.3 inches; GPU: Nvidia GeForce GTX 1050; Operating System: Windows 10","3.0","Intel Core i7 7700HQ 2.8GHz","8","1128.0"
"617","Vostro 3568","laptop","Dell","61611.32","Type: Notebook. Screen: Full HD 1920x1080; Display Size: 15.6 inches; GPU: AMD Radeon R5 M420; Operating System: Linux","2.18","Intel Core i5 7200U 2.5GHz","4","128.0"
"618","EliteBook 850","laptop","HP","150400.92","Type: Ultrabook. Screen: Full HD 1920x1080; Display Size: 15.6 inches; GPU: Intel HD Graphics 620; Operating System: Windows 10","1.84","Intel Core i7 7500U 2.7GHz","8","512.0"
"619","GT62VR 7RE","laptop","MSI","245563.88","Type: Gaming. Screen: Full HD 1920x1080; Display Size: 15.6 inches; GPU: Nvidia GeForce GTX 1070; Operating System: Windows 10","2.94","Intel Core i7 7700HQ 2.8GHz","16","1256.0"
"620","CB5-132T-C9KK (N3160/4GB/32GB/Chrome","laptop","Acer","41038.12","Type: 2 in 1 Convertible. Screen: IPS Panel Touchscreen 1366x768; Display Size: 11.6 inches; GPU: Intel HD Graphics 400; Operating System: Chrome OS","1.25","Intel Celeron Quad Core N3160 1.6GHz","4","32.0"
"621","ProBook 650","laptop","HP","121706.72","Type: Notebook. Screen: 1366x768; Display Size: 14.0 inches; GPU: Intel HD Graphics 620; Operating System: Windows 10","2.31","Intel Core i5 7300U 2.6GHz","8","256.0"
"622","ThinkPad T470","laptop","Lenovo","158630.2","Type: Notebook. Screen: Full HD 1920x1080; Display Size: 14.0 inches; GPU: Intel HD Graphics 520; Operating System: Windows 7","1.65","Intel Core i5 6200U 2.3GHz","8","256.0"
"623","Inspiron 5570","laptop","Dell","84025.28","Type: Notebook. Screen: Full HD 1920x1080; Display Size: 15.6 inches; GPU: AMD Radeon 530; Operating System: Windows 10","2.2","Intel Core i5 8250U 1.6GHz","4","1000.0"
"624","LifeBook A557","laptop","Fujitsu","86515.72","Type: Notebook. Screen: 1366x768; Display Size: 15.6 inches; GPU: Intel HD Graphics 620; Operating System: Windows 10","2.2","Intel Core i5 7200U 2.5GHz","8","256.0"
"625","EliteBook 850","laptop","HP","100916.96","Type: Notebook. Screen: 1366x768; Display Size: 15.6 inches; GPU: Intel HD Graphics 520; Operating System: Windows 7","1.88","Intel Core i5 6200U 2.3GHz","4","500.0"
"626","IdeaPad 320-15IKB","laptop","Lenovo","97343.72","Type: Notebook. Screen: Full HD 1920x1080; Display Size: 15.6 inches; GPU: Nvidia GeForce 920MX; Operating System: Windows 10","2.2","Intel Core i7 7500U 2.7GHz","8","1000.0"
"627","SmartBook 140","laptop","Mediacom","25878.92","Type: Notebook. Screen: Full HD 1920x1080; Display Size: 14.0 inches; GPU: Intel HD Graphics; Operating System: Windows 10","1.4","Intel Atom x5-Z8350 1.44GHz","2","32.0"
"628","IdeaPad 320-15IKBN","laptop","Lenovo","50675.04","Type: Notebook. Screen: Full HD 1920x1080; Display Size: 15.6 inches; GPU: Intel HD Graphics 620; Operating System: No OS","2.2","Intel Core i5 7200U 2.5GHz","4","128.0"
"629","Q304UA-BHI5T11 (i5-7200U/6GB/1TB/FHD/W10)","laptop","Asus","69192.0","Type: 2 in 1 Convertible. Screen: Full HD / Touchscreen 1920x1080; Display Size: 13.3 inches; GPU: Intel HD Graphics 620; Operating System: Windows 10","1.5","Intel Core i5 7200U 2.5GHz","6","1000.0"
"630","XPS 15","laptop","Dell","197069.6","Type: Notebook. Screen: Full HD 1920x1080; Display Size: 15.6 inches; GPU: Nvidia GeForce GTX 1050; Operating System: Windows 10","2.0","Intel Core i7 7700HQ 2.8GHz","8","256.0"
"631","ZenBook 3","laptop","Asus","205732.0","Type: Ultrabook. Screen: Full HD 1920x1080; Display Size: 14.0 inches; GPU: Intel HD Graphics 620; Operating System: Windows 10","1.1","Intel Core i7 7500U 2.7GHz","16","512.0"
"632","Inspiron 7567","laptop","Dell","160146.12","Type: Gaming. Screen: Full HD 1920x1080; Display Size: 15.6 inches; GPU: Nvidia GeForce GTX 1050 Ti; Operating System: Windows 10","2.62","Intel Core i7 7700HQ 2.8GHz","16","1256.0"
"633","V330-15IKB (i5-8250U/4GB/256GB/FHD/W10)","laptop","Lenovo","89764.12","Type: Notebook. Screen: Full HD 1920x1080; Display Size: 15.6 inches; GPU: Intel UHD Graphics 620; Operating System: Windows 10","1.8","Intel Core i5 8250U 1.6GHz","4","256.0"
"634","Ideapad 320-15ISK","laptop","Lenovo","62694.12","Type: Notebook. Screen: Full HD 1920x1080; Display Size: 15.6 inches; GPU: Nvidia GeForce 920MX ; Operating System: Windows 10","2.2","Intel Core i3 6006U 2GHz","4","1000.0"
"635","X541NA-GO414T (N3350/8GB/1TB/W10)","laptop","Asus","43203.72","Type: Notebook. Screen: 1366x768; Display Size: 15.6 inches; GPU: Intel HD Graphics 500; Operating System: Windows 10","2.0","Intel Celeron Dual Core N3350 1.1GHz","8","1000.0"
"636","VivoBook Pro","laptop","Asus","98168.81","Type: Notebook. Screen: Full HD 1920x1080; Display Size: 15.6 inches; GPU: Nvidia GeForce GTX 1050; Operating System: Windows 10","1.99","Intel Core i5 7300HQ 2.5GHz","8","1000.0"
"637","XPS 13","laptop","Dell","202375.32","Type: Ultrabook. Screen: Quad HD+ / Touchscreen 3200x1800; Display Size: 13.3 inches; GPU: Intel UHD Graphics 620; Operating System: Windows 10","1.23","Intel Core i5 8250U 1.6GHz","8","256.0"
"638","IdeaPad 100S-14IBR","laptop","Lenovo","26961.72","Type: Notebook. Screen: 1366x768; Display Size: 14.0 inches; GPU: Intel HD Graphics 400; Operating System: Windows 10","1.42","Intel Celeron Dual Core N3060 1.6GHz","2","32.0"
"639","Thinkpad Yoga","laptop","Lenovo","190293.44","Type: 2 in 1 Convertible. Screen: IPS Panel Full HD / Touchscreen 1920x1080; Display Size: 13.3 inches; GPU: Intel HD Graphics 620; Operating System: Windows 10","1.37","Intel Core i7 7500U 2.7GHz","8","256.0"
"640","XPS 15","laptop","Dell","259763.72","Type: Notebook. Screen: 4K Ultra HD / Touchscreen 3840x2160; Display Size: 15.6 inches; GPU: Nvidia GeForce GTX 1050; Operating System: Windows 10","2.06","Intel Core i7 7700HQ 2.8GHz","16","1000.0"
"641","Legion Y520-15IKBN","laptop","Lenovo","120082.52","Type: Gaming. Screen: IPS Panel Full HD 1920x1080; Display Size: 15.6 inches; GPU: Nvidia GeForce GTX 1050M; Operating System: Windows 10","2.5","Intel Core i7 7700HQ 2.8GHz","8","1128.0"
"642","17-AK091ND (A9-9420/8GB/1TB/W10)","laptop","HP","56403.05","Type: Notebook. Screen: 1600x900; Display Size: 17.0 inches; GPU: AMD Radeon R5; Operating System: Windows 10","2.6","AMD A9-Series 9420 3GHz","8","1000.0"
"643","ThinkPad X1","laptop","Lenovo","265286.0","Type: Ultrabook. Screen: IPS Panel Full HD 1920x1080; Display Size: 14.0 inches; GPU: Intel HD Graphics 620; Operating System: Windows 10","1.14","Intel Core i7 7500U 2.7GHz","16","512.0"
"644","ROG GL553VE-FY022","laptop","Asus","126579.32","Type: Gaming. Screen: IPS Panel Full HD 1920x1080; Display Size: 15.6 inches; GPU: Nvidia GeForce GTX 1050 Ti; Operating System: No OS","2.5","Intel Core i7 7700HQ 2.8GHz","8","1000.0"
"645","Extensa EX2540","laptop","Acer","48726.0","Type: Notebook. Screen: 1366x768; Display Size: 15.6 inches; GPU: Intel HD Graphics 520; Operating System: Windows 10","2.4","Intel Core i3 6006U 2GHz","4","500.0"
"646","IdeaPad 100S-14IBR","laptop","Lenovo","29668.72","Type: Notebook. Screen: 1366x768; Display Size: 14.0 inches; GPU: Intel HD Graphics; Operating System: Windows 10","1.43","Intel Celeron Dual Core N3060 1.6GHz","4","32.0"
"647","Swift 3","laptop","Acer","99509.32","Type: Ultrabook. Screen: IPS Panel Full HD 1920x1080; Display Size: 14.0 inches; GPU: Intel Graphics 620; Operating System: Windows 10","1.8","Intel Core i5 7200U 2.5GHz","8","256.0"
"648","Blade Pro","laptop","Razer","281419.72","Type: Gaming. Screen: Full HD 1920x1080; Display Size: 14.0 inches; GPU: Nvidia GeForce GTX 1060; Operating System: Windows 10","1.95","Intel Core i7 7700HQ 2.8GHz","16","256.0"
"649","Portege Z30-C-16J","laptop","Toshiba","131343.64","Type: Notebook. Screen: Full HD 1920x1080; Display Size: 13.3 inches; GPU: Intel HD Graphics 520; Operating System: Windows 10","1.2","Intel Core i5 6200U 2.3GHz","8","256.0"
"650","Thinkpad X270","laptop","Lenovo","171515.52","Type: Ultrabook. Screen: IPS Panel Full HD 1920x1080; Display Size: 12.5 inches; GPU: Intel HD Graphics 620; Operating System: Windows 10","1.36","Intel Core i7 7500U 2.7GHz","8","256.0"
"651","ROG G701VI","laptop","Asus","303075.72","Type: Gaming. Screen: IPS Panel Full HD 1920x1080; Display Size: 17.3 inches; GPU: Nvidia GeForce GTX 1080; Operating System: Windows 10","3.8","Intel Core i7 6820HK 2.7GHz","32","512.0"
"652","A715-71G-59DH (i5-7300HQ/8GB/1TB/GeForce","laptop","Acer","76770.52","Type: Gaming. Screen: Full HD 1920x1080; Display Size: 15.6 inches; GPU: Nvidia GeForce GTX 1050; Operating System: Linux","2.4","Intel Core i5 7300HQ 2.5GHz","8","1000.0"
"653","XPS 13","laptop","Dell","156995.17","Type: Ultrabook. Screen: Full HD 1920x1080; Display Size: 13.3 inches; GPU: Intel UHD Graphics 620; Operating System: Windows 10","1.2","Intel Core i5 8250U 1.6GHz","8","256.0"
"654","GL62M 7REX","laptop","MSI","129048.1","Type: Gaming. Screen: Full HD 1920x1080; Display Size: 15.6 inches; GPU: Nvidia GeForce GTX 1050 Ti; Operating System: Windows 10","2.2","Intel Core i7 7700HQ 2.8GHz","8","1128.0"
"655","250 G6","laptop","HP","39511.37","Type: Notebook. Screen: 1366x768; Display Size: 15.6 inches; GPU: Intel HD Graphics 520; Operating System: No OS","1.86","Intel Core i3 6006U 2GHz","4","500.0"
"656","Tecra A50-D-11M","laptop","Toshiba","115209.92","Type: Notebook. Screen: IPS Panel Full HD 1920x1080; Display Size: 15.6 inches; GPU: Intel HD Graphics 620; Operating System: Windows 10","2.0","Intel Core i5 7200U 2.5GHz","8","500.0"
"657","Inspiron 5570","laptop","Dell","99509.32","Type: Notebook. Screen: Full HD 1920x1080; Display Size: 15.6 inches; GPU: AMD Radeon 530; Operating System: Windows 10","2.2","Intel Core i7 8550U 1.8GHz","8","256.0"
"658","Inspiron 5570","laptop","Dell","122897.8","Type: Notebook. Screen: Full HD 1920x1080; Display Size: 15.6 inches; GPU: AMD Radeon 530; Operating System: Windows 10","2.2","Intel Core i7 8550U 1.8GHz","16","2256.0"
"659","IdeaPad Y700-15ISK","laptop","Lenovo","129502.88","Type: Gaming. Screen: IPS Panel Full HD 1920x1080; Display Size: 15.6 inches; GPU: Nvidia GeForce GTX 960; Operating System: Windows 10","3.31","Intel Core i7 6700HQ 2.6GHz","8","1128.0"
"660","Alienware 17","laptop","Dell","340797.22","Type: Gaming. Screen: IPS Panel 4K Ultra HD 3840x2160; Display Size: 17.3 inches; GPU: Nvidia GeForce GTX 1070; Operating System: Windows 10","4.42","Intel Core i7 7700HQ 2.8GHz","32","1512.0"
"661","Latitude E7470","laptop","Dell","133076.12","Type: Notebook. Screen: Full HD 1920x1080; Display Size: 14.0 inches; GPU: Intel HD Graphics 520; Operating System: Windows 10","1.56","Intel Core i5 6300U 2.4GHz","8","256.0"
"662","Ideapad 320-15IAP","laptop","Lenovo","45369.32","Type: Notebook. Screen: 1366x768; Display Size: 15.6 inches; GPU: Intel HD Graphics 500; Operating System: Windows 10","2.2","Intel Celeron Dual Core N3350 1.1GHz","4","500.0"
"663","IdeaPad 320-15ISK","laptop","Lenovo","57929.8","Type: Notebook. Screen: Full HD 1920x1080; Display Size: 15.6 inches; GPU: Intel HD Graphics 520; Operating System: Windows 10","2.2","Intel Core i5 6200U 2.3GHz","4","500.0"
"664","15-ay047nv (i3-6006U/6GB/1TB/Radeon","laptop","HP","58362.92","Type: Notebook. Screen: 1920x1080; Display Size: 15.6 inches; GPU: AMD Radeon R5 M430; Operating System: Windows 10","2.04","Intel Core i3 6006U 2GHz","6","1000.0"
"665","GP72VR Leopard","laptop","MSI","160987.46","Type: Gaming. Screen: Full HD 1920x1080; Display Size: 17.3 inches; GPU: Nvidia GeForce GTX 1060; Operating System: Windows 10","2.7","Intel Core i7 7700HQ 2.8GHz","8","1128.0"
"666","Satellite Pro","laptop","Toshiba","53923.44","Type: Notebook. Screen: 1366x768; Display Size: 15.6 inches; GPU: Intel HD Graphics 520; Operating System: Windows 10","2.1","Intel Core i3 6100U 2.1GHz","4","128.0"
"667","Latitude 3580","laptop","Dell","103407.4","Type: Notebook. Screen: Full HD 1920x1080; Display Size: 15.6 inches; GPU: Intel HD Graphics 620; Operating System: Windows 10","2.06","Intel Core i5 7200U 2.5GHz","8","1000.0"
"668","15-bs012nv (i7-7500U/8GB/1TB/Radeon","laptop","HP","80668.6","Type: Notebook. Screen: Full HD 1920x1080; Display Size: 15.6 inches; GPU: AMD Radeon 530; Operating System: Windows 10","2.1","Intel Core i7 7500U 2.7GHz","8","1000.0"
"669","Tecra Z50-D-10E","laptop","Toshiba","136216.24","Type: Notebook. Screen: IPS Panel Full HD 1920x1080; Display Size: 15.6 inches; GPU: Intel HD Graphics 620; Operating System: Windows 10","2.0","Intel Core i5 7200U 2.5GHz","8","256.0"
"670","Aspire 3","laptop","Acer","44611.36","Type: Notebook. Screen: 1366x768; Display Size: 15.6 inches; GPU: Intel HD Graphics 520; Operating System: Linux","2.1","Intel Core i3 6006U 2GHz","4","128.0"
"671","Surface Laptop","laptop","Microsoft","202250.8","Type: Ultrabook. Screen: Touchscreen 2256x1504; Display Size: 13.5 inches; GPU: Intel Iris Plus Graphics 640; Operating System: Windows 10 S","1.252","Intel Core i7 7600U 2.8GHz","8","256.0"
"672","V310-15ISK (i5-7200U/8GB/1TB","laptop","Lenovo","88567.63","Type: Notebook. Screen: Full HD 1920x1080; Display Size: 15.6 inches; GPU: AMD Radeon R5 M430; Operating System: Windows 10","1.9","Intel Core i5 7200U 2.5GHz","8","1128.0"
"673","Yoga 720-13IKB","laptop","Lenovo","111961.52","Type: 2 in 1 Convertible. Screen: IPS Panel Full HD / Touchscreen 1920x1080; Display Size: 13.3 inches; GPU: Intel HD Graphics 620; Operating System: Windows 10","1.3","Intel Core i5 7200U 2.5GHz","8","256.0"
"674","IdeaPad 320-15AST","laptop","Lenovo","37789.72","Type: Notebook. Screen: 1366x768; Display Size: 15.6 inches; GPU: AMD Radeon R2 Graphics; Operating System: Windows 10","2.2","AMD E-Series E2-9000 2.2GHz","4","128.0"
"675","Pavilion X360","laptop","HP","75687.72","Type: 2 in 1 Convertible. Screen: IPS Panel Full HD / Touchscreen 1920x1080; Display Size: 14.0 inches; GPU: Nvidia GeForce 940MX; Operating System: Windows 10","1.63","Intel Core i3 7100U 2.4GHz","4","128.0"
"676","GP62 7RDX","laptop","MSI","140114.32","Type: Gaming. Screen: Full HD 1920x1080; Display Size: 15.6 inches; GPU: Nvidia GeForce GTX 1050; Operating System: Windows 10","2.4","Intel Core i7 7700HQ 2.8GHz","16","1256.0"
"677","Zenbook 3","laptop","Asus","122897.8","Type: Ultrabook. Screen: Full HD 1920x1080; Display Size: 14.0 inches; GPU: Intel HD Graphics 620; Operating System: Windows 10","1.1","Intel Core i5 7200U 2.5GHz","8","256.0"
"678","Chromebook X360","laptop","HP","53598.6","Type: 2 in 1 Convertible. Screen: Touchscreen 1366x768; Display Size: 11.6 inches; GPU: Intel HD Graphics 500; Operating System: Chrome OS","1.4","Intel Celeron Dual Core N3350 1.1GHz","8","64.0"
"679","Gram 15Z975","laptop","LG","248935.72","Type: Ultrabook. Screen: IPS Panel Full HD 1920x1080; Display Size: 15.6 inches; GPU: Intel HD Graphics 620; Operating System: Windows 10","1.09","Intel Core i7 8550U 1.8GHz","8","512.0"
"680","Aspire VX5-591G","laptop","Acer","140655.72","Type: Gaming. Screen: Full HD 1920x1080; Display Size: 15.6 inches; GPU: Nvidia GeForce GTX 1050 Ti; Operating System: Windows 10","2.5","Intel Core i5 7300HQ 2.5GHz","16","256.0"
"681","GV62M 7RD","laptop","MSI","108052.61","Type: Gaming. Screen: Full HD 1920x1080; Display Size: 15.6 inches; GPU: Nvidia GeForce GTX 1050; Operating System: Windows 10","2.2","Intel Core i5 7300HQ 2.5GHz","8","256.0"
"682","L502NA-GO052T (N3350/4GB/128GB/W10)","laptop","Asus","45369.32","Type: Notebook. Screen: 1366x768; Display Size: 15.6 inches; GPU: Intel HD Graphics 500; Operating System: Windows 10","1.86","Intel Celeron Dual Core N3350 1.1GHz","4","128.0"
"683","Alienware 15","laptop","Dell","222082.28","Type: Gaming. Screen: Full HD 1920x1080; Display Size: 15.6 inches; GPU: Nvidia GeForce GTX 1060; Operating System: Windows 10","3.21","Intel Core i5 7300HQ 2.5GHz","16","1128.0"
"684","17-bs000nv I3","laptop","HP","75687.72","Type: Notebook. Screen: IPS Panel Full HD 1920x1080; Display Size: 17.3 inches; GPU: AMD Radeon R5 520; Operating System: Windows 10","2.5","Intel Core i3 6006U 2GHz","4","256.0"
"685","Yoga 730","laptop","Lenovo","162311.72","Type: 2 in 1 Convertible. Screen: IPS Panel Full HD / Touchscreen 1920x1080; Display Size: 13.3 inches; GPU: Intel UHD Graphics 620; Operating System: Windows 10","1.19","Intel Core i7 8550U 1.8GHz","8","512.0"
"686","Alienware 15","laptop","Dell","304672.85","Type: Gaming. Screen: Full HD 1920x1080; Display Size: 15.6 inches; GPU: Nvidia GeForce GTX 1070; Operating System: Windows 10","3.49","Intel Core i7 7820HK 2.9GHz","16","1256.0"
"687","250 G6","laptop","HP","66333.41","Type: Notebook. Screen: 1366x768; Display Size: 15.6 inches; GPU: AMD Radeon 520; Operating System: Windows 10","1.86","Intel Core i5 7200U 2.5GHz","4","500.0"
"688","Inspiron 3567","laptop","Dell","59085.15","Type: Notebook. Screen: 1366x768; Display Size: 15.6 inches; GPU: AMD Radeon R5 M430; Operating System: Windows 10","2.2","Intel Core i3 6006U 2GHz","4","1000.0"
"689","17-Y002nv (A10-9600P/6GB/2TB/Radeon","laptop","HP","61611.32","Type: Notebook. Screen: IPS Panel Full HD 1920x1080; Display Size: 17.3 inches; GPU: AMD Radeon R7 M440; Operating System: Windows 10","2.65","AMD A10-Series 9600P 2.4GHz","6","2000.0"
"690","V110-15ISK (3855U/4GB/500GB/W10)","laptop","Lenovo","34433.04","Type: Notebook. Screen: 1366x768; Display Size: 15.6 inches; GPU: Intel HD Graphics 510; Operating System: Windows 10","2.1","Intel Celeron Dual Core 3855U 1.6GHz","4","500.0"
"691","Chromebook 14","laptop","Acer","40605.0","Type: Notebook. Screen: 1366x768; Display Size: 14.0 inches; GPU: Intel HD Graphics 510; Operating System: Chrome OS","1.45","Intel Celeron Dual Core 3855U 1.6GHz","4","32.0"
"692","IdeaPad 520s-14IKB","laptop","Lenovo","75687.72","Type: Notebook. Screen: Full HD 1920x1080; Display Size: 14.0 inches; GPU: Intel HD Graphics 620; Operating System: Windows 10","1.7","Intel Core i5 7200U 2.5GHz","4","256.0"
"693","ZBook 17","laptop","HP","206597.16","Type: Workstation. Screen: Full HD 1920x1080; Display Size: 17.3 inches; GPU: Nvidia Quadro M1200; Operating System: Windows 10","3.14","Intel Core i7 7700HQ 2.8GHz","8","500.0"
"694","ThinkPad X1","laptop","Lenovo","280445.2","Type: 2 in 1 Convertible. Screen: Touchscreen 2560x1440; Display Size: 14.0 inches; GPU: Intel HD Graphics 620; Operating System: Windows 10","1.42","Intel Core i7 7500U 2.7GHz","8","256.0"
"695","Satellite Pro","laptop","Toshiba","105356.44","Type: Notebook. Screen: IPS Panel Full HD 1920x1080; Display Size: 13.3 inches; GPU: Intel HD Graphics 620; Operating System: Windows 10","1.5","Intel Core i5 7200U 2.5GHz","8","256.0"
"696","TravelMate B117-M","laptop","Acer","29127.32","Type: Netbook. Screen: 1366x768; Display Size: 11.6 inches; GPU: Intel HD Graphics; Operating System: Windows 10","1.4","Intel Celeron Dual Core N3050 1.6GHz","4","32.0"
"697","Yoga 910-13IKB","laptop","Lenovo","189381.72","Type: 2 in 1 Convertible. Screen: Full HD / Touchscreen 1920x1080; Display Size: 14.0 inches; GPU: Intel HD Graphics 620; Operating System: Windows 10","1.38","Intel Core i7 7500U 2.7GHz","16","512.0"
"698","Chromebook Flip","laptop","Asus","72439.32","Type: 2 in 1 Convertible. Screen: Full HD / Touchscreen 1920x1080; Display Size: 12.5 inches; GPU: Intel HD Graphics 515; Operating System: Chrome OS","1.2","Intel Core M M3-6Y30 0.9GHz","4","64.0"
"699","Portege Z30T-C-133","laptop","Toshiba","203241.56","Type: Ultrabook. Screen: Full HD / Touchscreen 1920x1080; Display Size: 13.3 inches; GPU: Intel HD Graphics 520; Operating System: Windows 10","1.36","Intel Core i7 6500U 2.5GHz","16","512.0"
"700","15-bs011nv (i7-7500U/4GB/500GB/Radeon","laptop","HP","74604.92","Type: Notebook. Screen: IPS Panel Full HD 1920x1080; Display Size: 15.6 inches; GPU: AMD Radeon 530; Operating System: Windows 10","2.1","Intel Core i7 7500U 2.7GHz","4","500.0"
"701","Inspiron 5577","laptop","Dell","88681.32","Type: Gaming. Screen: Full HD 1920x1080; Display Size: 15.6 inches; GPU: Nvidia GeForce GTX 1050; Operating System: Windows 10","2.56","Intel Core i5 7300HQ 2.5GHz","8","1000.0"
"702","IdeaPad 320-15AST","laptop","Lenovo","43203.72","Type: Notebook. Screen: Full HD 1920x1080; Display Size: 15.6 inches; GPU: AMD Radeon 530; Operating System: Windows 10","2.2","AMD A9-Series 9420 2.9GHz","4","256.0"
"703","IdeaPad 320-15ABR","laptop","Lenovo","46452.12","Type: Notebook. Screen: 1366x768; Display Size: 15.6 inches; GPU: AMD Radeon R7; Operating System: Windows 10","2.2","AMD A12-Series 9720P 3.6GHz","8","1000.0"
"704","V310-15IKB (i5-7200U/4GB/1TB/FHD/W10)","laptop","Lenovo","67290.61","Type: Notebook. Screen: Full HD 1920x1080; Display Size: 15.6 inches; GPU: Intel HD Graphics 620; Operating System: Windows 10","2.1","Intel Core i5 7200U 2.5GHz","4","2000.0"
"705","V310-15ISK (i3-6006U/4GB/500GB/No","laptop","Lenovo","48726.0","Type: Notebook. Screen: 1366x768; Display Size: 15.6 inches; GPU: Intel HD Graphics 520; Operating System: No OS","1.9","Intel Core i3 6006U 2GHz","4","500.0"
"706","Vostro 5568","laptop","Dell","86082.6","Type: Notebook. Screen: Full HD 1920x1080; Display Size: 15.6 inches; GPU: Intel HD Graphics 620; Operating System: Windows 10","2.18","Intel Core i5 7200U 2.5GHz","8","256.0"
"707","Spin 5","laptop","Acer","108171.72","Type: 2 in 1 Convertible. Screen: IPS Panel Full HD / Touchscreen 1920x1080; Display Size: 13.3 inches; GPU: Intel UHD Graphics 620; Operating System: Windows 10","1.6","Intel Core i5 8250U 1.6GHz","8","256.0"
"708","ThinkPad P51s","laptop","Lenovo","200859.4","Type: Workstation. Screen: Full HD 1920x1080; Display Size: 15.6 inches; GPU: Nvidia Quadro M520M; Operating System: Windows 7","2.18","Intel Core i7 6500U 2.5GHz","16","512.0"
"709","Thinkpad T460p","laptop","Lenovo","128961.48","Type: Notebook. Screen: Full HD 1920x1080; Display Size: 14.0 inches; GPU: Intel HD Graphics 520; Operating System: Windows 10","1.8","Intel Core i5 6300HQ 2.3GHz","8","256.0"
"710","17-ak002nv (A10-9620P/6GB/2TB/Radeon","laptop","HP","70924.48","Type: Notebook. Screen: IPS Panel Full HD 1920x1080; Display Size: 17.3 inches; GPU: AMD Radeon 530; Operating System: Windows 10","2.71","AMD A10-Series 9620P 2.5GHz","6","2000.0"
"711","Legion Y520-15IKBN","laptop","Lenovo","135241.72","Type: Gaming. Screen: IPS Panel Full HD 1920x1080; Display Size: 15.6 inches; GPU: Nvidia GeForce GTX 1050 Ti; Operating System: Windows 10","2.5","Intel Core i7 7700HQ 2.8GHz","8","1128.0"
"712","Latitude 5480","laptop","Dell","117916.92","Type: Notebook. Screen: Full HD 1920x1080; Display Size: 14.0 inches; GPU: Nvidia GeForce 930MX; Operating System: Linux","1.64","Intel Core i5 7440HQ 2.8GHz","8","256.0"
"713","Vostro 5568","laptop","Dell","78611.28","Type: Notebook. Screen: Full HD 1920x1080; Display Size: 15.6 inches; GPU: Intel HD Graphics 620; Operating System: Linux","1.98","Intel Core i5 7200U 2.5GHz","8","1000.0"
"714","VivoBook E403NA","laptop","Asus","32267.44","Type: Notebook. Screen: Full HD 1920x1080; Display Size: 14.0 inches; GPU: Intel HD Graphics 500; Operating System: Windows 10","1.5","Intel Celeron Dual Core N3350 1.1GHz","4","32.0"
"715","Latitude 5580","laptop","Dell","154478.74","Type: Notebook. Screen: Full HD 1920x1080; Display Size: 15.6 inches; GPU: Intel HD Graphics 620; Operating System: Windows 10","1.93","Intel Core i5 7300U 2.6GHz","16","512.0"
"716","Thinkpad E470","laptop","Lenovo","92803.54","Type: Notebook. Screen: IPS Panel Full HD 1920x1080; Display Size: 14.0 inches; GPU: Nvidia GeForce 920MX; Operating System: Windows 10","1.87","Intel Core i5 7200U 2.5GHz","8","256.0"
"717","Latitude 5580","laptop","Dell","127662.12","Type: Notebook. Screen: Full HD 1920x1080; Display Size: 15.6 inches; GPU: Intel HD Graphics 620; Operating System: Windows 10","1.9","Intel Core i5 7300U 2.6GHz","8","256.0"
"718","110-15ACL (A6-7310/4GB/500GB/W10)","laptop","Lenovo","32267.44","Type: Notebook. Screen: 1366x768; Display Size: 15.6 inches; GPU: AMD Radeon R4; Operating System: Windows 10","2.19","AMD A6-Series 7310 2GHz","4","500.0"
"719","Smartbook 142","laptop","Mediacom","28694.2","Type: Notebook. Screen: IPS Panel Full HD 1920x1200; Display Size: 14.0 inches; GPU: Intel HD Graphics 400; Operating System: Windows 10","1.4","Intel Atom Z8350 1.92GHz","4","32.0"
"720","ProBook 470","laptop","HP","129936.0","Type: Notebook. Screen: Full HD 1920x1080; Display Size: 17.3 inches; GPU: Nvidia GeForce 930MX; Operating System: Windows 10","2.63","Intel Core i7 7500U 2.7GHz","8","256.0"
"721","ThinkPad X1","laptop","Lenovo","182629.38","Type: Ultrabook. Screen: IPS Panel Quad HD+ 2560x1440; Display Size: 14.0 inches; GPU: Intel HD Graphics 520; Operating System: Windows 10","1.17","Intel Core i7 6500U 2.5GHz","8","512.0"
"722","Pavilion X360","laptop","HP","90587.05","Type: 2 in 1 Convertible. Screen: IPS Panel Touchscreen 1366x768; Display Size: 13.3 inches; GPU: Intel HD Graphics 620; Operating System: Windows 10","1.58","Intel Core i5 7200U 2.5GHz","8","256.0"
"723","ThinkPad T470s","laptop","Lenovo","162311.72","Type: Ultrabook. Screen: IPS Panel Full HD 1920x1080; Display Size: 14.0 inches; GPU: Intel HD Graphics 620; Operating System: Windows 10","1.32","Intel Core i5 7200U 2.5GHz","8","256.0"
"724","Alienware 17","laptop","Dell","396239.83","Type: Gaming. Screen: 4K Ultra HD 3840x2160; Display Size: 17.3 inches; GPU: Nvidia GeForce GTX 1070; Operating System: Windows 10","4.36","Intel Core i7 7700HQ 2.8GHz","32","2000.0"
"725","GL72M 7REX","laptop","MSI","146013.41","Type: Gaming. Screen: Full HD 1920x1080; Display Size: 17.3 inches; GPU: Nvidia GeForce GTX 1050 Ti; Operating System: Windows 10","2.7","Intel Core i7 7700HQ 2.8GHz","8","1128.0"
"726","V310-15IKB (i5-7200U/4GB/1TB/No","laptop","Lenovo","53046.37","Type: Notebook. Screen: 1366x768; Display Size: 15.6 inches; GPU: Intel HD Graphics 620; Operating System: No OS","1.9","Intel Core i5 7200U 2.5GHz","4","1000.0"
"727","Inspiron 5570","laptop","Dell","77853.32","Type: Notebook. Screen: Full HD 1920x1080; Display Size: 15.6 inches; GPU: AMD Radeon 530; Operating System: Windows 10","2.2","Intel Core i5 8250U 1.6GHz","8","1128.0"
"728","Inspiron 5378","laptop","Dell","70273.72","Type: 2 in 1 Convertible. Screen: Full HD / Touchscreen 1920x1080; Display Size: 13.3 inches; GPU: Intel HD Graphics 620; Operating System: Windows 10","1.71","Intel Core i3 7100U 2.4GHz","4","1000.0"
"729","Inspiron 5567","laptop","Dell","63833.23","Type: Notebook. Screen: 1366x768; Display Size: 15.6 inches; GPU: AMD Radeon R7 M445; Operating System: Linux","2.32","Intel Core i5 7200U 2.5GHz","8","1000.0"
"730","15-BW037na (A9-9420/4GB/1TB/Radeon","laptop","HP","52948.92","Type: Notebook. Screen: Full HD 1920x1080; Display Size: 15.6 inches; GPU: AMD Radeon 520; Operating System: Windows 10","2.1","AMD A9-Series 9420 3GHz","4","1000.0"
"731","Predator 17","laptop","Acer","209521.8","Type: Gaming. Screen: IPS Panel Full HD 1920x1080; Display Size: 17.3 inches; GPU: Nvidia GeForce GTX 1060; Operating System: Windows 10","4.2","Intel Core i7 6700HQ 2.6GHz","16","1128.0"
"732","Inspiron 3567","laptop","Dell","70273.72","Type: Notebook. Screen: 1366x768; Display Size: 15.6 inches; GPU: Intel HD Graphics 620; Operating System: Windows 10","2.25","Intel Core i5 7200U 2.5GHz","12","1000.0"
"733","15-BW091ND (A9-9420/6GB/1TB","laptop","HP","70382.0","Type: Notebook. Screen: Full HD 1920x1080; Display Size: 15.6 inches; GPU: AMD Radeon 520; Operating System: Windows 10","2.1","AMD A9-Series A9-9420 3GHz","6","1128.0"
"734","Extensa EX2540-58KR","laptop","Acer","60528.52","Type: Notebook. Screen: 1366x768; Display Size: 15.6 inches; GPU: Intel HD Graphics 620; Operating System: Windows 10","2.4","Intel Core i5 7200U 2.5GHz","4","500.0"
"735","ThinkPad 13","laptop","Lenovo","103948.8","Type: Notebook. Screen: IPS Panel Full HD 1920x1080; Display Size: 13.3 inches; GPU: Intel HD Graphics 620; Operating System: Windows 10","1.44","Intel Core i5 7200U 2.5GHz","8","256.0"
"736","V310-15IKB (i7-7500U/4GB/1TB/FHD/W10)","laptop","Lenovo","84350.12","Type: Notebook. Screen: Full HD 1920x1080; Display Size: 15.6 inches; GPU: Intel HD Graphics 620; Operating System: Windows 10","1.85","Intel Core i7 7500U 2.7GHz","4","1000.0"
"737","ZBook 15","laptop","HP","261929.32","Type: Workstation. Screen: Full HD 1920x1080; Display Size: 15.6 inches; GPU: Nvidia Quadro M2200; Operating System: Windows 10","2.6","Intel Core i7 7700HQ 2.8GHz","16","256.0"
"738","Inspiron 5379","laptop","Dell","71356.52","Type: 2 in 1 Convertible. Screen: Full HD / Touchscreen 1920x1080; Display Size: 13.3 inches; GPU: Intel UHD Graphics 620; Operating System: Windows 10","1.55","Intel Core i5 8250U 1.6GHz","8","1000.0"
"739","GS63VR 7RF","laptop","MSI","226790.29","Type: Gaming. Screen: Full HD 1920x1080; Display Size: 15.6 inches; GPU: Nvidia GeForce GTX 1060; Operating System: Windows 10","1.8","Intel Core i7 7700HQ 2.8GHz","16","1256.0"
"740","Aspire ES1-572","laptop","Acer","44481.42","Type: Notebook. Screen: 1366x768; Display Size: 15.6 inches; GPU: Intel HD Graphics 520; Operating System: Windows 10","2.4","Intel Core i3 6006U 2GHz","4","500.0"
"741","Inspiron 7560","laptop","Dell","130693.96","Type: Notebook. Screen: Full HD 1920x1080; Display Size: 15.6 inches; GPU: Nvidia GeForce 940MX; Operating System: Windows 10","2.0","Intel Core i7 7500U 2.7GHz","8","1128.0"
"742","Vostro 3568","laptop","Dell","72006.2","Type: Notebook. Screen: 1366x768; Display Size: 15.6 inches; GPU: Intel HD Graphics 520; Operating System: Windows 10","2.0","Intel Core i3 6006U 2GHz","8","256.0"
"743","Tecra X40-D-10G","laptop","Toshiba","166209.8","Type: Notebook. Screen: IPS Panel Full HD / Touchscreen 1920x1080; Display Size: 14.0 inches; GPU: Intel HD Graphics 620; Operating System: Windows 10","1.25","Intel Core i5 7200U 2.5GHz","8","256.0"
"744","Flex 5","laptop","Lenovo","108171.72","Type: 2 in 1 Convertible. Screen: Full HD / Touchscreen 1920x1080; Display Size: 14.0 inches; GPU: Intel HD Graphics 620; Operating System: Windows 10","1.7","Intel Core i5 7200U 2.5GHz","8","256.0"
"745","Thinkpad P51s","laptop","Lenovo","357215.72","Type: Workstation. Screen: IPS Panel 4K Ultra HD 3840x2160; Display Size: 15.6 inches; GPU: Nvidia Quadro M520M; Operating System: Windows 10","2.5","Intel Core i7 7600U 2.8GHz","16","1000.0"
"746","Chromebook 14","laptop","Acer","35732.4","Type: Notebook. Screen: 1366x768; Display Size: 14.0 inches; GPU: Intel HD Graphics 400; Operating System: Chrome OS","1.68","Intel Celeron Dual Core N3060 1.6GHz","2","32.0"
"747","Notebook 9","laptop","Samsung","178553.72","Type: Ultrabook. Screen: Full HD 1920x1080; Display Size: 13.3 inches; GPU: Intel HD Graphics 620; Operating System: Windows 10","0.81","Intel Core i7 7500U 2.7GHz","16","256.0"
"748","250 G6","laptop","HP","58362.92","Type: Notebook. Screen: Full HD 1920x1080; Display Size: 15.6 inches; GPU: Intel HD Graphics 520; Operating System: Windows 10","1.86","Intel Core i3 6006U 2GHz","8","256.0"
"749","Latitude 5480","laptop","Dell","122000.16","Type: Notebook. Screen: 1366x768; Display Size: 14.0 inches; GPU: Intel HD Graphics 620; Operating System: Windows 10","1.6","Intel Core i5 7200U 2.5GHz","8","256.0"
"750","Zbook 17","laptop","HP","475240.92","Type: Workstation. Screen: IPS Panel Full HD 1920x1080; Display Size: 17.3 inches; GPU: Nvidia Quadro M2000M; Operating System: Windows 7","3.0","Intel Xeon E3-1535M v5 2.9GHz","16","256.0"
"751","N23 (N3060/4GB/128GB/W10)","laptop","Lenovo","51433.0","Type: Netbook. Screen: Touchscreen 1366x768; Display Size: 11.6 inches; GPU: Intel HD Graphics 400; Operating System: Windows 10","1.4","Intel Celeron Dual Core N3060 1.6GHz","4","128.0"
"752","EliteBook 850","laptop","HP","205732.0","Type: Notebook. Screen: Full HD 1920x1080; Display Size: 15.6 inches; GPU: Intel HD Graphics 520; Operating System: Windows 10","1.84","Intel Core i5 6300U 2.4GHz","8","256.0"
"753","X550VX-XX015D (i5-6300HQ/4GB/1TB/GeForce","laptop","Asus","62694.12","Type: Notebook. Screen: 1366x768; Display Size: 15.6 inches; GPU: Nvidia GeForce GTX 950M; Operating System: No OS","2.45","Intel Core i5 6300HQ 2.3GHz","4","1000.0"
"754","Thinkpad T460","laptop","Lenovo","118674.88","Type: Ultrabook. Screen: Full HD 1920x1080; Display Size: 14.0 inches; GPU: Intel HD Graphics 520; Operating System: Windows 10","1.7","Intel Core i5 6200U 2.3GHz","4","180.0"
"755","Pro P2540UA-XO0192R","laptop","Asus","92027.17","Type: Notebook. Screen: 1366x768; Display Size: 15.6 inches; GPU: Intel HD Graphics 620; Operating System: Windows 10","2.37","Intel Core i7 7500U 2.7GHz","4","256.0"
"756","Yoga 900-13ISK","laptop","Lenovo","129827.72","Type: 2 in 1 Convertible. Screen: IPS Panel Quad HD+ / Touchscreen 3200x1800; Display Size: 13.3 inches; GPU: Intel HD Graphics 540; Operating System: Windows 10","1.3","Intel Core i5 6260U 1.8GHz","8","256.0"
"757","15-cb003na (i5-7300HQ/8GB/1TB","laptop","HP","118999.72","Type: Notebook. Screen: IPS Panel Full HD 1920x1080; Display Size: 15.6 inches; GPU: Nvidia GeForce GTX 1050; Operating System: Windows 10","2.2","Intel Core i5 7300HQ 2.5GHz","8","1128.0"
"758","ZBook 15","laptop","HP","169025.08","Type: Workstation. Screen: Full HD 1920x1080; Display Size: 15.6 inches; GPU: Nvidia Quadro M1000M; Operating System: Windows 7","2.59","Intel Core i7 6700HQ 2.6GHz","8","256.0"
"759","Alienware 17","laptop","Dell","310654.24","Type: Gaming. Screen: IPS Panel 4K Ultra HD 3840x2160; Display Size: 15.6 inches; GPU: Nvidia GeForce GTX 1070; Operating System: Windows 10","4.42","Intel Core i7 7700HQ 2.8GHz","16","1256.0"
"760","Aspire 3","laptop","Acer","64859.72","Type: Notebook. Screen: 1366x768; Display Size: 15.6 inches; GPU: Intel HD Graphics 620; Operating System: Windows 10","2.1","Intel Core i5 7200U 2.5GHz","4","256.0"
"761","Legion Y520-15IKBN","laptop","Lenovo","113477.44","Type: Gaming. Screen: IPS Panel Full HD 1920x1080; Display Size: 15.6 inches; GPU: Nvidia GeForce GTX 1050; Operating System: Windows 10","2.5","Intel Core i7 7700HQ 2.8GHz","8","1128.0"
"762","Latitude 7280","laptop","Dell","201292.52","Type: Ultrabook. Screen: Full HD 1920x1080; Display Size: 12.5 inches; GPU: Intel HD Graphics 620; Operating System: Windows 10","1.18","Intel Core i7 7600U 2.8GHz","16","256.0"
"763","Pixelbook (Core","laptop","Google","168808.52","Type: Ultrabook. Screen: Touchscreen 2400x1600; Display Size: 12.3 inches; GPU: Intel HD Graphics 615; Operating System: Chrome OS","1.1","Intel Core i5 7Y57 1.2GHz","8","256.0"
"764","Zenbook UX330UA-AH5Q","laptop","Asus","122248.12","Type: Ultrabook. Screen: IPS Panel Quad HD+ 3200x1800; Display Size: 13.3 inches; GPU: Intel HD Graphics 620; Operating System: Windows 10","1.2","Intel Core i5 7200U 2.5GHz","8","256.0"
"765","Latitude 3380","laptop","Dell","91929.72","Type: Notebook. Screen: 1366x768; Display Size: 13.3 inches; GPU: Intel HD Graphics 520; Operating System: Windows 10","1.65","Intel Core i3 6006U 2GHz","4","500.0"
"766","TravelMate P238-M","laptop","Acer","70923.4","Type: Notebook. Screen: 1366x768; Display Size: 13.3 inches; GPU: Intel HD Graphics 520; Operating System: Windows 10","1.6","Intel Core i5 6200U 2.3GHz","4","128.0"
"767","X751NV-TY001 (N4200/4GB/1TB/GeForce","laptop","Asus","50928.42","Type: Notebook. Screen: 1366x768; Display Size: 17.3 inches; GPU: Nvidia GeForce 920MX; Operating System: Windows 10","2.8","Intel Pentium Quad Core N4200 1.1GHz","4","1000.0"
"768","Inspiron 7559","laptop","Dell","118999.72","Type: Gaming. Screen: IPS Panel Touchscreen / 4K Ultra HD 3840x2160; Display Size: 15.6 inches; GPU: Nvidia GeForce GTX 960M; Operating System: Windows 10","2.72","Intel Core i7 6700HQ 2.6GHz","16","1128.0"
"769","Notebook 9","laptop","Samsung","173139.72","Type: Ultrabook. Screen: Full HD / Touchscreen 1920x1080; Display Size: 13.3 inches; GPU: Intel HD Graphics 620; Operating System: Windows 10","1.31","Intel Core i7 7500U 2.7GHz","8","256.0"
"770","Aspire A315-31","laptop","Acer","32267.44","Type: Notebook. Screen: 1366x768; Display Size: 15.6 inches; GPU: Intel HD Graphics 505; Operating System: Linux","2.1","Intel Pentium Quad Core N4200 1.1GHz","4","1000.0"
"771","Inspiron 5567","laptop","Dell","127907.92","Type: Notebook. Screen: Full HD 1920x1080; Display Size: 15.6 inches; GPU: AMD Radeon R7 M445; Operating System: Windows 10","2.3","Intel Core i7 7500U 2.7GHz","16","256.0"
"772","Notebook 9","laptop","Samsung","194795.72","Type: 2 in 1 Convertible. Screen: Full HD / Touchscreen 1920x1080; Display Size: 15.0 inches; GPU: AMD Radeon 540; Operating System: Windows 10","1.71","Intel Core i7 7500U 2.7GHz","16","256.0"
"773","Tecra A40-C-1E5","laptop","Toshiba","110445.6","Type: Notebook. Screen: IPS Panel 1366x768; Display Size: 14.0 inches; GPU: Intel HD Graphics 520; Operating System: Windows 10","1.75","Intel Core i5 6200U 2.3GHz","4","128.0"
"774","Inspiron 7567","laptop","Dell","118999.72","Type: Gaming. Screen: Full HD 1920x1080; Display Size: 15.6 inches; GPU: Nvidia GeForce GTX 1050; Operating System: Windows 10","2.62","Intel Core i7 7700HQ 2.8GHz","8","1000.0"
"775","EliteBook 820","laptop","HP","134700.32","Type: Ultrabook. Screen: 1366x768; Display Size: 12.5 inches; GPU: Intel HD Graphics 520; Operating System: Windows 10","1.26","Intel Core i5 6200U 2.3GHz","4","256.0"
"776","Q524UQ-BHI7T15 (i7-7500U/12GB/2TB/GeForce","laptop","Asus","90846.92","Type: 2 in 1 Convertible. Screen: Full HD / Touchscreen 1920x1080; Display Size: 15.6 inches; GPU: Nvidia GeForce 940MX; Operating System: Windows 10","2.3","Intel Core i7 7500U 2.7GHz","12","2000.0"
"777","Thinkpad P50","laptop","Lenovo","256623.6","Type: Notebook. Screen: 4K Ultra HD 3840x2160; Display Size: 15.6 inches; GPU: Nvidia Quadro M2000M; Operating System: Windows 7","2.5","Intel Core i7 6820HQ 2.7GHz","16","512.0"
"778","Swift 3","laptop","Acer","68866.08","Type: Notebook. Screen: IPS Panel Full HD 1920x1080; Display Size: 14.0 inches; GPU: Intel HD Graphics 620; Operating System: Windows 10","1.8","Intel Core i3 7100U 2.4GHz","4","128.0"
"779","Blade Pro","laptop","Razer","313903.72","Type: Gaming. Screen: Full HD 1920x1080; Display Size: 14.0 inches; GPU: Nvidia GeForce GTX 1060; Operating System: Windows 10","1.95","Intel Core i7 7700HQ 2.8GHz","16","512.0"
"780","Vivobook Max","laptop","Asus","63008.13","Type: Notebook. Screen: 1920x1080; Display Size: 15.6 inches; GPU: Intel HD Graphics 505; Operating System: Windows 10","2.0","Intel Pentium Dual Core N4200 1.1GHz","8","128.0"
"781","Alienware 17","laptop","Dell","388595.26","Type: Gaming. Screen: IPS Panel Full HD 1920x1080; Display Size: 17.3 inches; GPU: Nvidia GeForce GTX 1070M; Operating System: Windows 10","4.42","Intel Core i7 7700HQ 2.8GHz","32","2000.0"
"782","Rog G752VS-BA171T","laptop","Asus","254458.0","Type: Gaming. Screen: IPS Panel Full HD 1920x1080; Display Size: 17.3 inches; GPU: Nvidia GeForce GTX 1070; Operating System: Windows 10","4.3","Intel Core i7 6700HQ 2.6GHz","16","1256.0"
"783","Tecra Z40-C-161","laptop","Toshiba","191005.92","Type: Ultrabook. Screen: IPS Panel Full HD 1920x1080; Display Size: 14.0 inches; GPU: Nvidia GeForce 930M; Operating System: Windows 10","1.47","Intel Core i7 6600U 2.6GHz","16","512.0"
"784","IdeaPad 110-15IBR","laptop","Lenovo","35624.12","Type: Notebook. Screen: 1366x768; Display Size: 15.6 inches; GPU: Intel HD Graphics 405; Operating System: No OS","2.2","Intel Celeron Quad Core N3710 1.6GHz","8","1000.0"
"785","ThinkPad T470s","laptop","Lenovo","248935.72","Type: Ultrabook. Screen: Full HD 1920x1080; Display Size: 14.0 inches; GPU: Intel HD Graphics 620; Operating System: Windows 10","1.7","Intel Core i7 7500U 2.7GHz","16","512.0"
"786","GS43VR 7RE","laptop","MSI","204757.48","Type: Gaming. Screen: IPS Panel Full HD 1920x1080; Display Size: 14.0 inches; GPU: Nvidia GeForce GTX 1060; Operating System: Windows 10","1.6","Intel Core i7 7700HQ 2.8GHz","16","1256.0"
"787","GL62M (i5-7300HQ/8GB/1TB","laptop","MSI","117916.92","Type: Gaming. Screen: Full HD 1920x1080; Display Size: 15.6 inches; GPU: Nvidia GeForce GTX 1050; Operating System: Windows 10","2.2","Intel Core i5 7300HQ 2.5GHz","8","1128.0"
"788","Legion Y520-15IKBN","laptop","Lenovo","108171.72","Type: Gaming. Screen: IPS Panel Full HD 1920x1080; Display Size: 15.6 inches; GPU: Nvidia GeForce GTX 1050; Operating System: Windows 10","2.4","Intel Core i7 7700HQ 2.8GHz","4","1000.0"
"789","Predator G9-793","laptop","Acer","248935.72","Type: Gaming. Screen: IPS Panel Full HD 1920x1080; Display Size: 17.3 inches; GPU: Nvidia GeForce GTX 1060; Operating System: Windows 10","4.2","Intel Core i7 7700HQ 2.8GHz","16","1256.0"
"790","Inspiron 7567","laptop","Dell","106655.8","Type: Gaming. Screen: Full HD 1920x1080; Display Size: 15.6 inches; GPU: Nvidia GeForce GTX 1050; Operating System: Windows 10","2.62","Intel Core i5 7300HQ 2.5GHz","8","256.0"
"791","FX502VM-DM560T (i7-7700HQ/8GB/1TB","laptop","Asus","144986.92","Type: Gaming. Screen: Full HD 1920x1080; Display Size: 15.6 inches; GPU: Nvidia GeForce GTX1060; Operating System: Windows 10","2.24","Intel Core i7 7700HQ 2.8GHz","8","1128.0"
"792","K146 (N3350/4GB/32GB/W10)","laptop","Vero","21970.01","Type: Notebook. Screen: 1920x1080; Display Size: 14.0 inches; GPU: Intel HD Graphics 500; Operating System: Windows 10","1.22","Intel Celeron Dual Core N3350 1.1GHz","4","32.0"
"793","ThinkPad Yoga","laptop","Lenovo","213311.6","Type: 2 in 1 Convertible. Screen: IPS Panel Full HD / Touchscreen 1920x1080; Display Size: 13.3 inches; GPU: Intel HD Graphics 620; Operating System: Windows 10","1.37","Intel Core i7 7500U 2.7GHz","8","512.0"
"794","Yoga 510-15IKB","laptop","Lenovo","103840.52","Type: 2 in 1 Convertible. Screen: Full HD / Touchscreen 1920x1080; Display Size: 15.6 inches; GPU: AMD Radeon R7 M460; Operating System: Windows 10","2.08","Intel Core i5 7200U 2.5GHz","8","256.0"
"795","MacBook 12""","laptop","Apple","126146.2","Type: Ultrabook. Screen: IPS Panel Retina Display 2304x1440; Display Size: 12.0 inches; GPU: Intel HD Graphics 5300; Operating System: Mac OS X","0.92","Intel Core M 1.2GHz","8","512.0"
"796","ThinkPad X1","laptop","Lenovo","252292.4","Type: 2 in 1 Convertible. Screen: IPS Panel Touchscreen 2560x1440; Display Size: 14.0 inches; GPU: Intel HD Graphics 620; Operating System: Windows 10","1.42","Intel Core i5 7200U 2.5GHz","8","256.0"
"797","R417NA-RS01 (N3350/4GB/32GB/W10)","laptop","Asus","32375.72","Type: Notebook. Screen: 1366x768; Display Size: 14.0 inches; GPU: Intel HD Graphics 500; Operating System: Windows 10","1.63","Intel Celeron Dual Core N3350 1.1GHz","4","32.0"
"798","Latitude 3580","laptop","Dell","87706.8","Type: Notebook. Screen: 1366x768; Display Size: 15.6 inches; GPU: Intel HD Graphics 620; Operating System: Windows 10","1.95","Intel Core i5 7200U 2.5GHz","8","128.0"
"799","Yoga 910-13IKB","laptop","Lenovo","146069.72","Type: 2 in 1 Convertible. Screen: IPS Panel Full HD / Touchscreen 1920x1080; Display Size: 13.9 inches; GPU: Intel HD Graphics 620; Operating System: Windows 10","1.38","Intel Core i7 7500U 2.7GHz","8","256.0"
"800","Vostro 5568","laptop","Dell","80018.92","Type: Notebook. Screen: Full HD 1920x1080; Display Size: 15.6 inches; GPU: AMD Radeon R5 M420X; Operating System: Windows 10","2.0","Intel Core i3 6006U 2GHz","8","256.0"
"801","ZBook 17","laptop","HP","223587.37","Type: Workstation. Screen: Full HD 1920x1080; Display Size: 15.6 inches; GPU: Nvidia Quadro M2200; Operating System: Windows 10","3.14","Intel Core i7 7700HQ 2.8GHz","8","256.0"
"802","Pro P2540UA-XS51","laptop","Asus","118999.72","Type: Notebook. Screen: Full HD 1920x1080; Display Size: 15.6 inches; GPU: Intel HD Graphics 620; Operating System: Windows 10","2.37","Intel Core i5 7200U 2.5GHz","8","256.0"
"803","XPS 13","laptop","Dell","162311.72","Type: Ultrabook. Screen: Full HD 1920x1080; Display Size: 13.3 inches; GPU: Intel HD Graphics 620; Operating System: Windows 10","1.29","Intel Core i5 7200U 2.5GHz","8","256.0"
"804","XPS 15","laptop","Dell","189381.72","Type: Notebook. Screen: 4K Ultra HD / Touchscreen 3840x2160; Display Size: 15.6 inches; GPU: Nvidia GeForce GTX 1050; Operating System: Windows 10","2.06","Intel Core i5 7300HQ 2.5GHz","8","256.0"
"805","Latitude 3180","laptop","Dell","80560.32","Type: Netbook. Screen: 1366x768; Display Size: 11.6 inches; GPU: Intel HD Graphics 505; Operating System: Windows 10","1.63","Intel Pentium Quad Core N4200 1.1GHz","4","128.0"
"806","EliteBook 820","laptop","HP","150400.92","Type: Netbook. Screen: 1366x768; Display Size: 12.5 inches; GPU: Intel HD Graphics 620; Operating System: Windows 10","1.26","Intel Core i5 7300U 2.6GHz","8","256.0"
"807","Satellite Pro","laptop","Toshiba","84458.4","Type: Notebook. Screen: 1366x768; Display Size: 15.6 inches; GPU: Intel HD Graphics 520; Operating System: Windows 10","2.1","Intel Core i5 6200U 2.3GHz","4","500.0"
"808","15-ba043na (A12-9700P/8GB/2TB/W10)","laptop","HP","68108.12","Type: Notebook. Screen: 1366x768; Display Size: 15.6 inches; GPU: AMD Radeon R7 Graphics; Operating System: Windows 10","2.04","AMD A12-Series 9700P 2.5GHz","8","2000.0"
"809","Inspiron 7567","laptop","Dell","181802.12","Type: Gaming. Screen: 4K Ultra HD 3840x2160; Display Size: 15.6 inches; GPU: Nvidia GeForce GTX 1050 Ti; Operating System: Windows 10","2.62","Intel Core i7 7700HQ 2.8GHz","16","512.0"
"810","IdeaPad 310-15IKB","laptop","Lenovo","65942.52","Type: Notebook. Screen: Full HD 1920x1080; Display Size: 15.6 inches; GPU: Nvidia GeForce 920M; Operating System: Windows 10","2.4","Intel Core i5 7200U 2.5GHz","4","1000.0"
"811","Omen 17-an012dx","laptop","HP","189381.72","Type: Gaming. Screen: IPS Panel Full HD 1920x1080; Display Size: 17.3 inches; GPU: AMD Radeon RX 580; Operating System: Windows 10","3.74","Intel Core i7 7700HQ 2.8GHz","12","1000.0"
"812","GE72MVR 7RG","laptop","MSI","261496.2","Type: Gaming. Screen: Full HD 1920x1080; Display Size: 17.3 inches; GPU: Nvidia GeForce GTX 1070; Operating System: Windows 10","2.9","Intel Core i7 7700HQ 2.8GHz","16","1512.0"
"813","Notebook 9","laptop","Samsung","162311.72","Type: Ultrabook. Screen: Full HD 1920x1080; Display Size: 13.3 inches; GPU: Intel HD Graphics 620; Operating System: Windows 10","0.81","Intel Core i5 7200U 2.5GHz","8","256.0"
"814","Vostro 5568","laptop","Dell","104057.08","Type: Notebook. Screen: Full HD 1920x1080; Display Size: 15.6 inches; GPU: Nvidia GeForce GT 940MX; Operating System: Windows 10","1.98","Intel Core i7 7500U 2.7GHz","8","1000.0"
"815","Vostro 3568","laptop","Dell","85520.63","Type: Notebook. Screen: Full HD 1920x1080; Display Size: 15.6 inches; GPU: AMD Radeon R5 M420; Operating System: Windows 10","2.18","Intel Core i5 7200U 2.5GHz","8","256.0"
"816","Thinkpad T470s","laptop","Lenovo","201292.52","Type: Ultrabook. Screen: Full HD 1920x1080; Display Size: 14.0 inches; GPU: Intel HD Graphics 620; Operating System: Windows 10","1.32","Intel Core i7 7500U 2.7GHz","8","256.0"
"817","Blade Stealth","laptop","Razer","194795.72","Type: Ultrabook. Screen: IPS Panel 4K Ultra HD / Touchscreen 3840x2160; Display Size: 12.5 inches; GPU: Intel HD Graphics 620; Operating System: Windows 10","1.29","Intel Core i7 7500U 2.5GHz","16","512.0"
"818","Chromebook 11","laptop","HP","41687.8","Type: Netbook. Screen: 1366x768; Display Size: 11.6 inches; GPU: Intel HD Graphics 400; Operating System: Chrome OS","1.23","Intel Celeron Dual Core N3060 1.6GHz","4","16.0"
"819","Alienware 17","laptop","Dell","271243.57","Type: Gaming. Screen: IPS Panel Full HD 1920x1080; Display Size: 17.3 inches; GPU: Nvidia GeForce GTX 1060; Operating System: Windows 10","4.36","Intel Core i7 7700HQ 2.8GHz","16","1128.0"
"820","Latitude 3480","laptop","Dell","81751.4","Type: Notebook. Screen: 1366x768; Display Size: 14.0 inches; GPU: Intel HD Graphics 520; Operating System: Windows 10","1.76","Intel Core i5 6200U 2.3GHz","4","500.0"
"821","V110-15ISK (i3-6006U/4GB/500GB/W10)","laptop","Lenovo","53046.37","Type: Notebook. Screen: 1366x768; Display Size: 15.6 inches; GPU: Intel HD Graphics 520; Operating System: Windows 10","2.1","Intel Core i3 6006U 2GHz","4","500.0"
"822","Tecra X40-D-10Z","laptop","Toshiba","118025.2","Type: Ultrabook. Screen: 1366x768; Display Size: 14.0 inches; GPU: Intel HD Graphics 620; Operating System: Windows 10","1.25","Intel Core i5 7200U 2.5GHz","4","128.0"
"823","Thinkpad X1","laptop","Lenovo","270591.72","Type: Ultrabook. Screen: IPS Panel Full HD 1920x1080; Display Size: 14.0 inches; GPU: Intel HD Graphics 620; Operating System: Windows 10","1.13","Intel Core i7 7500U 2.7GHz","8","512.0"
"824","GL62M 7RD","laptop","MSI","129827.72","Type: Gaming. Screen: Full HD 1920x1080; Display Size: 15.6 inches; GPU: Nvidia GeForce GTX 1050; Operating System: Windows 10","2.4","Intel Core i5 7300HQ 2.5GHz","8","256.0"
"825","ThinkPad X1","laptop","Lenovo","203025.0","Type: Ultrabook. Screen: IPS Panel Full HD 1920x1080; Display Size: 14.0 inches; GPU: Intel HD Graphics 620; Operating System: Windows 10","1.13","Intel Core i5 7200U 2.5GHz","8","256.0"
"826","Satellite Pro","laptop","Toshiba","54031.72","Type: Notebook. Screen: 1366x768; Display Size: 14.0 inches; GPU: Intel HD Graphics 510; Operating System: Windows 10","1.75","Intel Pentium Dual Core 4405U 2.1GHz","4","128.0"
"827","ZenBook Flip","laptop","Asus","147044.24","Type: 2 in 1 Convertible. Screen: Touchscreen / Full HD 1920x1080; Display Size: 13.3 inches; GPU: Intel HD Graphics 620; Operating System: Windows 10","1.1","Intel Core i5 7200U 2.5GHz","8","256.0"
"828","Latitude 3480","laptop","Dell","63343.8","Type: Notebook. Screen: 1366x768; Display Size: 14.0 inches; GPU: Intel HD Graphics 520; Operating System: Windows 10","1.76","Intel Core i3 6006U 2GHz","4","500.0"
"829","Chromebook 11","laptop","Acer","38439.4","Type: Netbook. Screen: IPS Panel 1366x768; Display Size: 11.6 inches; GPU: Intel HD Graphics 400; Operating System: Chrome OS","1.35","Intel Celeron Dual Core N3060 1.6GHz","4","32.0"
"830","Swift 3","laptop","Acer","67025.32","Type: Notebook. Screen: IPS Panel Full HD 1920x1080; Display Size: 14.0 inches; GPU: Intel HD Graphics 620; Operating System: Windows 10","1.5","Intel Core i3 7100U 2.4GHz","8","128.0"
"831","Blade Pro","laptop","Razer","595431.72","Type: Gaming. Screen: 4K Ultra HD / Touchscreen 3840x2160; Display Size: 17.3 inches; GPU: Nvidia GeForce GTX 1080; Operating System: Windows 10","3.49","Intel Core i7 7820HK 2.9GHz","32","512.0"
"832","Thinkpad X1","laptop","Lenovo","227279.72","Type: Ultrabook. Screen: IPS Panel Quad HD+ 2560x1440; Display Size: 14.0 inches; GPU: Intel HD Graphics 520; Operating System: Windows 10","1.1","Intel Core i7 6600U 2.6GHz","16","512.0"
"833","VivoBook Max","laptop","Asus","56197.32","Type: Notebook. Screen: Full HD 1920x1080; Display Size: 15.6 inches; GPU: Nvidia GeForce 920; Operating System: Linux","2.1","Intel Core i5 7200U 2.5GHz","4","1000.0"
"834","Thinkpad T460","laptop","Lenovo","128420.08","Type: Notebook. Screen: Full HD 1920x1080; Display Size: 14.0 inches; GPU: Intel HD Graphics 520; Operating System: Windows 10","1.7","Intel Core i5 6200U 2.3GHz","8","256.0"
"835","ThinkPad T470s","laptop","Lenovo","178662.0","Type: Notebook. Screen: IPS Panel Full HD 1920x1080; Display Size: 14.0 inches; GPU: Intel HD Graphics 620; Operating System: Windows 10","1.32","Intel Core i5 7300U 2.6GHz","8","256.0"
"836","Alienware 15","laptop","Dell","300436.94","Type: Gaming. Screen: Full HD 1920x1080; Display Size: 15.6 inches; GPU: Nvidia GeForce GTX 1070; Operating System: Windows 10","3.21","Intel Core i7 7700HQ 2.8GHz","16","1256.0"
"837","Rog GL702VS-BA023T","laptop","Asus","261929.32","Type: Gaming. Screen: Full HD 1920x1080; Display Size: 17.3 inches; GPU: Nvidia GeForce GTX 1070; Operating System: Windows 10","2.9","Intel Core i7 7700HQ 2.8GHz","16","1256.0"
"838","Satellite Pro","laptop","Toshiba","72439.32","Type: Notebook. Screen: 1366x768; Display Size: 15.6 inches; GPU: Intel HD Graphics 620; Operating System: Windows 10","2.0","Intel Core i3 7100U 2.4GHz","4","500.0"
"839","N42-20 Chromebook","laptop","Lenovo","35191.0","Type: Notebook. Screen: 1366x768; Display Size: 14.0 inches; GPU: Intel HD Graphics 400; Operating System: Chrome OS","1.5","Intel Celeron Quad Core N3160 1.6GHz","4","16.0"
"840","R558UA-DM966T (i5-7200U/8GB/128GB/FHD/W10)","laptop","Asus","63885.2","Type: Notebook. Screen: Full HD 1920x1080; Display Size: 15.6 inches; GPU: Intel HD Graphics 620; Operating System: Windows 10","2.3","Intel Core i5 7200U 2.5GHz","8","128.0"
"841","Rog GL702VM-GC017T","laptop","Asus","194795.72","Type: Gaming. Screen: Full HD 1920x1080; Display Size: 17.3 inches; GPU: Nvidia GeForce GTX 1060; Operating System: Windows 10","2.73","Intel Core i7 6700HQ 2.6GHz","16","1512.0"
"842","Alienware 17","laptop","Dell","332732.53","Type: Gaming. Screen: IPS Panel Full HD 1920x1080; Display Size: 17.3 inches; GPU: Nvidia GeForce GTX 1070; Operating System: Windows 10","4.42","Intel Core i7 7700HQ 2.8GHz","32","1512.0"
"843","ProBook 470","laptop","HP","98534.8","Type: Notebook. Screen: 1600x900; Display Size: 17.3 inches; GPU: Nvidia GeForce 930MX; Operating System: Windows 10","2.63","Intel Core i5 7200U 2.5GHz","8","1000.0"
"844","Vostro 3568","laptop","Dell","77310.84","Type: Notebook. Screen: 1366x768; Display Size: 15.6 inches; GPU: Intel HD Graphics 620; Operating System: Windows 10","2.18","Intel Core i5 7200U 2.5GHz","8","128.0"
"845","EliteBook 840","laptop","HP","202483.6","Type: Ultrabook. Screen: Full HD 1920x1080; Display Size: 14.0 inches; GPU: Intel HD Graphics 520; Operating System: Windows 7","1.54","Intel Core i7 6500U 2.5GHz","8","512.0"
"846","Vostro 3568","laptop","Dell","80018.92","Type: Notebook. Screen: Full HD 1920x1080; Display Size: 15.6 inches; GPU: AMD Radeon R5 M420; Operating System: Windows 10","2.18","Intel Core i7 7500U 2.7GHz","4","256.0"
"847","Chromebook X360","laptop","HP","66592.2","Type: 2 in 1 Convertible. Screen: Touchscreen 1366x768; Display Size: 11.6 inches; GPU: Intel HD Graphics 500; Operating System: Chrome OS","1.4","Intel Celeron Dual Core N3350 1.1GHz","4","32.0"
"848","ZenBook UX310UQ-GL026T","laptop","Asus","111095.28","Type: Ultrabook. Screen: IPS Panel Full HD 1920x1080; Display Size: 13.3 inches; GPU: Nvidia GeForce 940M; Operating System: Windows 10","1.45","Intel Core i5 6200U 2.3GHz","8","512.0"
"849","EliteBook x360","laptop","HP","246553.56","Type: 2 in 1 Convertible. Screen: Full HD / Touchscreen 1920x1080; Display Size: 13.3 inches; GPU: Intel HD Graphics 620; Operating System: Windows 10","1.28","Intel Core i5 7200U 2.5GHz","8","256.0"
"850","EliteBook 840","laptop","HP","158955.04","Type: Ultrabook. Screen: Full HD 1920x1080; Display Size: 14.0 inches; GPU: Intel HD Graphics 520; Operating System: Windows 10","1.54","Intel Core i7 6500U 2.5GHz","8","512.0"
"851","250 G6","laptop","HP","32375.72","Type: Notebook. Screen: 1366x768; Display Size: 15.6 inches; GPU: Intel HD Graphics 400; Operating System: No OS","1.86","Intel Celeron Dual Core N3060 1.6GHz","4","128.0"
"852","Rog GL502VM-DS74","laptop","Asus","205623.72","Type: Gaming. Screen: Full HD 1920x1080; Display Size: 15.6 inches; GPU: Nvidia GeForce GTX 1060; Operating System: Windows 10","2.1","Intel Core i7 7700HQ 2.8GHz","16","1128.0"
"853","Inspiron 5767","laptop","Dell","93662.2","Type: Notebook. Screen: Full HD 1920x1080; Display Size: 17.3 inches; GPU: AMD Radeon R7 M445; Operating System: Linux","2.83","Intel Core i7 7500U 2.7GHz","8","1000.0"
"854","ThinkPad T470p","laptop","Lenovo","206056.84","Type: Ultrabook. Screen: IPS Panel Full HD 1920x1080; Display Size: 14.0 inches; GPU: Nvidia GeForce GT 940MX; Operating System: Windows 10","1.96","Intel Core i7 7700HQ 2.8GHz","8","256.0"
"855","K556UR-DM621T (i7-7500U/8GB/256GB/GeForce","laptop","Asus","85216.36","Type: Notebook. Screen: IPS Panel Full HD 1920x1080; Display Size: 15.6 inches; GPU: Nvidia GeForce GTX 930MX; Operating System: Windows 10","2.3","Intel Core i7 7500U 2.7GHz","8","256.0"
"856","Latitude 5580","laptop","Dell","102324.6","Type: Notebook. Screen: Full HD 1920x1080; Display Size: 15.6 inches; GPU: Intel HD Graphics 620; Operating System: Windows 10","1.9","Intel Core i5 7200U 2.5GHz","8","128.0"
"857","X541NA (N4200/4GB/1TB/W10)","laptop","Asus","48617.72","Type: Notebook. Screen: 1366x768; Display Size: 15.6 inches; GPU: Intel HD Graphics 505; Operating System: Windows 10","2.0","Intel Pentium Quad Core N4200 1.1GHz","4","1000.0"
"858","EliteBook x360","laptop","HP","277088.52","Type: 2 in 1 Convertible. Screen: Full HD / Touchscreen 1920x1080; Display Size: 13.3 inches; GPU: Intel HD Graphics 620; Operating System: Windows 10","1.28","Intel Core i7 7600U 2.8GHz","8","256.0"
"859","Inspiron 5368","laptop","Dell","70273.72","Type: Notebook. Screen: Full HD / Touchscreen 1920x1080; Display Size: 13.3 inches; GPU: Intel HD Graphics 520; Operating System: Windows 10","1.62","Intel Core i5 6200U 2.3GHz","8","1000.0"
"860","IdeaPad 110-15ISK","laptop","Lenovo","50783.32","Type: Notebook. Screen: Full HD 1920x1080; Display Size: 15.6 inches; GPU: Intel HD Graphics 520; Operating System: No OS","2.2","Intel Core i3 6006U 2.0GHz","4","1000.0"
"861","ThinkPad E570","laptop","Lenovo","92109.46","Type: Notebook. Screen: IPS Panel Full HD 1920x1080; Display Size: 15.6 inches; GPU: Intel HD Graphics 620; Operating System: Windows 10","2.3","Intel Core i5 7200U 2.5GHz","8","1000.0"
"862","EliteBook 850","laptop","HP","146069.72","Type: Notebook. Screen: Full HD 1920x1080; Display Size: 15.6 inches; GPU: AMD Radeon R7 M465; Operating System: Windows 10","1.84","Intel Core i5 7300U 2.6GHz","8","256.0"
"863","Portege X30-D-10X","laptop","Toshiba","139139.8","Type: Notebook. Screen: Full HD 1920x1080; Display Size: 13.3 inches; GPU: Intel HD Graphics 620; Operating System: Windows 10","1.05","Intel Core i5 7200U 2.5GHz","4","128.0"
"864","Legion Y520-15IKBN","laptop","Lenovo","110120.76","Type: Gaming. Screen: IPS Panel Full HD 1920x1080; Display Size: 15.6 inches; GPU: Nvidia GeForce GTX 1050; Operating System: No OS","2.5","Intel Core i5 7300HQ 2.5GHz","8","1000.0"
"865","XPS 13","laptop","Dell","242547.2","Type: Ultrabook. Screen: Quad HD+ / Touchscreen 3200x1800; Display Size: 13.3 inches; GPU: Intel Iris Plus Graphics 640; Operating System: Windows 10","1.29","Intel Core i7 7660U 2.5GHz","16","512.0"
"866","Probook 450","laptop","HP","98534.8","Type: Notebook. Screen: Full HD 1920x1080; Display Size: 15.6 inches; GPU: Intel HD Graphics 520; Operating System: Windows 10","2.07","Intel Core i5 6200U 2.3GHz","4","500.0"
"867","Portégé Z30-C-188","laptop","Toshiba","118566.6","Type: Ultrabook. Screen: 1366x768; Display Size: 13.3 inches; GPU: Intel HD Graphics 520; Operating System: Windows 10","1.2","Intel Core i5 6200U 2.3GHz","8","256.0"
"868","ThinkPad Yoga","laptop","Lenovo","211146.0","Type: 2 in 1 Convertible. Screen: IPS Panel Full HD / Touchscreen 1920x1080; Display Size: 13.3 inches; GPU: Intel HD Graphics 620; Operating System: Windows 10","1.37","Intel Core i7 7500U 2.7GHz","8","256.0"
"869","TMX349-G2-M-50FS (i5-7200U/8GB/256GB/FHD/W10)","laptop","Acer","97668.56","Type: Notebook. Screen: IPS Panel Full HD 1920x1080; Display Size: 14.0 inches; GPU: Intel HD Graphics 620; Operating System: Windows 10","1.56","Intel Core i5 7200U 2.5GHz","8","256.0"
"870","Precision 3520","laptop","Dell","192521.84","Type: Workstation. Screen: Full HD 1920x1080; Display Size: 15.6 inches; GPU: Nvidia Quadro M620; Operating System: Windows 10","2.23","Intel Core i7 7700HQ 2.8GHz","8","1000.0"
"871","ThinkPad L570","laptop","Lenovo","114235.4","Type: Notebook. Screen: 1366x768; Display Size: 15.6 inches; GPU: Intel HD Graphics 620; Operating System: Windows 10","2.38","Intel Core i5 7200U 2.5GHz","4","500.0"
"872","IdeaPad 110-15ISK","laptop","Lenovo","51866.12","Type: Notebook. Screen: Full HD 1920x1080; Display Size: 15.6 inches; GPU: AMD Radeon R5 M430; Operating System: No OS","2.2","Intel Core i3 6006U 2GHz","4","1000.0"
"873","Tecra A50-D-11D","laptop","Toshiba","150292.64","Type: Notebook. Screen: IPS Panel Full HD 1920x1080; Display Size: 15.6 inches; GPU: Intel HD Graphics 620; Operating System: Windows 10","2.0","Intel Core i7 7500U 2.7GHz","8","256.0"
"874","Thinkpad 13","laptop","Lenovo","79585.8","Type: Notebook. Screen: IPS Panel Full HD 1920x1080; Display Size: 13.3 inches; GPU: Intel HD Graphics 620; Operating System: Windows 10","1.44","Intel Core i3 7100U 2.4GHz","4","180.0"
"875","Notebook 9","laptop","Samsung","200209.72","Type: Ultrabook. Screen: Full HD 1920x1080; Display Size: 15.0 inches; GPU: Nvidia GeForce 940MX; Operating System: Windows 10","1.23","Intel Core i7 7500U 2.7GHz","16","256.0"
"876","Latitude 7280","laptop","Dell","182993.2","Type: Ultrabook. Screen: Full HD 1920x1080; Display Size: 12.5 inches; GPU: Intel HD Graphics 620; Operating System: Windows 10","1.6","Intel Core i7 7600U 2.8GHz","8","256.0"
"877","X541NA-GO121 (N4200/4GB/1TB/Linux)","laptop","Asus","43202.64","Type: Notebook. Screen: 1366x768; Display Size: 15.6 inches; GPU: Intel HD Graphics 505; Operating System: Linux","2.0","Intel Pentium Quad Core N4200 1.1GHz","4","1000.0"
"878","Mi Notebook","laptop","Xiaomi","101241.8","Type: Ultrabook. Screen: IPS Panel Full HD 1920x1080; Display Size: 13.3 inches; GPU: Nvidia GeForce 940MX; Operating System: Windows 10","1.28","Intel Core i5 6200U 2.3GHz","8","256.0"
"879","Vostro 5568","laptop","Dell","98805.5","Type: Notebook. Screen: Full HD 1920x1080; Display Size: 15.6 inches; GPU: Nvidia GeForce 940MX; Operating System: Windows 10","2.18","Intel Core i5 7200U 2.5GHz","4","1128.0"
"880","ProBook 450","laptop","HP","90846.92","Type: Notebook. Screen: Full HD 1920x1080; Display Size: 15.6 inches; GPU: Intel HD Graphics 620; Operating System: Windows 10","2.04","Intel Core i5 7200U 2.5GHz","4","256.0"
"881","EliteBook x360","laptop","HP","184076.0","Type: 2 in 1 Convertible. Screen: Full HD / Touchscreen 1920x1080; Display Size: 13.3 inches; GPU: Intel HD Graphics 620; Operating System: Windows 10","1.28","Intel Core i5 7200U 2.5GHz","4","256.0"
"882","Pavilion x360","laptop","HP","74150.14","Type: 2 in 1 Convertible. Screen: Touchscreen 1366x768; Display Size: 15.6 inches; GPU: Intel HD Graphics 620; Operating System: Windows 10","2.3","Intel Core i5 7200U 2.5GHz","4","500.0"
"883","VivoBook L402NA","laptop","Asus","37681.44","Type: Notebook. Screen: 1366x768; Display Size: 14.1 inches; GPU: Intel HD Graphics 500; Operating System: Windows 10","1.65","Intel Celeron Dual Core N3350 1.1GHz","4","32.0"
"884","IdeaPad 510-15ISK","laptop","Lenovo","72439.32","Type: Notebook. Screen: IPS Panel Full HD 1920x1080; Display Size: 15.6 inches; GPU: Nvidia GeForce 940MX; Operating System: Windows 10","2.2","Intel Core i7 6500U 2.5GHz","8","1000.0"
"885","Inspiron 3552","laptop","Dell","39955.32","Type: Notebook. Screen: 1366x768; Display Size: 15.6 inches; GPU: Intel HD Graphics; Operating System: Windows 10","2.2","Intel Pentium Quad Core N3710 1.6GHz","4","500.0"
"886","EliteBook x360","laptop","HP","194795.72","Type: 2 in 1 Convertible. Screen: Full HD / Touchscreen 1920x1080; Display Size: 13.3 inches; GPU: Intel HD Graphics 620; Operating System: Windows 10","1.28","Intel Core i5 7200U 2.5GHz","4","256.0"
"887","Vostro 3568","laptop","Dell","49343.2","Type: Notebook. Screen: 1366x768; Display Size: 15.6 inches; GPU: AMD Radeon R5 M420X; Operating System: Linux","2.18","Intel Core i3 6006U 2.0GHz","4","1000.0"
"888","Rog GL753VD-GC082T","laptop","Asus","148332.77","Type: Gaming. Screen: Full HD 1920x1080; Display Size: 17.3 inches; GPU: Nvidia GeForce GTX 1050; Operating System: Windows 10","2.2","Intel Core i5 7300HQ 2.5GHz","12","1128.0"
"889","Chromebook C731-C78G","laptop","Acer","32159.16","Type: Netbook. Screen: IPS Panel 1366x768; Display Size: 11.6 inches; GPU: Intel HD Graphics 400; Operating System: Chrome OS","1.25","Intel Celeron Dual Core N3060 1.6GHz","4","32.0"
"890","IdeaPad 110-17ACL","laptop","Lenovo","41038.12","Type: Notebook. Screen: 1600x900; Display Size: 17.3 inches; GPU: AMD Radeon R3; Operating System: Windows 10","2.8","AMD A4-Series 7210 2.2GHz","4","500.0"
"891","Probook 640","laptop","HP","136974.2","Type: Notebook. Screen: Full HD 1920x1080; Display Size: 14.0 inches; GPU: Intel HD Graphics 620; Operating System: Windows 10","1.95","Intel Core i5 7200U 2.5GHz","4","128.0"
"892","Envy x360","laptop","HP","151483.72","Type: 2 in 1 Convertible. Screen: Quad HD+ / Touchscreen 3200x1800; Display Size: 13.3 inches; GPU: Intel HD Graphics 620; Operating System: Windows 10","1.42","Intel Core i7 7500U 2.7GHz","16","256.0"
"893","Notebook 9","laptop","Samsung","183967.72","Type: Ultrabook. Screen: Full HD 1920x1080; Display Size: 15.0 inches; GPU: Intel HD Graphics 620; Operating System: Windows 10","1.17","Intel Core i7 7500U 2.7GHz","8","256.0"
"894","ThinkPad T470s","laptop","Lenovo","194795.72","Type: Ultrabook. Screen: IPS Panel Full HD 1920x1080; Display Size: 14.0 inches; GPU: Intel HD Graphics 620; Operating System: Windows 10","1.32","Intel Core i5 7200U 2.5GHz","8","256.0"
"895","GS73VR Stealth","laptop","MSI","286833.72","Type: Gaming. Screen: IPS Panel 4K Ultra HD 3840x2160; Display Size: 17.3 inches; GPU: Nvidia GeForce GTX 1060; Operating System: Windows 10","2.43","Intel Core i7 6700HQ 2.6GHz","16","2512.0"
"896","Portege X30-D-10V","laptop","Toshiba","159713.0","Type: Notebook. Screen: Full HD 1920x1080; Display Size: 13.3 inches; GPU: Intel HD Graphics 620; Operating System: Windows 10","1.05","Intel Core i5 7200U 2.5GHz","8","256.0"
"897","Inspiron 7567","laptop","Dell","100592.12","Type: Gaming. Screen: Full HD 1920x1080; Display Size: 15.6 inches; GPU: Nvidia GeForce GTX 1050Ti; Operating System: Linux","2.62","Intel Core i7 7700HQ 2.8GHz","8","1000.0"
"898","ProBook 450","laptop","HP","97452.0","Type: Notebook. Screen: Full HD 1920x1080; Display Size: 15.6 inches; GPU: Nvidia GeForce 930MX; Operating System: Windows 10","2.04","Intel Core i7 7500U 2.7GHz","8","1000.0"
"899","Vostro 3568","laptop","Dell","66483.92","Type: Notebook. Screen: 1366x768; Display Size: 15.6 inches; GPU: AMD Radeon R5 M420X; Operating System: Windows 10","2.18","Intel Core i3 6006U 2.0GHz","4","1000.0"
"900","Latitude 5580","laptop","Dell","101241.8","Type: Notebook. Screen: Full HD 1920x1080; Display Size: 15.6 inches; GPU: Intel HD Graphics 620; Operating System: Windows 10","1.9","Intel Core i5 7300U 2.6GHz","8","500.0"
"901","XPS 13","laptop","Dell","217978.47","Type: 2 in 1 Convertible. Screen: Quad HD+ / Touchscreen 3200x1800; Display Size: 13.3 inches; GPU: Intel HD Graphics 615; Operating System: Windows 10","1.24","Intel Core i7 7Y75 1.3GHz","8","512.0"
"902","G701VO-IH74K (i7-6820HK/32GB/2x","laptop","Asus","138490.12","Type: Gaming. Screen: IPS Panel Full HD 1920x1080; Display Size: 17.3 inches; GPU: Nvidia GeForce GTX 980M; Operating System: Windows 10","3.58","Intel Core i7 6820HK 2.7GHz","32","512.0"
"903","XPS 13","laptop","Dell","178553.72","Type: 2 in 1 Convertible. Screen: Full HD / Touchscreen 1920x1080; Display Size: 13.3 inches; GPU: Intel HD Graphics 615; Operating System: Windows 10","1.22","Intel Core i7 7Y75 1.3GHz","16","256.0"
"904","ThinkPad X1","laptop","Lenovo","221865.72","Type: Ultrabook. Screen: IPS Panel Full HD 1920x1080; Display Size: 14.0 inches; GPU: Intel HD Graphics 620; Operating System: Windows 10","1.13","Intel Core i7 7500U 2.7GHz","8","256.0"
"905","ThinkPad T570","laptop","Lenovo","212552.56","Type: Notebook. Screen: IPS Panel Full HD 1920x1080; Display Size: 15.6 inches; GPU: Intel HD Graphics 620; Operating System: Windows 10","1.95","Intel Core i5 7200U 2.5GHz","8","512.0"
"906","Gram 15Z970","laptop","LG","227279.72","Type: Ultrabook. Screen: IPS Panel Full HD / Touchscreen 1920x1080; Display Size: 15.6 inches; GPU: Intel HD Graphics 620; Operating System: Windows 10","1.08","Intel Core i7 7500U 2.7GHz","16","512.0"
"907","Elitebook 820","laptop","HP","160579.24","Type: Netbook. Screen: Full HD 1920x1080; Display Size: 12.5 inches; GPU: Intel HD Graphics 620; Operating System: Windows 10","1.26","Intel Core i7 7500U 2.7GHz","8","512.0"
"908","Chromebook CB5-571-C1DZ","laptop","Acer","38872.52","Type: Notebook. Screen: IPS Panel Full HD 1920x1080; Display Size: 15.6 inches; GPU: Intel HD Graphics; Operating System: Chrome OS","2.2","Intel Celeron Dual Core 3205U 1.5GHz","4","16.0"
"909","IdeaPad Y700-15ISK","laptop","Lenovo","85432.92","Type: Notebook. Screen: IPS Panel Full HD 1920x1080; Display Size: 15.6 inches; GPU: Nvidia GeForce GTX 960M; Operating System: Windows 10","2.6","Intel Core i5 6300HQ 2.3GHz","8","1128.0"
"910","Gram 14Z970","laptop","LG","205623.72","Type: Ultrabook. Screen: IPS Panel Full HD / Touchscreen 1920x1080; Display Size: 14.0 inches; GPU: Intel HD Graphics 620; Operating System: Windows 10","0.98","Intel Core i7 7500U 2.7GHz","8","512.0"
"911","Latitude 5480","laptop","Dell","130477.4","Type: Notebook. Screen: Full HD 1920x1080; Display Size: 14.0 inches; GPU: Intel HD Graphics 620; Operating System: Windows 10","1.6","Intel Core i5 7440HQ 2.8GHz","8","256.0"
"912","Elitebook Folio","laptop","HP","335668.0","Type: Ultrabook. Screen: 4K Ultra HD / Touchscreen 3840x2160; Display Size: 12.5 inches; GPU: Intel HD Graphics 515; Operating System: Windows 10","1.09","Intel Core M 6Y75 1.2GHz","8","240.0"
"913","IdeaPad 510-15IKB","laptop","Lenovo","85432.92","Type: Notebook. Screen: Full HD 1920x1080; Display Size: 15.6 inches; GPU: Nvidia GeForce 940MX; Operating System: Windows 10","2.2","Intel Core i7 7500U 2.7GHz","6","256.0"
"914","ProBook 450","laptop","HP","110336.24","Type: Notebook. Screen: Full HD 1920x1080; Display Size: 15.6 inches; GPU: Nvidia GeForce 930MX; Operating System: Windows 10","2.04","Intel Core i7 7500U 2.7GHz","8","256.0"
"915","Aspire E5-575","laptop","Acer","54031.72","Type: Notebook. Screen: Full HD 1920x1080; Display Size: 15.6 inches; GPU: Intel HD Graphics 620; Operating System: Windows 10","2.4","Intel Core i3 7100U 2.4GHz","4","1000.0"
"916","ThinkPad 13","laptop","Lenovo","95394.68","Type: Notebook. Screen: Full HD 1920x1080; Display Size: 13.3 inches; GPU: Intel HD Graphics 620; Operating System: Windows 10","1.44","Intel Core i5 7200U 2.5GHz","4","128.0"
"917","Probook 430","laptop","HP","103948.8","Type: Notebook. Screen: Full HD 1920x1080; Display Size: 13.3 inches; GPU: Intel HD Graphics 620; Operating System: Windows 10","1.49","Intel Core i5 7200U 2.5GHz","8","256.0"
"918","GE72VR 6RF","laptop","MSI","173139.72","Type: Gaming. Screen: Full HD 1920x1080; Display Size: 17.3 inches; GPU: Nvidia GeForce GTX 1050 Ti; Operating System: Windows 10","2.7","Intel Core i7 7700HQ 2.8GHz","16","1256.0"
"919","Inspiron 7567","laptop","Dell","146069.72","Type: Gaming. Screen: Full HD 1920x1080; Display Size: 15.6 inches; GPU: Nvidia GeForce GTX 1050 Ti; Operating System: Windows 10","2.6","Intel Core i7 7700HQ 2.8GHz","16","1128.0"
"920","GL62M 7RD","laptop","MSI","121263.85","Type: Gaming. Screen: Full HD 1920x1080; Display Size: 15.6 inches; GPU: Nvidia GeForce GTX 1050; Operating System: Windows 10","2.2","Intel Core i5 7300HQ 2.5GHz","8","1128.0"
"921","Vostro 3568","laptop","Dell","74170.72","Type: Notebook. Screen: 1366x768; Display Size: 15.6 inches; GPU: AMD Radeon R5 M420; Operating System: Windows 10","2.18","Intel Core i5 7200U 2.5GHz","4","1000.0"
"922","EliteBook 850","laptop","HP","140438.08","Type: Ultrabook. Screen: Full HD 1920x1080; Display Size: 15.6 inches; GPU: AMD Radeon R7 M365X; Operating System: Windows 10","1.84","Intel Core i7 6500U 2.5GHz","8","256.0"
"923","Envy 13-AB077cl","laptop","HP","124413.72","Type: Ultrabook. Screen: Quad HD+ / Touchscreen 3200x1800; Display Size: 13.3 inches; GPU: Intel HD Graphics 620; Operating System: Windows 10","1.39","Intel Core i7 7500U 2.7GHz","8","256.0"
"924","Tecra Z50-C-140","laptop","Toshiba","213853.0","Type: Notebook. Screen: IPS Panel Full HD 1920x1080; Display Size: 15.6 inches; GPU: Nvidia GeForce 930M; Operating System: Windows 10","2.4","Intel Core i7 6600U 2.6GHz","16","256.0"
"925","ThinkPad Yoga","laptop","Lenovo","197611.0","Type: 2 in 1 Convertible. Screen: IPS Panel Full HD / Touchscreen 1920x1080; Display Size: 13.3 inches; GPU: Intel HD Graphics 620; Operating System: Windows 10","1.37","Intel Core i5 7200U 2.5GHz","8","512.0"
"926","Latitude 3580","laptop","Dell","79033.57","Type: Notebook. Screen: 1366x768; Display Size: 15.6 inches; GPU: Intel HD Graphics 520; Operating System: Windows 10","1.95","Intel Core i5 6200U 2.3GHz","4","500.0"
"927","Thinkpad X270","laptop","Lenovo","178662.0","Type: Ultrabook. Screen: IPS Panel Full HD 1920x1080; Display Size: 12.5 inches; GPU: Intel HD Graphics 620; Operating System: Windows 10","1.36","Intel Core i7 7500U 2.7GHz","8","256.0"
"928","Probook 650","laptop","HP","126146.2","Type: Notebook. Screen: Full HD 1920x1080; Display Size: 15.6 inches; GPU: Intel HD Graphics 520; Operating System: Windows 10","2.31","Intel Core i5 6200U 2.3GHz","8","256.0"
"929","Vostro 3568","laptop","Dell","76668.74","Type: Notebook. Screen: 1366x768; Display Size: 15.6 inches; GPU: Intel HD Graphics 620; Operating System: Windows 10","2.18","Intel Core i5 7200U 2.5GHz","4","1000.0"
"930","ProBook 640","laptop","HP","124413.72","Type: Notebook. Screen: 1366x768; Display Size: 14.0 inches; GPU: Intel HD Graphics 520; Operating System: Windows 10","1.95","Intel Core i5 6200U 2.3GHz","4","500.0"
"931","IdeaPad 320-15IAP","laptop","Lenovo","33458.52","Type: Notebook. Screen: 1366x768; Display Size: 15.6 inches; GPU: Intel HD Graphics 505; Operating System: Windows 10","2.2","Intel Pentium Quad Core N4200 1.1GHz","4","1000.0"
"932","EliteBook 820","laptop","HP","170974.12","Type: Ultrabook. Screen: Full HD 1920x1080; Display Size: 12.5 inches; GPU: Intel HD Graphics 520; Operating System: Windows 10","1.26","Intel Core i5 6200U 2.3GHz","4","500.0"
"933","250 G6","laptop","HP","31282.09","Type: Notebook. Screen: 1366x768; Display Size: 15.6 inches; GPU: Intel HD Graphics 400; Operating System: No OS","1.86","Intel Celeron Dual Core N3060 1.6GHz","4","1000.0"
"934","Yoga 900-13ISK","laptop","Lenovo","194795.72","Type: 2 in 1 Convertible. Screen: IPS Panel Quad HD+ / Touchscreen 3200x1800; Display Size: 13.3 inches; GPU: Intel Iris Graphics 540; Operating System: Windows 10","1.3","Intel Core i7 6560U 2.2GHz","16","1000.0"
"935","Tecra Z40-C-12X","laptop","Toshiba","119649.4","Type: Notebook. Screen: IPS Panel Full HD 1920x1080; Display Size: 14.0 inches; GPU: Intel HD Graphics 520; Operating System: Windows 10","1.47","Intel Core i5 6200U 2.3GHz","4","128.0"
"936","EliteBook 820","laptop","HP","180719.32","Type: Netbook. Screen: Full HD 1920x1080; Display Size: 12.5 inches; GPU: Intel HD Graphics 520; Operating System: Windows 10","1.26","Intel Core i5 6200U 2.3GHz","8","256.0"
"937","Vostro 3568","laptop","Dell","60485.21","Type: Notebook. Screen: 1366x768; Display Size: 15.6 inches; GPU: Intel HD Graphics 520; Operating System: Windows 10","2.18","Intel Core i3 6006U 2.0GHz","4","1000.0"
"938","GP62M Leopard","laptop","MSI","129827.72","Type: Gaming. Screen: Full HD 1920x1080; Display Size: 15.6 inches; GPU: Nvidia GeForce GTX 1050; Operating System: Windows 10","2.2","Intel Core i7 7700HQ 2.8GHz","8","1128.0"
"939","Latitude 7480","laptop","Dell","177470.92","Type: Ultrabook. Screen: Full HD 1920x1080; Display Size: 14.0 inches; GPU: Intel HD Graphics 620; Operating System: Windows 10","1.36","Intel Core i5 7200U 2.5GHz","8","256.0"
"940","Alienware 17","laptop","Dell","298636.24","Type: Gaming. Screen: 2560x1440; Display Size: 17.3 inches; GPU: Nvidia GeForce GTX 1080; Operating System: Windows 10","4.36","Intel Core i7 6820HK 2.7GHz","16","1512.0"
"941","Omen 17-W006na","laptop","HP","151483.72","Type: Gaming. Screen: IPS Panel Full HD 1920x1080; Display Size: 17.3 inches; GPU: Nvidia GeForce GTX 965M; Operating System: Windows 10","2.75","Intel Core i5 6300HQ 2.3GHz","8","1128.0"
"942","X751SV-TY001T (N3710/4GB/1TB/GeForce","laptop","Asus","57388.4","Type: Notebook. Screen: 1600x900; Display Size: 17.3 inches; GPU: Nvidia GeForce 920MX; Operating System: Windows 10","2.8","Intel Pentium Quad Core N3710 1.6GHz","4","1000.0"
"943","TravelMate P259-G2","laptop","Acer","67025.32","Type: Notebook. Screen: 1366x768; Display Size: 15.6 inches; GPU: Intel HD Graphics 620; Operating System: Windows 10","2.23","Intel Core i5 7200U 2.5GHz","4","500.0"
"944","Tecra A50-C-1ZV","laptop","Toshiba","121165.32","Type: Notebook. Screen: 1366x768; Display Size: 15.6 inches; GPU: Intel HD Graphics 520; Operating System: Windows 10","2.2","Intel Core i5 6200U 2.3GHz","8","256.0"
"945","Yoga 700-11ISK","laptop","Lenovo","140655.72","Type: 2 in 1 Convertible. Screen: IPS Panel Full HD / Touchscreen 1920x1080; Display Size: 11.3 inches; GPU: Intel HD Graphics 515; Operating System: Windows 10","1.1","Intel Core M m7-6Y75 1.2GHz","8","256.0"
"946","IdeaPad Y700-15ACZ","laptop","Lenovo","108171.72","Type: Gaming. Screen: IPS Panel Full HD 1920x1080; Display Size: 15.6 inches; GPU: AMD Radeon R9 M385; Operating System: Windows 10","2.5","AMD FX 8800P 2.1GHz","16","1512.0"
"947","Latitude 7280","laptop","Dell","159409.82","Type: Ultrabook. Screen: Full HD / Touchscreen 1920x1080; Display Size: 12.5 inches; GPU: Intel HD Graphics; Operating System: Windows 10","1.36","Intel Core i5 7200U 2.5GHz","8","256.0"
"948","IdeaPad 310-15IKB","laptop","Lenovo","74171.8","Type: Notebook. Screen: Full HD 1920x1080; Display Size: 15.6 inches; GPU: Nvidia GeForce 920MX; Operating System: No OS","2.2","Intel Core i7 7500U 2.7GHz","8","1000.0"
"949","Insprion 5767","laptop","Dell","71356.52","Type: Notebook. Screen: 1600x900; Display Size: 17.3 inches; GPU: AMD Radeon R7 M445; Operating System: Windows 10","2.36","Intel Core i3 6006U 2.0GHz","4","1000.0"
"950","Chromebook 14","laptop","Acer","37789.72","Type: Notebook. Screen: 1366x768; Display Size: 14.0 inches; GPU: Intel HD Graphics 400; Operating System: Chrome OS","1.68","Intel Celeron Dual Core N3060 1.6GHz","4","32.0"
"951","ZBook Studio","laptop","HP","243521.72","Type: Workstation. Screen: IPS Panel Full HD 1920x1080; Display Size: 15.6 inches; GPU: Nvidia Quadro M1000M; Operating System: Windows 10","2.0","Intel Core i7 6820HQ 2.7GHz","8","8.0"
"952","Latitude 7480","laptop","Dell","192197.0","Type: Ultrabook. Screen: Full HD 1920x1080; Display Size: 14.0 inches; GPU: Intel HD Graphics 620; Operating System: Windows 10","1.36","Intel Core i7 7600U 2.8GHz","8","256.0"
"953","Portege Z30-C-1CW","laptop","Toshiba","158088.8","Type: Notebook. Screen: Full HD 1920x1080; Display Size: 13.3 inches; GPU: Intel HD Graphics 520; Operating System: Windows 7","1.2","Intel Core i5 6200U 2.3GHz","8","256.0"
"954","Chromebook Flip","laptop","Asus","125496.52","Type: 2 in 1 Convertible. Screen: Full HD 1920x1080; Display Size: 12.5 inches; GPU: Intel HD Graphics 515; Operating System: Chrome OS","1.2","Intel Core M M7-6Y75 1.2GHz","8","64.0"
"955","Thinkpad T460","laptop","Lenovo","161227.84","Type: Ultrabook. Screen: IPS Panel Full HD 1920x1080; Display Size: 14.0 inches; GPU: Intel HD Graphics 520; Operating System: Windows 10","1.7","Intel Core i7 6600U 2.6GHz","8","256.0"
"956","Alienware 17","laptop","Dell","341515.12","Type: Gaming. Screen: IPS Panel 4K Ultra HD 3840x2160; Display Size: 17.3 inches; GPU: Nvidia GeForce GTX 1070; Operating System: Windows 10","4.36","Intel Core i7 7700HQ 2.8GHz","16","1512.0"
"957","XPS 13","laptop","Dell","205623.72","Type: 2 in 1 Convertible. Screen: Full HD / Touchscreen 1920x1080; Display Size: 13.3 inches; GPU: Intel HD Graphics 615; Operating System: Windows 10","1.24","Intel Core i5 7Y54 1.2GHz","8","256.0"
"958","ProBook x360","laptop","HP","83917.0","Type: 2 in 1 Convertible. Screen: Touchscreen 1366x768; Display Size: 11.6 inches; GPU: Intel HD Graphics 505; Operating System: Windows 10","1.45","Intel Pentium Quad Core N4200 1.1GHz","4","256.0"
"959","XPS 13","laptop","Dell","137299.04","Type: Ultrabook. Screen: Quad HD+ 3200x1800; Display Size: 13.3 inches; GPU: Intel HD Graphics 520; Operating System: Windows 10","1.3","Intel Core i7 6500U 2.5GHz","8","256.0"
"960","Chromebook C738T-C2EJ","laptop","Acer","42120.92","Type: 2 in 1 Convertible. Screen: IPS Panel Touchscreen 1366x768; Display Size: 11.6 inches; GPU: Intel HD Graphics 400; Operating System: Chrome OS","1.25","Intel Celeron Dual Core N3060 1.6GHz","4","32.0"
"961","Portege Z30-C-16Z","laptop","Toshiba","166209.8","Type: Notebook. Screen: Full HD 1920x1080; Display Size: 13.3 inches; GPU: Intel HD Graphics 520; Operating System: Windows 10","1.2","Intel Core i5 6300U 2.4GHz","8","256.0"
"962","ThinkPad X270","laptop","Lenovo","190572.8","Type: Ultrabook. Screen: IPS Panel Full HD 1920x1080; Display Size: 12.5 inches; GPU: Intel HD Graphics 620; Operating System: Windows 10","1.36","Intel Core i5 7300U 2.6GHz","8","256.0"
"963","Aspire F5-573G-510L","laptop","Acer","109254.52","Type: Notebook. Screen: Full HD 1920x1080; Display Size: 15.6 inches; GPU: Nvidia GeForce GTX 950M; Operating System: Windows 10","2.4","Intel Core i5 7200U 2.5GHz","12","1128.0"
"964","Portege X20W-D-10V","laptop","Toshiba","193821.2","Type: Ultrabook. Screen: Full HD / Touchscreen 1920x1080; Display Size: 12.5 inches; GPU: Intel HD Graphics 620; Operating System: Windows 10","1.1","Intel Core i7 7500U 2.7GHz","8","512.0"
"965","ProBook 450","laptop","HP","91659.02","Type: Notebook. Screen: 1366x768; Display Size: 15.6 inches; GPU: Nvidia GeForce 930MX; Operating System: Windows 10","2.04","Intel Core i5 7200U 2.50GHz","8","1000.0"
"966","Inspiron 3567","laptop","Dell","50417.33","Type: Notebook. Screen: 1366x768; Display Size: 15.6 inches; GPU: AMD Radeon R5 M430; Operating System: Linux","2.25","Intel Core i3 6006U 2.0GHz","4","1000.0"
"967","Latitude 5580","laptop","Dell","89331.0","Type: Notebook. Screen: 1366x768; Display Size: 15.6 inches; GPU: Intel HD Graphics 620; Operating System: Windows 10","1.9","Intel Core i5 7200U 2.5GHz","4","500.0"
"968","ProBook 450","laptop","HP","74171.8","Type: Notebook. Screen: Full HD 1920x1080; Display Size: 15.6 inches; GPU: Intel HD Graphics 620; Operating System: Windows 10","2.04","Intel Core i3 7100U 2.4GHz","4","500.0"
"969","Alienware 17","laptop","Dell","340973.72","Type: Gaming. Screen: IPS Panel Full HD 1920x1080; Display Size: 17.3 inches; GPU: Nvidia GeForce GTX 1070; Operating System: Windows 10","4.42","Intel Core i7 7700HQ 2.8GHz","32","1256.0"
"970","IdeaPad 310-15IKB","laptop","Lenovo","75254.6","Type: Notebook. Screen: Full HD 1920x1080; Display Size: 15.6 inches; GPU: Nvidia GeForce 920MX; Operating System: Windows 10","2.4","Intel Core i5 7200U 2.5GHz","6","256.0"
"971","XPS 13","laptop","Dell","205623.72","Type: 2 in 1 Convertible. Screen: Quad HD+ / Touchscreen 3200x1800; Display Size: 13.3 inches; GPU: Intel HD Graphics 615; Operating System: Windows 10","1.22","Intel Core i7 7Y75 1.3GHz","16","512.0"
"972","Latitude E7470","laptop","Dell","212551.47","Type: Ultrabook. Screen: Touchscreen 2560x1440; Display Size: 14.0 inches; GPU: Intel HD Graphics 520; Operating System: Windows 10","1.5","Intel Core i7 6600U 2.6GHz","8","256.0"
"973","Alienware 17","laptop","Dell","303184.0","Type: Gaming. Screen: Full HD 1920x1080; Display Size: 17.3 inches; GPU: Nvidia GeForce GTX 1070; Operating System: Windows 10","4.42","Intel Core i7 6700HQ 2.6GHz","32","1256.0"
"974","Tecra A40-C-1DF","laptop","Toshiba","127770.4","Type: Notebook. Screen: Full HD 1920x1080; Display Size: 14.0 inches; GPU: Intel HD Graphics 520; Operating System: Windows 10","1.95","Intel Core i5 6200U 2.3GHz","8","256.0"
"975","Rog Strix","laptop","Asus","221963.17","Type: Gaming. Screen: Full HD 1920x1080; Display Size: 17.3 inches; GPU: Nvidia GeForce GTX 1060; Operating System: Windows 10","2.73","Intel Core i7 7700HQ 2.8GHz","16","1256.0"
"976","Probook 450","laptop","HP","106006.12","Type: Notebook. Screen: IPS Panel Full HD 1920x1080; Display Size: 15.6 inches; GPU: Nvidia GeForce 930MX; Operating System: Windows 10","2.04","Intel Core i5 7200U 2.70GHz","8","1128.0"
"977","ThinkPad T460","laptop","Lenovo","108496.56","Type: Notebook. Screen: 1366x768; Display Size: 14.0 inches; GPU: Intel HD Graphics 520; Operating System: Windows 7","1.7","Intel Core i5 6200U 2.3GHz","4","508.0"
"978","Q534UX-BHI7T19 (i7-7500U/16GB/2TB","laptop","Asus","194795.72","Type: 2 in 1 Convertible. Screen: 4K Ultra HD / Touchscreen 3840x2160; Display Size: 15.6 inches; GPU: Nvidia GeForce GTX 950M; Operating System: Windows 10","2.3","Intel Core i7 7500U 2.7GHz","16","2512.0"
"979","15-bs053od (i7-7500U/6GB/1TB/W10)","laptop","HP","62694.12","Type: Notebook. Screen: 1366x768; Display Size: 15.6 inches; GPU: Intel HD Graphics 620; Operating System: Windows 10","2.04","Intel Core i7 7500U 2.7GHz","6","1000.0"
"980","Rog GL753VE-DS74","laptop","Asus","189381.72","Type: Gaming. Screen: Full HD 1920x1080; Display Size: 17.3 inches; GPU: Nvidia GeForce GTX 1050 Ti; Operating System: Windows 10","2.99","Intel Core i7 7700HQ 2.8GHz","16","1256.0"
"981","Inspiron 7579","laptop","Dell","140655.72","Type: 2 in 1 Convertible. Screen: IPS Panel Full HD / Touchscreen 1920x1080; Display Size: 15.6 inches; GPU: Intel HD Graphics 620; Operating System: Windows 10","2.19","Intel Core i7 7500U 2.7GHz","12","512.0"
"982","Portege Z30-C-1CV","laptop","Toshiba","129394.6","Type: Notebook. Screen: Full HD 1920x1080; Display Size: 13.3 inches; GPU: Intel HD Graphics 520; Operating System: Windows 7","1.2","Intel Core i5 6200U 2.3GHz","4","128.0"
"983","IdeaPad 320-15ABR","laptop","Lenovo","59445.72","Type: Notebook. Screen: Full HD 1920x1080; Display Size: 15.6 inches; GPU: AMD Radeon 530; Operating System: Windows 10","2.2","AMD A12-Series 9720P 3.6GHz","6","256.0"
"984","LifeBook A556","laptop","Fujitsu","70273.72","Type: Notebook. Screen: 1366x768; Display Size: 15.6 inches; GPU: Intel HD Graphics 520; Operating System: Windows 10","2.3","Intel Core i5 6200U 2.3GHz","4","256.0"
"985","Tecra A40-C-1KF","laptop","Toshiba","99076.2","Type: Notebook. Screen: 1366x768; Display Size: 14.0 inches; GPU: Intel HD Graphics 520; Operating System: Windows 10","1.75","Intel Core i5 6200U 2.3GHz","4","500.0"
"986","Inspiron 3567","laptop","Dell","64859.72","Type: Notebook. Screen: 1366x768; Display Size: 15.6 inches; GPU: AMD Radeon R5 M430; Operating System: Windows 10","2.25","Intel Core i5 7200U 2.5GHz","4","500.0"
"987","Probook 450","laptop","HP","87273.68","Type: Notebook. Screen: Full HD 1920x1080; Display Size: 15.6 inches; GPU: Intel HD Graphics 620; Operating System: Windows 10","2.04","Intel Core i5 7200U 2.5GHz","8","1000.0"
"988","Legion Y520-15IKBN","laptop","Lenovo","128744.92","Type: Gaming. Screen: IPS Panel Full HD 1920x1080; Display Size: 15.6 inches; GPU: Nvidia GeForce GTX 1060; Operating System: Windows 10","2.5","Intel Core i7 7700HQ 2.8GHz","8","1128.0"
"989","Inspiron 5567","laptop","Dell","81101.72","Type: Notebook. Screen: 1366x768; Display Size: 15.6 inches; GPU: AMD Radeon R7 M445; Operating System: Windows 10","2.36","Intel Core i7 7500U 2.7GHz","8","1000.0"
"990","Latitude 5480","laptop","Dell","121165.32","Type: Notebook. Screen: Full HD 1920x1080; Display Size: 14.0 inches; GPU: Intel HD Graphics 620 ; Operating System: Windows 10","1.6","Intel Core i5 7200U 2.5GHz","8","128.0"
"991","EliteBook Folio","laptop","HP","206598.24","Type: Netbook. Screen: Full HD 1920x1080; Display Size: 12.5 inches; GPU: Intel HD Graphics 515; Operating System: Windows 10","0.97","Intel Core M 6Y75 1.2GHz","8","512.0"
"992","15-bs005nv (i3-6006U/4GB/1TB","laptop","HP","54031.72","Type: Notebook. Screen: Full HD 1920x1080; Display Size: 15.6 inches; GPU: AMD Radeon 520; Operating System: Windows 10","2.1","Intel Core i3 6006U 2GHz","4","1128.0"
"993","V110-15IAP (N3350/4GB/128GB/No","laptop","Lenovo","29302.73","Type: Notebook. Screen: 1366x768; Display Size: 15.6 inches; GPU: Intel HD Graphics 500; Operating System: No OS","1.9","Intel Celeron Dual Core N3350 1.1GHz","4","128.0"
"994","ThinkPad T560","laptop","Lenovo","146069.72","Type: Notebook. Screen: Full HD 1920x1080; Display Size: 15.6 inches; GPU: Intel HD Graphics 520; Operating System: Windows 10","2.3","Intel Core i5 6200U 2.3GHz","8","256.0"
"995","Inspiron 5378","laptop","Dell","96260.92","Type: 2 in 1 Convertible. Screen: Full HD / Touchscreen 1920x1080; Display Size: 13.3 inches; GPU: Intel HD Graphics 620; Operating System: Windows 10","1.68","Intel Core i5 7200U 2.5GHz","8","256.0"
"996","ZenBook UX310UA-FB485T","laptop","Asus","124522.0","Type: Notebook. Screen: Quad HD+ 3200x1800; Display Size: 13.3 inches; GPU: Intel HD Graphics 620; Operating System: Windows 10","1.4","Intel Core i5 7200U 2.5GHz","8","256.0"
"997","Spectre 13-V111dx","laptop","HP","146069.72","Type: Ultrabook. Screen: IPS Panel Full HD / Touchscreen 1920x1080; Display Size: 13.3 inches; GPU: Intel HD Graphics 620; Operating System: Windows 10","1.11","Intel Core i7 7500U 2.7GHz","8","256.0"
"998","Aspire ES1-533","laptop","Acer","41146.4","Type: Notebook. Screen: 1366x768; Display Size: 15.6 inches; GPU: Intel HD Graphics 505; Operating System: Windows 10","2.4","Intel Pentium Quad Core N4200 1.1GHz","4","500.0"
"999","Rog GL553VE-DS74","laptop","Asus","194795.72","Type: Gaming. Screen: Full HD 1920x1080; Display Size: 15.6 inches; GPU: Nvidia GeForce GTX 1050 Ti; Operating System: Windows 10","2.5","Intel Core i7 7700HQ 2.8GHz","16","1256.0"
"1000","EliteBook 840","laptop","HP","226196.92","Type: Ultrabook. Screen: Full HD 1920x1080; Display Size: 14.0 inches; GPU: Intel HD Graphics 620; Operating System: Windows 10","1.48","Intel Core i7 7500U 2.7GHz","8","512.0"
"1001","Nitro 5","laptop","Acer","136432.8","Type: Gaming. Screen: IPS Panel Full HD 1920x1080; Display Size: 15.6 inches; GPU: Nvidia GeForce GTX 1050; Operating System: Windows 10","2.7","Intel Core i7 7700HQ 2.8GHz","8","1128.0"
"1002","ENVY -","laptop","HP","128744.92","Type: Notebook. Screen: IPS Panel Full HD 1920x1080; Display Size: 13.3 inches; GPU: Intel HD Graphics 620; Operating System: Windows 10","1.34","Intel Core i5 7200U 2.5GHz","8","256.0"
"1003","Vostro 3568","laptop","Dell","59229.16","Type: Notebook. Screen: 1366x768; Display Size: 15.6 inches; GPU: Intel HD Graphics 620; Operating System: Windows 10","2.18","Intel Core i3 7100U 2.4GHz","4","128.0"
"1004","Probook 440","laptop","HP","84350.12","Type: Notebook. Screen: 1366x768; Display Size: 14.0 inches; GPU: Intel HD Graphics 620; Operating System: Windows 10","1.64","Intel Core i5 7200U 2.5GHz","4","500.0"
"1005","Portege Z30-C-16H","laptop","Toshiba","129394.6","Type: Notebook. Screen: Full HD 1920x1080; Display Size: 13.3 inches; GPU: Intel HD Graphics 520; Operating System: Windows 10","1.2","Intel Core i5 6200U 2.3GHz","4","128.0"
"1006","EliteBook 840","laptop","HP","119106.92","Type: Notebook. Screen: 1366x768; Display Size: 14.0 inches; GPU: Intel HD Graphics 520; Operating System: Windows 10","1.48","Intel Core i5 6300U 2.4GHz","4","256.0"
"1007","ProBook 640","laptop","HP","130477.4","Type: Notebook. Screen: Full HD 1920x1080; Display Size: 14.0 inches; GPU: Intel HD Graphics 620; Operating System: Windows 10","1.95","Intel Core i5 7200U 2.5GHz","4","256.0"
"1008","EliteBook 1040","laptop","HP","156897.72","Type: Ultrabook. Screen: Full HD 1920x1080; Display Size: 14.0 inches; GPU: Intel HD Graphics 520; Operating System: Windows 7","1.43","Intel Core i7 6600U 2.6GHz","8","256.0"
"1009","ProBook 440","laptop","HP","113613.87","Type: Notebook. Screen: Full HD 1920x1080; Display Size: 14.0 inches; GPU: Nvidia GeForce 930MX; Operating System: Windows 10","1.64","Intel Core i5 7200U 2.5GHz","8","256.0"
"1010","Probook 440","laptop","HP","74063.52","Type: Notebook. Screen: 1366x768; Display Size: 14.0 inches; GPU: Intel HD Graphics 620; Operating System: Windows 10","1.64","Intel Core i3 7100U 2.4GHz","4","500.0"
"1011","Inspiron 7567","laptop","Dell","102757.72","Type: Gaming. Screen: Full HD 1920x1080; Display Size: 15.6 inches; GPU: Nvidia GeForce GTX 1050; Operating System: Windows 10","2.65","Intel Core i5 7300HQ 2.5GHz","8","1000.0"
"1012","EliteBook 820","laptop","HP","166642.92","Type: Ultrabook. Screen: Full HD 1920x1080; Display Size: 12.5 inches; GPU: Intel HD Graphics 620; Operating System: Windows 10","1.26","Intel Core i5 7200U 2.5GHz","4","500.0"
"1013","Elitebook 840","laptop","HP","172165.2","Type: Notebook. Screen: Full HD 1920x1080; Display Size: 14.0 inches; GPU: Intel HD Graphics 620; Operating System: Windows 10","1.48","Intel Core i5 7200U 2.5GHz","4","256.0"
"1014","EliteBook 840","laptop","HP","204347.1","Type: Ultrabook. Screen: Full HD 1920x1080; Display Size: 14.0 inches; GPU: Intel HD Graphics 520; Operating System: Windows 10","1.54","Intel Core i7 6500U 2.5GHz","8","256.0"
"1015","Probook 430","laptop","HP","86624.0","Type: Notebook. Screen: 1366x768; Display Size: 13.3 inches; GPU: Intel HD Graphics 620; Operating System: Windows 10","1.49","Intel Core i3 7100U 2.4GHz","4","500.0"
"1016","Portege A30-C-1CZ","laptop","Toshiba","131018.8","Type: Notebook. Screen: 1366x768; Display Size: 13.3 inches; GPU: Intel HD Graphics 520; Operating System: Windows 10","1.5","Intel Core i5 6200U 2.3GHz","8","256.0"
"1017","ProBook 450","laptop","HP","83374.52","Type: Notebook. Screen: 1366x768; Display Size: 15.6 inches; GPU: Intel HD Graphics 620; Operating System: Windows 10","2.04","Intel Core i3 7100U 2.4GHz","4","256.0"
"1018","ThinkPad P70","laptop","Lenovo","321375.04","Type: Notebook. Screen: IPS Panel 4K Ultra HD 3840x2160; Display Size: 17.3 inches; GPU: Nvidia Quadro 3000M; Operating System: Windows 7","2.4","Intel Core i7 6820HQ 2.7GHz","16","512.0"
"1019","Tecra Z40-C-12Z","laptop","Toshiba","161337.2","Type: Notebook. Screen: IPS Panel Full HD 1920x1080; Display Size: 14.0 inches; GPU: Intel HD Graphics 520; Operating System: Windows 10","1.47","Intel Core i5 6200U 2.3GHz","8","256.0"
"1020","EliteBook 1040","laptop","HP","241356.12","Type: Notebook. Screen: Full HD 1920x1080; Display Size: 14.0 inches; GPU: Intel HD Graphics 520; Operating System: Windows 10","1.43","Intel Core i7 6500U 2.5GHz","8","256.0"
"1021","Inspiron 5568","laptop","Dell","86189.8","Type: 2 in 1 Convertible. Screen: IPS Panel Full HD / Touchscreen 1920x1080; Display Size: 15.6 inches; GPU: Intel HD Graphics 520; Operating System: Windows 10","2.08","Intel Core i3 6100U 2.3GHz","4","1000.0"
"1022","Portégé Z30-C-16K","laptop","Toshiba","172165.2","Type: Ultrabook. Screen: Full HD 1920x1080; Display Size: 13.3 inches; GPU: Intel HD Graphics 520; Operating System: Windows 10","1.2","Intel Core i5 6200U 2.3GHz","8","256.0"
"1023","Spectre 13-V100nv","laptop","HP","124413.72","Type: Notebook. Screen: IPS Panel Full HD 1920x1080; Display Size: 13.3 inches; GPU: Intel HD Graphics 620; Operating System: Windows 10","1.11","Intel Core i5 7200U 2.5GHz","8","256.0"
"1024","ProBook 440","laptop","HP","128358.36","Type: Notebook. Screen: Full HD 1920x1080; Display Size: 14.0 inches; GPU: Nvidia GeForce 930MX; Operating System: Windows 10","1.64","Intel Core i7 7500U 2.7GHz","8","256.0"
"1025","Latitude E5570","laptop","Dell","113308.52","Type: Notebook. Screen: Full HD 1920x1080; Display Size: 15.6 inches; GPU: Intel HD Graphics 520; Operating System: Windows 10","2.09","Intel Core i5 6300U 2.4GHz","8","500.0"
"1026","Elitebook 820","laptop","HP","168808.52","Type: Ultrabook. Screen: 1366x768; Display Size: 12.5 inches; GPU: Intel HD Graphics 620; Operating System: Windows 10","1.26","Intel Core i5 7200U 2.5GHz","4","256.0"
"1027","ProBook 650","laptop","HP","128744.92","Type: Notebook. Screen: 1366x768; Display Size: 14.0 inches; GPU: Intel HD Graphics 620; Operating System: Windows 10","2.31","Intel Core i5 7200U 2.5GHz","4","500.0"
"1028","ProBook 640","laptop","HP","114776.8","Type: Notebook. Screen: 1366x768; Display Size: 14.0 inches; GPU: Intel HD Graphics 620; Operating System: Windows 10","1.95","Intel Core i5 7200U 2.5GHz","4","500.0"
"1029","XPS 13","laptop","Dell","175846.72","Type: Ultrabook. Screen: Quad HD+ / Touchscreen 3200x1800; Display Size: 13.3 inches; GPU: Intel HD Graphics 620; Operating System: Windows 10","1.29","Intel Core i5 7200U 2.5GHz","8","256.0"
"1030","Probook 470","laptop","HP","116942.4","Type: Notebook. Screen: Full HD 1920x1080; Display Size: 17.3 inches; GPU: Nvidia GeForce 930MX; Operating System: Windows 10","2.63","Intel Core i5 7200U 2.5GHz","8","256.0"
"1031","ProBook 440","laptop","HP","105356.44","Type: Notebook. Screen: 1366x768; Display Size: 14.0 inches; GPU: Intel HD Graphics 620; Operating System: Windows 10","1.64","Intel Core i5 7200U 2.5GHz","4","256.0"
"1032","Aspire 3","laptop","Acer","44286.52","Type: Notebook. Screen: 1366x768; Display Size: 15.6 inches; GPU: AMD Radeon R5; Operating System: Windows 10","2.1","AMD A9-Series 9420 3GHz","6","1000.0"
"1033","GL72M 7RDX","laptop","MSI","129048.1","Type: Gaming. Screen: Full HD 1920x1080; Display Size: 17.3 inches; GPU: Nvidia GeForce GTX 1050; Operating System: Windows 10","2.7","Intel Core i7 7700HQ 2.8GHz","8","1128.0"
"1034","Probook 640","laptop","HP","129394.6","Type: Notebook. Screen: Full HD 1920x1080; Display Size: 14.0 inches; GPU: Intel HD Graphics 520; Operating System: Windows 7","1.95","Intel Core i5 6200U 2.3GHz","8","256.0"
"1035","EliteBook 850","laptop","HP","133075.04","Type: Notebook. Screen: Full HD 1920x1080; Display Size: 15.6 inches; GPU: Intel HD Graphics 520; Operating System: Windows 10","1.84","Intel Core i7 6500U 2.5GHz","8","256.0"
"1036","EliteBook 820","laptop","HP","146069.72","Type: Ultrabook. Screen: Full HD 1920x1080; Display Size: 12.5 inches; GPU: Intel HD Graphics 520; Operating System: Windows 10","1.26","Intel Core i7 6500U 2.5GHz","8","256.0"
"1037","ProBook 450","laptop","HP","80343.76","Type: Notebook. Screen: 1366x768; Display Size: 15.6 inches; GPU: Intel HD Graphics 620; Operating System: Windows 10","2.04","Intel Core i5 7200U 2.5GHz","4","500.0"
"1038","Tecra Z40-C-136","laptop","Toshiba","186783.0","Type: Ultrabook. Screen: IPS Panel Full HD 1920x1080; Display Size: 14.0 inches; GPU: Intel HD Graphics 520; Operating System: Windows 10","1.47","Intel Core i7 6600U 2.6GHz","8","256.0"
"1039","Latitude E5570","laptop","Dell","115096.23","Type: Notebook. Screen: Full HD 1920x1080; Display Size: 15.6 inches; GPU: Intel HD Graphics 520; Operating System: Windows 7","2.09","Intel Core i5 6300U 2.4GHz","8","256.0"
"1040","ProBook 440","laptop","HP","109418.02","Type: Notebook. Screen: Full HD 1920x1080; Display Size: 14.0 inches; GPU: Intel HD Graphics 620; Operating System: Windows 10","1.64","Intel Core i5 7200U 2.5GHz","8","256.0"
"1041","Yoga 500-15ISK","laptop","Lenovo","91713.16","Type: 2 in 1 Convertible. Screen: IPS Panel Full HD / Touchscreen 1920x1080; Display Size: 15.6 inches; GPU: Intel HD Graphics 520; Operating System: Windows 10","1.8","Intel Core i7 6500U 2.5GHz","4","256.0"
"1042","V142 (X5-Z8350/2GB/32GB/W10)","laptop","Vero","22825.42","Type: Notebook. Screen: 1366x768; Display Size: 14.0 inches; GPU: Intel HD Graphics 400; Operating System: Windows 10","1.45","Intel Atom X5-Z8350 1.44GHz","2","32.0"
"1043","Tecra A50-C-218","laptop","Toshiba","154299.0","Type: Notebook. Screen: IPS Panel Full HD 1920x1080; Display Size: 15.6 inches; GPU: Nvidia GeForce 930M; Operating System: Windows 10","2.4","Intel Core i7 6500U 2.5GHz","16","256.0"
"1044","Thinkpad L560","laptop","Lenovo","113650.69","Type: Notebook. Screen: Full HD 1920x1080; Display Size: 15.6 inches; GPU: Intel HD Graphics 520; Operating System: Windows 10","2.3","Intel Core i5 6200U 2.3GHz","8","256.0"
"1045","EliteBook 840","laptop","HP","108280.0","Type: Notebook. Screen: Full HD 1920x1080; Display Size: 14.0 inches; GPU: Intel HD Graphics 520; Operating System: Windows 10","1.54","Intel Core i5 6200U 2.3GHz","4","500.0"
"1046","EliteBook 850","laptop","HP","227749.66","Type: Notebook. Screen: Full HD 1920x1080; Display Size: 15.6 inches; GPU: Intel HD Graphics 520; Operating System: Windows 10","1.84","Intel Core i5 6300U 2.4GHz","8","756.0"
"1047","EliteBook 1040","laptop","HP","159063.32","Type: Notebook. Screen: Full HD 1920x1080; Display Size: 14.0 inches; GPU: Intel HD Graphics 520; Operating System: Windows 7","1.43","Intel Core i5 6200U 2.3GHz","8","256.0"
"1048","GT72S Dominator","laptop","MSI","167361.9","Type: Gaming. Screen: IPS Panel Full HD 1920x1080; Display Size: 17.3 inches; GPU: Nvidia GeForce GTX 980M; Operating System: Windows 10","3.78","Intel Core i7 6820HK 2.7GHz","16","1256.0"
"1049","IdeaPad Y900-17ISK","laptop","Lenovo","247960.12","Type: Gaming. Screen: IPS Panel Full HD 1920x1080; Display Size: 17.3 inches; GPU: Nvidia GeForce GTX 980M; Operating System: Windows 10","4.6","Intel Core i7 6700HQ 2.6GHz","16","1128.0"
"1050","Chromebook C202SA","laptop","Asus","31173.81","Type: Netbook. Screen: 1366x768; Display Size: 11.6 inches; GPU: Intel HD Graphics 400; Operating System: Chrome OS","1.2","Intel Celeron Dual Core N3060 1.6GHz","4","16.0"
"1051","ThinkPad X1","laptop","Lenovo","283693.6","Type: Notebook. Screen: IPS Panel 2560x1440; Display Size: 14.0 inches; GPU: Intel HD Graphics 520; Operating System: Windows 7","1.1","Intel Core i7 6600U 2.6GHz","16","256.0"
"1052","Noteb Pav","laptop","HP","106006.12","Type: Notebook. Screen: IPS Panel Full HD 1920x1080; Display Size: 15.6 inches; GPU: Nvidia GeForce 940MX; Operating System: Windows 10","1.91","Intel Core i7 7500U 2.7GHz","8","1000.0"
"1053","Inspiron 5578","laptop","Dell","118458.32","Type: 2 in 1 Convertible. Screen: IPS Panel Full HD / Touchscreen 1920x1080; Display Size: 15.6 inches; GPU: Intel HD Graphics 620; Operating System: Windows 10","2.3","Intel Core i5 7200U 2.7GHz","8","256.0"
"1054","ProBook 450","laptop","HP","106006.12","Type: Notebook. Screen: 1366x768; Display Size: 15.6 inches; GPU: Intel HD Graphics 620; Operating System: Windows 10","2.04","Intel Core i5 7200U 2.5GHz","4","256.0"
"1055","XPS 13","laptop","Dell","244063.12","Type: Ultrabook. Screen: Quad HD+ / Touchscreen 3200x1800; Display Size: 13.3 inches; GPU: Intel HD Graphics 620; Operating System: Windows 10","1.2","Intel Core i7 7500U 2.7GHz","16","1000.0"
"1056","ProBook 650","laptop","HP","76353.64","Type: Notebook. Screen: 1366x768; Display Size: 15.6 inches; GPU: Intel HD Graphics 520; Operating System: Windows 10","2.31","Intel Core i3 6100U 2.3GHz","4","500.0"
"1057","250 G5","laptop","HP","54031.72","Type: Notebook. Screen: 1366x768; Display Size: 15.6 inches; GPU: Intel HD Graphics 620; Operating System: No OS","1.96","Intel Core i5 7200U 2.5GHz","4","500.0"
"1058","Aspire ES1-523","laptop","Acer","48617.72","Type: Notebook. Screen: 1366x768; Display Size: 15.6 inches; GPU: AMD Radeon R5; Operating System: Windows 10","2.4","AMD A8-Series 7410 2.2GHz","8","1000.0"
"1059","Inspiron 7378","laptop","Dell","140655.72","Type: 2 in 1 Convertible. Screen: IPS Panel Full HD / Touchscreen 1920x1080; Display Size: 13.3 inches; GPU: Intel HD Graphics 620; Operating System: Windows 10","1.6","Intel Core i7 7500U 2.7GHz","12","256.0"
"1060","GT62VR 6RD","laptop","MSI","196961.32","Type: Gaming. Screen: Full HD 1920x1080; Display Size: 15.6 inches; GPU: Nvidia GeForce GTX 1060; Operating System: Windows 10","2.94","Intel Core i7 6700HQ 2.6GHz","16","1256.0"
"1061","ProBook 450","laptop","HP","115859.6","Type: Notebook. Screen: Full HD 1920x1080; Display Size: 15.6 inches; GPU: Intel HD Graphics 620; Operating System: Windows 10","2.04","Intel Core i7 7500U 2.7GHz","8","256.0"
"1062","Rog G752VL-GC088D","laptop","Asus","108063.44","Type: Gaming. Screen: IPS Panel Full HD 1920x1080; Display Size: 17.3 inches; GPU: Nvidia GeForce GTX 965M; Operating System: No OS","4.0","Intel Core i7 6700HQ 2.6GHz","16","1000.0"
"1063","Inspiron 3567","laptop","Dell","60528.52","Type: Notebook. Screen: Full HD 1920x1080; Display Size: 15.6 inches; GPU: Intel HD Graphics; Operating System: Windows 10","2.25","Intel Core i5 7200U 2.5GHz","4","1000.0"
"1064","Inspiron 5567","laptop","Dell","107196.12","Type: Notebook. Screen: Full HD 1920x1080; Display Size: 15.6 inches; GPU: AMD Radeon R7 M445; Operating System: Windows 10","2.32","Intel Core i7 7500U 2.7GHz","16","2000.0"
"1065","GS63VR 6RF","laptop","MSI","208872.12","Type: Gaming. Screen: Full HD 1920x1080; Display Size: 15.6 inches; GPU: Nvidia GeForce GTX 1060; Operating System: Windows 10","1.8","Intel Core i7 6700HQ 2.6GHz","16","1256.0"
"1066","XPS 13","laptop","Dell","157872.24","Type: Ultrabook. Screen: Full HD 1920x1080; Display Size: 13.3 inches; GPU: Intel HD Graphics 620; Operating System: Windows 10","1.29","Intel Core i7 7500U 2.7GHz","8","256.0"
"1067","ROG G701VO","laptop","Asus","430413.0","Type: Gaming. Screen: IPS Panel Full HD 1920x1080; Display Size: 17.3 inches; GPU: Nvidia GeForce GTX 980 ; Operating System: Windows 10","3.58","Intel Core i7 6820HK 2.7GHz","64","1000.0"
"1068","Inspiron 5368","laptop","Dell","86408.52","Type: 2 in 1 Convertible. Screen: Full HD / Touchscreen 1920x1080; Display Size: 13.3 inches; GPU: Intel HD Graphics 520; Operating System: Windows 10","1.62","Intel Core i7 6500U 2.5GHz","8","256.0"
"1069","Alienware 15","laptop","Dell","143904.12","Type: Gaming. Screen: 4K Ultra HD 3840x2160; Display Size: 15.6 inches; GPU: Nvidia GeForce GTX 970M; Operating System: Windows 10","3.21","Intel Core i7 6700HQ 2.6GHz","16","1256.0"
"1070","MacBook 12""","laptop","Apple","140764.0","Type: Ultrabook. Screen: IPS Panel Retina Display 2304x1440; Display Size: 12.0 inches; GPU: Intel HD Graphics 515; Operating System: Mac OS X","0.92","Intel Core M 1.1GHz","8","256.0"
"1071","Latitude 3570","laptop","Dell","52188.79","Type: Notebook. Screen: 1366x768; Display Size: 15.6 inches; GPU: Intel HD Graphics 520; Operating System: Windows 10","2.06","Intel Core i3 6100U 2.3GHz","4","500.0"
"1072","ProBook 650","laptop","HP","129827.72","Type: Notebook. Screen: 1366x768; Display Size: 15.6 inches; GPU: Intel HD Graphics 520; Operating System: Windows 10","2.31","Intel Core i5 6200U 2.3GHz","4","500.0"
"1073","EliteBook 820","laptop","HP","129827.72","Type: Ultrabook. Screen: Full HD 1920x1080; Display Size: 12.5 inches; GPU: Intel HD Graphics 520; Operating System: Windows 7","1.26","Intel Core i5 6200U 2.3GHz","8","256.0"
"1074","ProBook 430","laptop","HP","118025.2","Type: Notebook. Screen: Full HD 1920x1080; Display Size: 13.3 inches; GPU: Intel HD Graphics 620; Operating System: Windows 10","1.49","Intel Core i7 7500U 2.7GHz","8","256.0"
"1075","ThinkPad Yoga","laptop","Lenovo","185536.7","Type: Ultrabook. Screen: IPS Panel Full HD / Touchscreen 1920x1080; Display Size: 12.5 inches; GPU: Intel HD Graphics 520; Operating System: Windows 10","1.3","Intel Core i7 6500U 2.5GHz","8","256.0"
"1076","IdeaPad 300-17ISK","laptop","Lenovo","71356.52","Type: Notebook. Screen: 1600x900; Display Size: 17.3 inches; GPU: AMD Radeon R5 M330; Operating System: Windows 10","3.0","Intel Core i5 6200U 2.3GHz","8","1000.0"
"1077","Ideapad 700-15ISK","laptop","Lenovo","105789.56","Type: Notebook. Screen: IPS Panel Full HD 1920x1080; Display Size: 15.6 inches; GPU: Nvidia GeForce GTX 950M; Operating System: Windows 10","2.3","Intel Core i5 6300HQ 2.3GHz","4","1000.0"
"1078","GT72VR Dominator","laptop","MSI","270591.72","Type: Gaming. Screen: Full HD 1920x1080; Display Size: 17.3 inches; GPU: Nvidia GeForce GTX 1070; Operating System: Windows 10","3.78","Intel Core i7 7700HQ 2.8GHz","16","1256.0"
"1079","V110-15ISK (i5-6200U/4GB/500GB/W10)","laptop","Lenovo","58471.2","Type: Notebook. Screen: 1366x768; Display Size: 15.6 inches; GPU: Intel HD Graphics 520; Operating System: Windows 10","2.1","Intel Core i5 6200U 2.3GHz","4","500.0"
"1080","Probook 650","laptop","HP","101783.2","Type: Notebook. Screen: Full HD 1920x1080; Display Size: 15.6 inches; GPU: Intel HD Graphics 520; Operating System: Windows 7","2.31","Intel Core i5 6200U 2.3GHz","4","500.0"
"1081","Yoga 900S-12ISK","laptop","Lenovo","151483.72","Type: Ultrabook. Screen: IPS Panel Touchscreen 2560x1440; Display Size: 12.5 inches; GPU: Intel HD Graphics 515; Operating System: Windows 10","0.99","Intel Core M 6Y75 1.2GHz","8","512.0"
"1082","IdeaPad Y900-17ISK","laptop","Lenovo","350827.2","Type: Gaming. Screen: IPS Panel Full HD 1920x1080; Display Size: 17.3 inches; GPU: Nvidia GeForce GTX 980M; Operating System: Windows 10","4.6","Intel Core i7 6820HK 2.7GHz","32","1512.0"
"1083","Yoga Book","laptop","Lenovo","69978.12","Type: 2 in 1 Convertible. Screen: IPS Panel Touchscreen 1920x1200; Display Size: 10.1 inches; GPU: Intel HD Graphics 400; Operating System: Windows 10","0.69","Intel Atom x5-Z8550 1.44GHz","4","64.0"
"1084","Spectre x360","laptop","HP","221865.72","Type: Ultrabook. Screen: IPS Panel 4K Ultra HD 3840x2160; Display Size: 13.3 inches; GPU: Intel HD Graphics 620; Operating System: Windows 10","1.3","Intel Core i7 7500U 2.7GHz","16","512.0"
"1085","Vostro 3568","laptop","Dell","81210.0","Type: Notebook. Screen: Full HD 1920x1080; Display Size: 15.6 inches; GPU: Intel HD Graphics 620; Operating System: Windows 10","2.18","Intel Core i5 7200U 2.5GHz","8","256.0"
"1086","EliteBook 840","laptop","HP","111635.6","Type: Notebook. Screen: Full HD 1920x1080; Display Size: 14.0 inches; GPU: Intel HD Graphics 520; Operating System: Windows 7","1.54","Intel Core i5 6200U 2.3GHz","4","500.0"
"1087","ZBook 15u","laptop","HP","161878.6","Type: Workstation. Screen: Full HD 1920x1080; Display Size: 15.6 inches; GPU: AMD FirePro W4190M; Operating System: Windows 7","1.9","Intel Core i7 6500U 2.5GHz","8","256.0"
"1088","ThinkPad T460","laptop","Lenovo","129827.72","Type: Notebook. Screen: Full HD 1920x1080; Display Size: 14.0 inches; GPU: Intel HD Graphics 520; Operating System: Windows 7","1.7","Intel Core i5 6200U 2.3GHz","8","180.0"
"1089","Chromebook 13","laptop","HP","66592.2","Type: Notebook. Screen: Quad HD+ 3200x1800; Display Size: 13.3 inches; GPU: Intel HD Graphics 515; Operating System: Chrome OS","1.29","Intel Pentium Dual Core 4405Y 1.5GHz","4","32.0"
"1090","Aspire ES1-523","laptop","Acer","41904.36","Type: Notebook. Screen: 1366x768; Display Size: 15.6 inches; GPU: AMD Radeon R5; Operating System: Windows 10","2.4","AMD A8-Series 7410 2.2GHz","4","500.0"
"1091","Inspiron 3552","laptop","Dell","42607.1","Type: Notebook. Screen: 1366x768; Display Size: 15.6 inches; GPU: Intel HD Graphics; Operating System: Linux","2.2","Intel Pentium Quad Core N3700 1.6GHz","4","500.0"
"1092","250 G6","laptop","HP","37463.8","Type: Notebook. Screen: 1366x768; Display Size: 15.6 inches; GPU: Intel HD Graphics 520; Operating System: No OS","1.86","Intel Core i3 6006U 2GHz","4","1000.0"
"1093","Rog GL702VM-GC354T","laptop","Asus","173139.72","Type: Gaming. Screen: IPS Panel Full HD 1920x1080; Display Size: 17.3 inches; GPU: Nvidia GeForce GTX 1060; Operating System: Windows 10","2.7","Intel Core i7 7700HQ 2.8GHz","8","1256.0"
"1094","Inspiron 5370","laptop","Dell","88610.94","Type: Ultrabook. Screen: IPS Panel Full HD 1920x1080; Display Size: 13.3 inches; GPU: AMD Radeon 530; Operating System: Windows 10","1.4","Intel Core i5 8250U 1.6GHz","4","256.0"
"1095","Elitebook 820","laptop","HP","173139.72","Type: Netbook. Screen: 1366x768; Display Size: 12.5 inches; GPU: Intel HD Graphics 520; Operating System: Windows 7","2.4","Intel Core i5 6200U 2.3GHz","4","128.0"
"1096","Aspire F5-573G","laptop","Acer","86515.72","Type: Notebook. Screen: Full HD 1920x1080; Display Size: 15.6 inches; GPU: Nvidia GeForce GTX 950M; Operating System: Windows 10","2.4","Intel Core i5 7200U 2.5GHz","8","1256.0"
"1097","Inspiron 5567","laptop","Dell","69169.26","Type: Notebook. Screen: Full HD 1920x1080; Display Size: 15.6 inches; GPU: AMD Radeon R7 M445; Operating System: Windows 10","2.36","Intel Core i5 7200U 2.5GHz","8","1000.0"
"1098","GS70 Stealth","laptop","MSI","173139.72","Type: Gaming. Screen: Full HD 1920x1080; Display Size: 17.3 inches; GPU: Nvidia GeForce GTX 965M; Operating System: Windows 10","2.6","Intel Core i7 6700HQ 2.6GHz","8","256.0"
"1099","250 G5","laptop","HP","54140.0","Type: Notebook. Screen: 1366x768; Display Size: 15.6 inches; GPU: Intel HD Graphics 405; Operating System: Windows 10","1.96","Intel Pentium Quad Core N3710 1.6GHz","4","1000.0"
"1100","G752VY-GC162T (i7-6700HQ/16GB/1TB","laptop","Asus","248935.72","Type: Gaming. Screen: IPS Panel Full HD 1920x1080; Display Size: 17.3 inches; GPU: Nvidia GeForce GTX 980M; Operating System: Windows 10","4.3","Intel Core i7 6700HQ 2.6GHz","16","1128.0"
"1101","Latitude E5270","laptop","Dell","122914.04","Type: Ultrabook. Screen: 1366x768; Display Size: 12.5 inches; GPU: Intel HD Graphics 520; Operating System: Windows 7","1.5","Intel Core i3 6100U 2.3GHz","4","500.0"
"1102","Latitude E5270","laptop","Dell","126359.51","Type: Ultrabook. Screen: 1366x768; Display Size: 12.5 inches; GPU: Intel HD Graphics 520; Operating System: Windows 7","1.5","Intel Core i3 6100U 2.3GHz","4","128.0"
"1103","Chromebook 15","laptop","Acer","22630.52","Type: Notebook. Screen: 1366x768; Display Size: 15.6 inches; GPU: Intel HD Graphics; Operating System: Chrome OS","2.2","Intel Celeron Dual Core 3205U 1.5GHz","4","16.0"
"1104","ZBook 17","laptop","HP","313903.72","Type: Workstation. Screen: IPS Panel Full HD 1920x1080; Display Size: 17.3 inches; GPU: AMD FirePro W6150M; Operating System: Windows 7","3.0","Intel Core i7 6700HQ 2.6GHz","8","1000.0"
"1105","Legion Y520-15IKBN","laptop","Lenovo","129827.72","Type: Gaming. Screen: Full HD 1920x1080; Display Size: 15.6 inches; GPU: Nvidia GeForce GTX 1050 Ti; Operating System: Windows 10","2.4","Intel Core i7 7700HQ 2.8GHz","16","512.0"
"1106","Latitude E5270","laptop","Dell","153010.47","Type: Ultrabook. Screen: 1366x768; Display Size: 12.5 inches; GPU: Intel HD Graphics 520; Operating System: Windows 7","1.5","Intel Core i5 6200U 2.3GHz","8","256.0"
"1107","GE72 Apache","laptop","MSI","163631.65","Type: Gaming. Screen: Full HD 1920x1080; Display Size: 17.3 inches; GPU: Nvidia GeForce GTX 960M; Operating System: Windows 10","2.9","Intel Core i7 6700HQ 2.6GHz","8","1128.0"
"1108","Yoga 500-15ISK","laptop","Lenovo","93878.76","Type: 2 in 1 Convertible. Screen: IPS Panel Full HD / Touchscreen 1920x1080; Display Size: 15.6 inches; GPU: Intel HD Graphics 520; Operating System: Windows 10","2.1","Intel Core i5 6200U 2.3GHz","4","256.0"
"1109","15-bw011nv (A6-9220/4GB/1TB/FHD/W10)","laptop","HP","43095.44","Type: Notebook. Screen: Full HD 1920x1080; Display Size: 15.6 inches; GPU: AMD Radeon R4; Operating System: Windows 10","2.1","AMD A6-Series 9220 2.5GHz","4","1000.0"
"1110","Rog GL552VW-CN470T","laptop","Asus","144986.92","Type: Gaming. Screen: IPS Panel Full HD 1920x1080; Display Size: 15.6 inches; GPU: Nvidia GeForce GTX 960M; Operating System: Windows 10","2.59","Intel Core i7 6700HQ 2.6GHz","16","1128.0"
"1111","EliteBook 1030","laptop","HP","183967.72","Type: Notebook. Screen: Quad HD+ / Touchscreen 3200x1800; Display Size: 13.3 inches; GPU: Intel HD Graphics 515; Operating System: Windows 10","1.16","Intel Core M 6Y54 1.1GHz","8","256.0"
"1112","Vostro 3559","laptop","Dell","83283.56","Type: Notebook. Screen: 1366x768; Display Size: 15.6 inches; GPU: AMD Radeon R5 M315; Operating System: Windows 7","2.24","Intel Core i5 6200U 2.3GHz","4","500.0"
"1113","V110-15ISK (i3-6006U/4GB/128GB/W10)","laptop","Lenovo","46452.12","Type: Notebook. Screen: 1366x768; Display Size: 15.6 inches; GPU: Intel HD Graphics 520; Operating System: Windows 10","2.1","Intel Core i3 6006U 2.0GHz","4","128.0"
"1114","Spectre Pro","laptop","HP","213203.32","Type: Ultrabook. Screen: Full HD 1920x1080; Display Size: 13.3 inches; GPU: Intel HD Graphics 520; Operating System: Windows 10","1.16","Intel Core i7 6500U 2.5GHz","8","512.0"
"1115","Yoga Book","laptop","Lenovo","59445.72","Type: 2 in 1 Convertible. Screen: IPS Panel Touchscreen 1920x1200; Display Size: 10.1 inches; GPU: Intel HD Graphics 400; Operating System: Android","0.69","Intel Atom x5-Z8550 1.44GHz","4","64.0"
"1116","XPS 13","laptop","Dell","149318.12","Type: Ultrabook. Screen: Full HD 1920x1080; Display Size: 13.3 inches; GPU: Intel Iris Plus Graphics 640; Operating System: Windows 10","1.23","Intel Core i7 7560U 2.4GHz","8","256.0"
"1117","IdeaPad Y900-17ISK","laptop","Lenovo","297768.92","Type: Gaming. Screen: IPS Panel Full HD 1920x1080; Display Size: 17.3 inches; GPU: Nvidia GeForce GTX 980M; Operating System: Windows 10","4.6","Intel Core i7 6820HK 2.7GHz","16","1256.0"
"1118","Blade Stealth","laptop","Razer","111420.12","Type: Ultrabook. Screen: Touchscreen / 4K Ultra HD 3840x2160; Display Size: 12.5 inches; GPU: Intel HD Graphics 520; Operating System: Windows 10","1.25","Intel Core i7 6500U 2.5GHz","8","256.0"
"1119","Portege X30-D-10K","laptop","Toshiba","241031.28","Type: Ultrabook. Screen: Full HD 1920x1080; Display Size: 13.3 inches; GPU: Intel HD Graphics 620; Operating System: Windows 10","1.05","Intel Core i7 7500U 2.7GHz","16","512.0"
"1120","Rog GL752VW-T4308T","laptop","Asus","142116.42","Type: Gaming. Screen: Full HD 1920x1080; Display Size: 17.3 inches; GPU: Nvidia GeForce GTX 960M; Operating System: Windows 10","3.52","Intel Core i7 6700HQ 2.6GHz","8","1128.0"
"1121","V131 (X5-Z8350/4GB/32GB/FHD/W10)","laptop","Vero","21222.88","Type: Notebook. Screen: Full HD 1920x1080; Display Size: 13.3 inches; GPU: Intel HD Graphics 400; Operating System: Windows 10","1.35","Intel Atom X5-Z8350 1.44GHz","4","32.0"
"1122","Spectre Pro","laptop","HP","182993.2","Type: Notebook. Screen: Full HD 1920x1080; Display Size: 13.3 inches; GPU: Intel HD Graphics 520; Operating System: Windows 10","1.16","Intel Core i5 6200U 2.3GHz","8","256.0"
"1123","EliteBook 1040","laptop","HP","163827.64","Type: Notebook. Screen: Full HD 1920x1080; Display Size: 14.0 inches; GPU: Intel HD Graphics 520; Operating System: Windows 7","1.43","Intel Core i5 6200U 2.3GHz","8","256.0"
"1124","Latitude E5570","laptop","Dell","56698.66","Type: Notebook. Screen: 1366x768; Display Size: 15.6 inches; GPU: Intel HD Graphics 520; Operating System: Linux","2.09","Intel Core i5 6200U 2.3GHz","4","500.0"
"1125","VivoBook Max","laptop","Asus","47101.8","Type: Notebook. Screen: 1366x768; Display Size: 15.6 inches; GPU: Intel HD Graphics 620; Operating System: Windows 10","2.0","Intel Core i3 7100U 2.4GHz","4","1000.0"
"1126","ThinkPad Yoga","laptop","Lenovo","180719.32","Type: 2 in 1 Convertible. Screen: IPS Panel Full HD / Touchscreen 1920x1080; Display Size: 14.0 inches; GPU: Intel HD Graphics 520; Operating System: Windows 10","1.8","Intel Core i7 6500U 2.5GHz","8","256.0"
"1127","Yoga Book","laptop","Lenovo","51866.12","Type: 2 in 1 Convertible. Screen: IPS Panel Touchscreen 1920x1200; Display Size: 10.1 inches; GPU: Intel HD Graphics 400; Operating System: Windows 10","0.69","Intel Atom x5-Z8550 1.44GHz","4","64.0"
"1128","EliteBook 820","laptop","HP","205190.6","Type: Ultrabook. Screen: 1366x768; Display Size: 12.5 inches; GPU: Intel HD Graphics 520; Operating System: Windows 7","1.26","Intel Core i5 6300U 2.4GHz","8","256.0"
"1129","Legion Y520-15IKBN","laptop","Lenovo","107088.92","Type: Gaming. Screen: IPS Panel Full HD 1920x1080; Display Size: 15.6 inches; GPU: Nvidia GeForce GTX 1060; Operating System: No OS","2.4","Intel Core i5 7300HQ 2.5GHz","8","1128.0"
"1130","Omen -","laptop","HP","122248.12","Type: Gaming. Screen: IPS Panel Full HD 1920x1080; Display Size: 17.3 inches; GPU: Nvidia GeForce GTX 1060; Operating System: Windows 10","3.35","Intel Core i5 6300HQ 2.3GHz","8","1128.0"
"1131","15-bs078cl (i7-7500U/8GB/2TB/W10)","laptop","HP","68108.12","Type: Notebook. Screen: 1366x768; Display Size: 15.6 inches; GPU: Intel HD Graphics 620; Operating System: Windows 10","2.04","Intel Core i7 7500U 2.7GHz","8","2000.0"
"1132","ThinkPad P40","laptop","Lenovo","222015.15","Type: 2 in 1 Convertible. Screen: IPS Panel Full HD / Touchscreen 1920x1080; Display Size: 14.0 inches; GPU: Nvidia Quadro M500M; Operating System: Windows 7","1.8","Intel Core i7 6600U 2.6GHz","8","512.0"
"1133","L403NA-GA013TS (N3350/4GB/32GB/W10)","laptop","Asus","30101.84","Type: Notebook. Screen: 1366x768; Display Size: 14.0 inches; GPU: Intel HD Graphics 500; Operating System: Windows 10","1.5","Intel Celeron Dual Core N3350 1.1GHz","4","32.0"
"1134","250 G6","laptop","HP","81426.56","Type: Ultrabook. Screen: Full HD 1920x1080; Display Size: 15.6 inches; GPU: Intel HD Graphics 620; Operating System: Windows 10","1.84","Intel Core i7 7500U 2.7GHz","8","256.0"
"1135","Aspire E5-576G","laptop","Acer","66700.48","Type: Notebook. Screen: Full HD 1920x1080; Display Size: 15.6 inches; GPU: Nvidia GeForce 940MX; Operating System: Windows 10","2.23","Intel Core i5 7200U 2.5GHz","4","1000.0"
"1136","IdeaPad 500-15ISK","laptop","Lenovo","118999.72","Type: Notebook. Screen: Full HD 1920x1080; Display Size: 15.6 inches; GPU: AMD Radeon R7 M360; Operating System: Windows 10","2.5","Intel Core i7 6500U 2.5GHz","16","1000.0"
"1137","ZBook 17","laptop","HP","427641.03","Type: Workstation. Screen: IPS Panel Full HD 1920x1080; Display Size: 17.3 inches; GPU: Nvidia Quadro M3000M; Operating System: Windows 7","3.0","Intel Core i7 6700HQ 2.6GHz","8","256.0"
"1138","Inspiron 5567","laptop","Dell","84891.52","Type: Notebook. Screen: 1366x768; Display Size: 15.6 inches; GPU: AMD Radeon R7 M445; Operating System: Windows 10","2.5","Intel Core i5 7200U 2.5GHz","8","1000.0"
"1139","GT72S Dominator","laptop","MSI","259763.72","Type: Gaming. Screen: Full HD 1920x1080; Display Size: 17.3 inches; GPU: Nvidia GeForce GTX 980M; Operating System: Windows 10","3.78","Intel Core i7 6820HQ 2.7GHz","16","1256.0"
"1140","EliteBook 850","laptop","HP","235153.84","Type: Ultrabook. Screen: Full HD 1920x1080; Display Size: 15.6 inches; GPU: Intel HD Graphics 520; Operating System: Windows 7","1.88","Intel Core i7 6500U 2.5GHz","8","256.0"
"1141","ThinkPad X1","laptop","Lenovo","264203.2","Type: 2 in 1 Convertible. Screen: IPS Panel Touchscreen 2560x1440; Display Size: 14.0 inches; GPU: Intel HD Graphics 520; Operating System: Windows 10","2.8","Intel Core i7 6600U 2.6GHz","16","512.0"
"1142","GP62M 7RDX","laptop","MSI","123742.38","Type: Gaming. Screen: Full HD 1920x1080; Display Size: 15.6 inches; GPU: Nvidia GeForce GTX 1050; Operating System: Windows 10","2.4","Intel Core i7 7700HQ 2.8GHz","8","1128.0"
"1143","Spectre Pro","laptop","HP","176388.12","Type: 2 in 1 Convertible. Screen: Full HD / Touchscreen 1920x1080; Display Size: 13.3 inches; GPU: Intel HD Graphics 520; Operating System: Windows 10","1.48","Intel Core i5 6300U 2.4GHz","8","256.0"
"1144","ZBook 15","laptop","HP","241356.12","Type: Workstation. Screen: IPS Panel Full HD 1920x1080; Display Size: 15.6 inches; GPU: Nvidia Quadro M1000M; Operating System: Windows 7","2.59","Intel Core i7 6700HQ 2.6GHz","8","256.0"
"1145","Spectre Pro","laptop","HP","194795.72","Type: 2 in 1 Convertible. Screen: Touchscreen 2560x1440; Display Size: 13.3 inches; GPU: Intel HD Graphics 520; Operating System: Windows 10","1.48","Intel Core i7 6600U 2.6GHz","8","256.0"
"1146","ZBook Studio","laptop","HP","205623.72","Type: Workstation. Screen: Full HD 1920x1080; Display Size: 15.6 inches; GPU: Nvidia Quadro M1000M; Operating System: Windows 7","2.0","Intel Core i7 6700HQ 2.6GHz","8","256.0"
"1147","EliteBook 820","laptop","HP","248713.75","Type: Ultrabook. Screen: Full HD 1920x1080; Display Size: 12.5 inches; GPU: Intel HD Graphics 520; Operating System: Windows 7","1.26","Intel Core i7 6500U 2.50GHz","8","256.0"
"1148","Vostro 5568","laptop","Dell","109351.97","Type: Notebook. Screen: Full HD 1920x1080; Display Size: 15.6 inches; GPU: Nvidia GeForce 940MX; Operating System: Windows 10","2.18","Intel Core i7 7500U 2.7GHz","8","256.0"
"1149","EliteBook 850","laptop","HP","170974.12","Type: Notebook. Screen: Full HD 1920x1080; Display Size: 15.6 inches; GPU: Intel HD Graphics 520; Operating System: Windows 7","1.88","Intel Core i5 6200U 2.3GHz","8","256.0"
"1150","ThinkPad X1","laptop","Lenovo","253266.92","Type: 2 in 1 Convertible. Screen: IPS Panel Touchscreen 2560x1440; Display Size: 14.0 inches; GPU: Intel HD Graphics 520; Operating System: Windows 10","1.27","Intel Core i7 6500U 2.5GHz","8","256.0"
"1151","V110-15ISK (i3-6006U/4GB/1TB/No","laptop","Lenovo","36706.92","Type: Notebook. Screen: 1366x768; Display Size: 15.6 inches; GPU: Intel HD Graphics 520; Operating System: No OS","1.9","Intel Core i3 6006U 2.0GHz","4","1000.0"
"1152","15-BA015wm (E2-7110/4GB/500GB/W10)","laptop","HP","32159.16","Type: Notebook. Screen: 1366x768; Display Size: 15.6 inches; GPU: AMD Radeon R2 Graphics; Operating System: Windows 10","1.86","AMD E-Series 7110 1.8GHz","4","500.0"
"1153","B51-80 (i5-6200U/8GB/1TB/Radeon","laptop","Lenovo","64859.72","Type: Notebook. Screen: Full HD 1920x1080; Display Size: 15.6 inches; GPU: AMD Radeon R5 M330; Operating System: No OS","2.32","Intel Core i5 6200U 2.3GHz","8","1000.0"
"1154","Inspiron 7567","laptop","Dell","129827.72","Type: Gaming. Screen: Full HD 1920x1080; Display Size: 15.6 inches; GPU: Nvidia GeForce GTX 1050Ti; Operating System: Windows 10","2.62","Intel Core i7 7700HQ 2.8GHz","8","1000.0"
"1155","XPS 15","laptop","Dell","243703.63","Type: Notebook. Screen: IPS Panel Touchscreen / 4K Ultra HD 3840x2160; Display Size: 15.6 inches; GPU: Nvidia GeForce 960M; Operating System: Windows 10","2.04","Intel Core i5 6300HQ 2.3GHz","8","256.0"
"1156","15-bw002nv (A6-9220/4GB/256GB/Radeon","laptop","HP","51854.21","Type: Notebook. Screen: Full HD 1920x1080; Display Size: 15.6 inches; GPU: AMD Radeon 520; Operating System: Windows 10","1.91","AMD A6-Series A6-9220 2.5GHz","4","256.0"
"1157","GP72M 7REX","laptop","MSI","161640.38","Type: Gaming. Screen: Full HD 1920x1080; Display Size: 17.3 inches; GPU: Nvidia GeForce GTX 1050 Ti; Operating System: Windows 10","2.7","Intel Core i7 7700HQ 2.8GHz","16","1256.0"
"1158","ThinkPad T460s","laptop","Lenovo","248935.72","Type: Ultrabook. Screen: Full HD 1920x1080; Display Size: 14.0 inches; GPU: Intel HD Graphics 520; Operating System: Windows 7","1.4","Intel Core i7 6600U 2.6GHz","12","512.0"
"1159","B51-80 (i5-6200U/8GB/1008GB/Radeon","laptop","Lenovo","85377.7","Type: Notebook. Screen: Full HD 1920x1080; Display Size: 15.6 inches; GPU: AMD Radeon R5 M330; Operating System: Windows 10","2.5","Intel Core i5 6200U 2.3GHz","8","1000.0"
"1160","Spectre Pro","laptop","HP","220999.48","Type: 2 in 1 Convertible. Screen: Touchscreen 2560x1440; Display Size: 13.3 inches; GPU: Intel HD Graphics 520; Operating System: Windows 10","1.48","Intel Core i7 6600U 2.6GHz","8","512.0"
"1161","ThinkPad T460","laptop","Lenovo","162311.72","Type: Ultrabook. Screen: Full HD 1920x1080; Display Size: 14.0 inches; GPU: Intel HD Graphics 520; Operating System: Windows 7","1.7","Intel Core i7 6600U 2.6GHz","8","256.0"
"1162","GS40 Phantom","laptop","MSI","191547.32","Type: Gaming. Screen: Full HD 1920x1080; Display Size: 14.0 inches; GPU: Nvidia GeForce GTX 970M; Operating System: Windows 10","1.7","Intel Core i7 6700HQ 2.6GHz","16","1256.0"
"1163","Pavilion 15-cb003nv","laptop","HP","97343.72","Type: Gaming. Screen: IPS Panel Full HD 1920x1080; Display Size: 15.6 inches; GPU: Nvidia GeForce GTX 1050; Operating System: Windows 10","2.62","Intel Core i7 7700HQ 2.8GHz","8","1000.0"
"1164","IdeaPad 310-15ISK","laptop","Lenovo","49700.52","Type: Notebook. Screen: 1366x768; Display Size: 15.6 inches; GPU: Intel HD Graphics 520; Operating System: Windows 10","2.2","Intel Core i3 6006U 2.0GHz","8","1000.0"
"1165","250 G4","laptop","HP","51648.48","Type: Notebook. Screen: 1366x768; Display Size: 15.6 inches; GPU: Intel HD Graphics 520; Operating System: No OS","2.1","Intel Core i5 6200U 2.3GHz","4","500.0"
"1166","Inspiron 7567","laptop","Dell","162203.44","Type: Gaming. Screen: 4K Ultra HD 3840x2160; Display Size: 15.6 inches; GPU: Nvidia GeForce GTX 1050 Ti; Operating System: Windows 10","2.62","Intel Core i7 7700HQ 2.8GHz","8","1128.0"
"1167","ThinkPad T570","laptop","Lenovo","150509.2","Type: Notebook. Screen: IPS Panel Full HD 1920x1080; Display Size: 15.6 inches; GPU: Intel HD Graphics 620; Operating System: Windows 10","1.95","Intel Core i5 7200U 2.5GHz","8","256.0"
"1168","320-15ISK (i3-6006U/4GB/1TB/GeForce","laptop","Lenovo","50675.04","Type: Notebook. Screen: Full HD 1920x1080; Display Size: 15.6 inches; GPU: Nvidia GeForce 920MX ; Operating System: Windows 10","2.2","Intel Core i3 6006U 2GHz","4","1000.0"
"1169","Stream 14-AX000nv","laptop","HP","26961.72","Type: Notebook. Screen: 1366x768; Display Size: 14.0 inches; GPU: Intel HD Graphics 400; Operating System: Windows 10","1.44","Intel Celeron Dual Core N3060 1.6GHz","2","32.0"
"1170","PL60 7RD","laptop","MSI","90846.92","Type: Gaming. Screen: IPS Panel Full HD 1920x1080; Display Size: 15.6 inches; GPU: Nvidia GeForce GTX 1050; Operating System: Windows 10","2.2","Intel Core i7 7500U 2.7GHz","8","1000.0"
"1171","250 G5","laptop","HP","73522.12","Type: Notebook. Screen: Full HD 1920x1080; Display Size: 15.6 inches; GPU: Intel HD Graphics 520; Operating System: Windows 10","1.96","Intel Core i7 6500U 2.5GHz","8","256.0"
"1172","ProBook 450","laptop","HP","125496.52","Type: Notebook. Screen: Full HD 1920x1080; Display Size: 15.6 inches; GPU: Intel UHD Graphics 620; Operating System: Windows 10","2.1","Intel Core i7 8550U 1.8GHz","16","512.0"
"1173","X553SA-XX021T (N3050/4GB/500GB/W10)","laptop","Asus","39955.32","Type: Notebook. Screen: 1366x768; Display Size: 15.6 inches; GPU: Intel HD Graphics; Operating System: Windows 10","2.2","Intel Celeron Dual Core N3050 1.6GHz","4","500.0"
"1174","V110-15ISK (i5-6200U/4GB/500GB/No","laptop","Lenovo","43095.44","Type: Notebook. Screen: 1366x768; Display Size: 15.6 inches; GPU: Intel HD Graphics 520; Operating System: No OS","2.1","Intel Core i5 6200U 2.3GHz","4","500.0"
"1175","IdeaPad 510-15IKB","laptop","Lenovo","76770.52","Type: Notebook. Screen: Full HD 1920x1080; Display Size: 15.6 inches; GPU: Nvidia GeForce 940MX; Operating System: No OS","2.2","Intel Core i7 7500U 2.7GHz","8","1000.0"
"1176","UX410UA-GV097T (i3-7100U/4GB/256GB/FHD/W10)","laptop","Asus","83267.32","Type: Notebook. Screen: Full HD 1920x1080; Display Size: 14.0 inches; GPU: Intel HD Graphics 620; Operating System: Windows 10","2.0","Intel Core i3 7100U 2.4GHz","4","256.0"
"1177","B51-80 (i7-6500U/4GB/1008GB/FHD/W7)","laptop","Lenovo","89331.0","Type: Notebook. Screen: Full HD 1920x1080; Display Size: 15.6 inches; GPU: Intel HD Graphics 520; Operating System: Windows 7","2.32","Intel Core i7 6500U 2.5GHz","4","1000.0"
"1178","IdeaPad Y700-15ISK","laptop","Lenovo","141305.4","Type: Gaming. Screen: IPS Panel Full HD 1920x1080; Display Size: 15.6 inches; GPU: Nvidia GeForce GTX 960; Operating System: Windows 10","3.31","Intel Core i7 6700HQ 2.6GHz","16","512.0"
"1179","GS60 Ghost","laptop","MSI","233166.9","Type: Gaming. Screen: Full HD 1920x1080; Display Size: 15.6 inches; GPU: Nvidia GeForce GTX 970M; Operating System: Windows 10","1.91","Intel Core i7 6700HQ 2.6GHz","16","1128.0"
"1180","ProBook 450","laptop","HP","70382.0","Type: Notebook. Screen: 1366x768; Display Size: 15.6 inches; GPU: Intel HD Graphics 520; Operating System: Windows 10","2.07","Intel Core i3 6100U 2.3GHz","4","500.0"
"1181","ThinkPad X1","laptop","Lenovo","177254.36","Type: 2 in 1 Convertible. Screen: IPS Panel Touchscreen 2560x1440; Display Size: 14.0 inches; GPU: Intel HD Graphics 520; Operating System: Windows 10","1.36","Intel Core i5 6200U 2.3GHz","8","256.0"
"1182","IdeaPad 310-15IKB","laptop","Lenovo","89980.68","Type: Ultrabook. Screen: Full HD 1920x1080; Display Size: 15.6 inches; GPU: Nvidia GeForce 920M; Operating System: Windows 10","1.54","Intel Core i7 7500U 2.7GHz","6","256.0"
"1183","Vostro 5568","laptop","Dell","96911.68","Type: Notebook. Screen: Full HD 1920x1080; Display Size: 15.6 inches; GPU: Nvidia GeForce GT 940MX; Operating System: Linux","1.98","Intel Core i7 7500U 2.7GHz","8","256.0"
"1184","Aspire 3","laptop","Acer","36057.24","Type: Notebook. Screen: 1366x768; Display Size: 15.6 inches; GPU: Intel HD Graphics 500; Operating System: Windows 10","2.1","Intel Celeron Dual Core N3350 2GHz","4","500.0"
"1185","Pavilion 15-BC000nv","laptop","HP","86515.72","Type: Notebook. Screen: IPS Panel Full HD 1920x1080; Display Size: 15.6 inches; GPU: Nvidia GeForce GTX 960M; Operating System: Windows 10","2.18","Intel Core i7 6700HQ 2.6GHz","6","1000.0"
"1186","Rog GL552VW-DM201T","laptop","Asus","98426.52","Type: Gaming. Screen: IPS Panel Full HD 1920x1080; Display Size: 15.6 inches; GPU: Nvidia GeForce GTX 960M; Operating System: Windows 10","2.591","Intel Core i7 6700HQ 2.6GHz","8","1256.0"
"1187","Inspiron 5578","laptop","Dell","127662.12","Type: 2 in 1 Convertible. Screen: Full HD / Touchscreen 1920x1080; Display Size: 15.6 inches; GPU: Intel HD Graphics 620; Operating System: Windows 10","2.09","Intel Core i7 7500U 2.7GHz","16","512.0"
"1188","Aspire E5-576G","laptop","Acer","74821.48","Type: Notebook. Screen: Full HD 1920x1080; Display Size: 15.6 inches; GPU: Nvidia GeForce 940MX; Operating System: Windows 10","2.23","Intel Core i5 7200U 2.5GHz","4","256.0"
"1189","XPS 13","laptop","Dell","118999.72","Type: Ultrabook. Screen: Quad HD+ / Touchscreen 3200x1800; Display Size: 13.3 inches; GPU: Intel HD Graphics 520; Operating System: Linux","1.23","Intel Core i5 6300U 2.4GHz","8","256.0"
"1190","Predator G9-793","laptop","Acer","281419.72","Type: Gaming. Screen: IPS Panel Full HD 1920x1080; Display Size: 17.3 inches; GPU: Nvidia GeForce GTX 1070; Operating System: Windows 10","4.2","Intel Core i7 7700HQ 2.8GHz","16","1256.0"
"1191","Legion Y520-15IKBN","laptop","Lenovo","88681.32","Type: Gaming. Screen: IPS Panel Full HD 1920x1080; Display Size: 15.6 inches; GPU: Nvidia GeForce GTX 1050; Operating System: Windows 10","2.4","Intel Core i5 7300HQ 2.5GHz","8","1000.0"
"1192","Chromebook Plus","laptop","Samsung","71356.52","Type: 2 in 1 Convertible. Screen: IPS Panel Touchscreen 2400x1600; Display Size: 12.3 inches; GPU: ARM Mali T860 MP4; Operating System: Chrome OS","1.15","Samsung Cortex A72&A53 2.0GHz","4","32.0"
"1193","250 G6","laptop","HP","52515.8","Type: Notebook. Screen: 1366x768; Display Size: 15.6 inches; GPU: Intel HD Graphics 620; Operating System: Windows 10","1.86","Intel Core i5 7200U 2.5GHz","4","500.0"
"1194","MacBook 12""","laptop","Apple","125929.64","Type: Ultrabook. Screen: IPS Panel Retina Display 2304x1440; Display Size: 12.0 inches; GPU: Intel HD Graphics 5300; Operating System: Mac OS X","0.92","Intel Core M 1.1GHz","8","256.0"
"1195","Inspiron 7378","laptop","Dell","129827.72","Type: 2 in 1 Convertible. Screen: IPS Panel Full HD / Touchscreen 1920x1080; Display Size: 13.3 inches; GPU: Intel HD Graphics 620; Operating System: Windows 10","1.6","Intel Core i5 7200U 2.5GHz","8","256.0"
"1196","Pavilion Power","laptop","HP","143687.56","Type: Notebook. Screen: IPS Panel Full HD 1920x1080; Display Size: 15.6 inches; GPU: Nvidia GeForce GTX 1050; Operating System: Windows 10","2.21","Intel Core i7 7700HQ 2.8GHz","12","1128.0"
"1197","V110-15ISK (i3-6006U/4GB/1TB/Radeon","laptop","Lenovo","39847.04","Type: Notebook. Screen: 1366x768; Display Size: 15.6 inches; GPU: AMD Radeon R5 M430; Operating System: No OS","1.9","Intel Core i3 6006U 2GHz","4","1000.0"
"1198","Rog G752VY-GC229T","laptop","Asus","232802.0","Type: Gaming. Screen: IPS Panel Full HD 1920x1080; Display Size: 17.3 inches; GPU: Nvidia GeForce GTX 980M; Operating System: Windows 10","4.3","Intel Core i7 6700HQ 2.6GHz","16","1512.0"
"1199","Aspire 3","laptop","Acer","29452.16","Type: Notebook. Screen: 1366x768; Display Size: 15.6 inches; GPU: Intel HD Graphics 500; Operating System: Linux","2.1","Intel Celeron Dual Core N3350 2GHz","4","1000.0"
"1200","GS73VR 7RF","laptop","MSI","221854.89","Type: Gaming. Screen: Full HD 1920x1080; Display Size: 17.3 inches; GPU: Nvidia GeForce GTX 1060; Operating System: Windows 10","2.43","Intel Core i7 7700HQ 2.8GHz","16","1256.0"
"1201","Inspiron 5567","laptop","Dell","54031.72","Type: Notebook. Screen: 1366x768; Display Size: 15.6 inches; GPU: AMD Radeon R7 M440; Operating System: Windows 10","2.3","Intel Core i3 6006U 2.0GHz","4","128.0"
"1202","IdeaPad 310-15ISK","laptop","Lenovo","68108.12","Type: Notebook. Screen: 1366x768; Display Size: 15.6 inches; GPU: Nvidia GeForce 920MX; Operating System: No OS","2.2","Intel Core i7 6500U 2.5GHz","8","500.0"
"1203","Inspiron 5579","laptop","Dell","139139.8","Type: 2 in 1 Convertible. Screen: Full HD / Touchscreen 1920x1080; Display Size: 15.6 inches; GPU: Intel UHD Graphics 620; Operating System: Windows 10","2.0","Intel Core i7 8550U 1.8GHz","16","512.0"
"1204","XPS 13","laptop","Dell","290190.4","Type: Ultrabook. Screen: Quad HD+ / Touchscreen 3200x1800; Display Size: 13.3 inches; GPU: Intel HD Graphics 620; Operating System: Windows 10","1.2","Intel Core i7 7500U 2.7GHz","16","512.0"
"1205","FX502VM-DM105T (i7-6700HQ/8GB/1TB/GeForce","laptop","Asus","126579.32","Type: Gaming. Screen: Full HD 1920x1080; Display Size: 15.6 inches; GPU: Nvidia GeForce GTX 1060; Operating System: Windows 10","2.2","Intel Core i7 6700HQ 2.6GHz","8","1000.0"
"1206","Inspiron 5567","laptop","Dell","96260.92","Type: Notebook. Screen: Full HD 1920x1080; Display Size: 15.6 inches; GPU: AMD Radeon R7 M445; Operating System: Windows 10","2.36","Intel Core i5 7200U 2.5GHz","8","256.0"
"1207","15-bs025nv (i5-7200U/8GB/256GB/W10)","laptop","HP","62694.12","Type: Notebook. Screen: 1366x768; Display Size: 15.6 inches; GPU: Intel HD Graphics 620; Operating System: Windows 10","1.91","Intel Core i5 7200U 2.5GHz","8","256.0"
"1208","IdeaPad 320-15AST","laptop","Lenovo","32375.72","Type: Notebook. Screen: 1366x768; Display Size: 15.6 inches; GPU: AMD Radeon R2 Graphics; Operating System: Windows 10","2.2","AMD E-Series 9000 2.2GHz","4","500.0"
"1209","Aspire E5-774G","laptop","Acer","68108.12","Type: Notebook. Screen: 1600x900; Display Size: 17.3 inches; GPU: Nvidia GeForce 940MX; Operating System: Windows 10","3.3","Intel Core i3 6006U 2.0GHz","8","1000.0"
"1210","Rog Strix","laptop","Asus","265177.72","Type: Gaming. Screen: Full HD 1920x1080; Display Size: 15.6 inches; GPU: Nvidia GeForce GTX 1070; Operating System: Windows 10","2.2","Intel Core i7 7700HQ 2.8GHz","16","1256.0"
"1211","MacBook 12""","laptop","Apple","138490.12","Type: Ultrabook. Screen: IPS Panel Retina Display 2304x1440; Display Size: 12.0 inches; GPU: Intel HD Graphics 515; Operating System: Mac OS X","0.92","Intel Core M 1.2GHz","8","512.0"
"1212","FX502VM-AS73 (i7-7700HQ/16GB/1TB","laptop","Asus","189381.72","Type: Notebook. Screen: Full HD 1920x1080; Display Size: 15.6 inches; GPU: Nvidia GeForce GTX 1060; Operating System: Windows 10","2.2","Intel Core i7 7700HQ 2.8GHz","16","1128.0"
"1213","GS73VR Stealth","laptop","MSI","211036.64","Type: Gaming. Screen: IPS Panel Full HD 1920x1080; Display Size: 17.3 inches; GPU: Nvidia GeForce GTX 1060; Operating System: Windows 10","2.43","Intel Core i7 6700HQ 2.6GHz","16","1256.0"
"1214","Inspiron 7579","laptop","Dell","108171.72","Type: 2 in 1 Convertible. Screen: IPS Panel Full HD / Touchscreen 1920x1080; Display Size: 15.6 inches; GPU: Intel HD Graphics 620; Operating System: Windows 10","2.191","Intel Core i5 7200U 2.5GHz","8","256.0"
"1215","ROG Strix","laptop","Asus","211037.72","Type: Gaming. Screen: Full HD 1920x1080; Display Size: 17.3 inches; GPU: Nvidia GeForce GTX 1060; Operating System: Windows 10","2.9","Intel Core i7 7700HQ 2.8GHz","16","1256.0"
"1216","C740-C9QX (3205U/2GB/32GB/Chrome","laptop","Acer","18840.72","Type: Netbook. Screen: 1366x768; Display Size: 11.6 inches; GPU: Intel HD Graphics; Operating System: Chrome OS","1.3","Intel Celeron Dual Core 3205U 1.5GHz","2","32.0"
"1217","E5 774G","laptop","Acer","64751.44","Type: Notebook. Screen: 1600x900; Display Size: 17.3 inches; GPU: Nvidia GeForce 940MX; Operating System: Windows 10","3.3","Intel Core i3 6006U 2GHz","4","1000.0"
"1218","IdeaPad 320-17IKB","laptop","Lenovo","58362.92","Type: Notebook. Screen: 1600x900; Display Size: 17.3 inches; GPU: Intel HD Graphics 620; Operating System: No OS","2.8","Intel Core i5 7200U 2.5GHz","8","1000.0"
"1219","IdeaPad Y700-15ISK","laptop","Lenovo","137732.16","Type: Gaming. Screen: IPS Panel Full HD 1920x1080; Display Size: 15.6 inches; GPU: Nvidia GeForce GTX 960<U+039C>; Operating System: Windows 10","2.6","Intel Core i7 6700HQ 2.6GHz","8","1128.0"
"1220","SP714-51 (i7-7Y75/8GB/256GB/FHD/W10)","laptop","Acer","124413.72","Type: 2 in 1 Convertible. Screen: IPS Panel Full HD / Touchscreen 1920x1080; Display Size: 14.0 inches; GPU: Intel HD Graphics 615; Operating System: Windows 10","1.2","Intel Core i7 7Y75 1.3GHz","8","256.0"
"1221","Thinkpad T560","laptop","Lenovo","165560.12","Type: Notebook. Screen: IPS Panel Full HD 1920x1080; Display Size: 15.6 inches; GPU: Intel HD Graphics 520; Operating System: Windows 10","2.3","Intel Core i7 6600U 2.6GHz","8","256.0"
"1222","GP62MVR 6RF","laptop","MSI","159833.19","Type: Gaming. Screen: Full HD 1920x1080; Display Size: 15.6 inches; GPU: Nvidia GeForce GTX 1060; Operating System: Windows 10","2.2","Intel Core i7 6700HQ 2.6GHz","8","1128.0"
"1223","15-bw009nv (A12-9720P/6GB/1TB/Radeon","laptop","HP","57280.12","Type: Notebook. Screen: Full HD 1920x1080; Display Size: 15.6 inches; GPU: AMD Radeon 530; Operating System: Windows 10","2.1","AMD A12-Series 9720P 2.7GHz","6","1000.0"
"1224","Latitude E7270","laptop","Dell","185523.7","Type: Ultrabook. Screen: Full HD / Touchscreen 1920x1080; Display Size: 12.5 inches; GPU: Intel HD Graphics 520; Operating System: Windows 7","1.26","Intel Core i5 6300U 2.4GHz","8","256.0"
"1225","Inspiron 5578","laptop","Dell","55114.52","Type: 2 in 1 Convertible. Screen: Full HD / Touchscreen 1920x1080; Display Size: 15.0 inches; GPU: Intel HD Graphics 620; Operating System: Windows 10","2.08","Intel Core i3 7100U 2.4GHz","4","500.0"
"1226","X540SA-RBPDN09 (N3710/4GB/1TB/W10)","laptop","Asus","33458.52","Type: Notebook. Screen: 1366x768; Display Size: 15.6 inches; GPU: Intel HD Graphics 405; Operating System: Windows 10","2.65","Intel Pentium Quad Core N3710 1.6GHz","4","1000.0"
"1227","XPS 13","laptop","Dell","159929.56","Type: Ultrabook. Screen: Quad HD+ / Touchscreen 3200x1800; Display Size: 13.3 inches; GPU: Intel HD Graphics 620; Operating System: Windows 10","1.29","Intel Core i7 7500U 2.7GHz","8","256.0"
"1228","Vostro 3568","laptop","Dell","56507.0","Type: Notebook. Screen: 1366x768; Display Size: 15.6 inches; GPU: Intel HD Graphics 520; Operating System: Linux","2.18","Intel Core i5 7200U 2.5GHz","4","1000.0"
"1229","IdeaPad Y700-15ISK","laptop","Lenovo","111420.12","Type: Gaming. Screen: IPS Panel Full HD / Touchscreen 1920x1080; Display Size: 15.6 inches; GPU: Nvidia GeForce GTX 960M; Operating System: Windows 10","2.6","Intel Core i7 6700HQ 2.6GHz","16","1128.0"
"1230","GL62M 7RDX","laptop","MSI","124413.72","Type: Gaming. Screen: Full HD 1920x1080; Display Size: 15.6 inches; GPU: Nvidia GeForce GTX 1050; Operating System: Windows 10","2.2","Intel Core i7 7700HQ 2.8GHz","8","1128.0"
"1231","ThinkPad Yoga","laptop","Lenovo","178662.0","Type: Netbook. Screen: IPS Panel Full HD / Touchscreen 1920x1080; Display Size: 12.5 inches; GPU: Intel HD Graphics 520; Operating System: Windows 10","1.3","Intel Core i7 6500U 2.50GHz","16","512.0"
"1232","Blade Pro","laptop","Razer","378871.72","Type: Gaming. Screen: Full HD 1920x1080; Display Size: 14.0 inches; GPU: Nvidia GeForce GTX 1060; Operating System: Windows 10","1.95","Intel Core i7 7700HQ 2.8GHz","16","1000.0"
"1233","Inspiron 3567","laptop","Dell","50784.4","Type: Notebook. Screen: Touchscreen 1366x768; Display Size: 15.6 inches; GPU: Intel HD Graphics 620; Operating System: Windows 10","2.3","Intel Core i3 7100U 2.4GHz","8","1000.0"
"1234","GE72VR Apache","laptop","MSI","173031.44","Type: Gaming. Screen: Full HD 1920x1080; Display Size: 17.3 inches; GPU: Nvidia GeForce GTX 1060; Operating System: Windows 10","2.7","Intel Core i7 7700HQ 2.8GHz","16","1256.0"
"1235","MacBook Air","laptop","Apple","103840.52","Type: Ultrabook. Screen: 1366x768; Display Size: 11.6 inches; GPU: Intel HD Graphics 6000; Operating System: Mac OS X","1.08","Intel Core i5 1.6GHz","4","256.0"
"1236","15-bs023nv (i3-6006U/4GB/1TB/FHD/W10)","laptop","HP","51757.84","Type: Notebook. Screen: Full HD 1920x1080; Display Size: 15.6 inches; GPU: Intel HD Graphics 520; Operating System: Windows 10","2.1","Intel Core i3 6006U 2GHz","4","1000.0"
"1237","EliteBook 840","laptop","HP","238020.01","Type: Ultrabook. Screen: 2560x1440; Display Size: 14.0 inches; GPU: Intel HD Graphics 520; Operating System: Windows 7","1.54","Intel Core i7 6500U 2.5GHz","8","256.0"
"1238","Vostro 3559","laptop","Dell","79802.36","Type: Notebook. Screen: 1366x768; Display Size: 15.6 inches; GPU: Intel HD Graphics 520; Operating System: Windows 7","2.24","Intel Core i5 6200U 2.3GHz","4","500.0"
"1239","GL62 6QF","laptop","MSI","126579.32","Type: Gaming. Screen: Full HD 1920x1080; Display Size: 15.6 inches; GPU: Nvidia GeForce GTX 960M; Operating System: Windows 10","2.3","Intel Core i7 6700HQ 2.6GHz","8","1128.0"
"1240","ThinkPad 13","laptop","Lenovo","162311.72","Type: Notebook. Screen: IPS Panel Full HD 1920x1080; Display Size: 13.3 inches; GPU: Intel HD Graphics 620; Operating System: Windows 10","1.4","Intel Core i7 7500U 2.7GHz","16","512.0"
"1241","IdeaPad 320-15ABR","laptop","Lenovo","64704.88","Type: Notebook. Screen: Full HD 1920x1080; Display Size: 15.6 inches; GPU: AMD Radeon 530; Operating System: Windows 10","2.2","AMD A12-Series 9720P 3.6GHz","6","256.0"
"1242","ZenBook UX310UA-WB71","laptop","Asus","138598.4","Type: Ultrabook. Screen: Full HD 1920x1080; Display Size: 13.3 inches; GPU: Intel HD Graphics 520; Operating System: Windows 10","1.45","Intel Core i7 6500U 2.5GHz","8","256.0"
"1243","Aspire ES1-572","laptop","Acer","39175.7","Type: Notebook. Screen: 1366x768; Display Size: 15.6 inches; GPU: Intel HD Graphics 520; Operating System: Linux","2.4","Intel Core i3 6006U 2.0GHz","4","500.0"
"1244","Inspiron 7779","laptop","Dell","194795.72","Type: 2 in 1 Convertible. Screen: Full HD / Touchscreen 1920x1080; Display Size: 17.3 inches; GPU: Nvidia GeForce 940MX; Operating System: Windows 10","2.77","Intel Core i7 7500U 2.7GHz","16","512.0"
"1245","EliteBook 840","laptop","HP","119106.92","Type: Notebook. Screen: Full HD 1920x1080; Display Size: 14.0 inches; GPU: Intel HD Graphics 520; Operating System: Windows 7","1.54","Intel Core i5 6200U 2.3GHz","4","256.0"
"1246","Rog GL553VE-FY052T","laptop","Asus","173248.0","Type: Gaming. Screen: IPS Panel Full HD 1920x1080; Display Size: 15.6 inches; GPU: Nvidia GeForce GTX 1050 Ti; Operating System: Windows 10","2.5","Intel Core i7 7700HQ 2.8GHz","16","1256.0"
"1247","Latitude 5480","laptop","Dell","94745.0","Type: Notebook. Screen: 1366x768; Display Size: 14.0 inches; GPU: Intel HD Graphics 620; Operating System: Windows 10","1.6","Intel Core i5 7200U 2.5GHz","4","500.0"
"1248","Rog GL502VS","laptop","Asus","251751.0","Type: Gaming. Screen: IPS Panel Full HD 1920x1080; Display Size: 15.6 inches; GPU: Nvidia GeForce GTX 1070; Operating System: Windows 10","2.34","Intel Core i7 6700HQ 2.6GHz","16","1256.0"
"1249","V510-15IKB (i5-7200U/8GB/256GB/FHD/No","laptop","Lenovo","62044.44","Type: Notebook. Screen: IPS Panel Full HD 1920x1080; Display Size: 15.6 inches; GPU: Intel HD Graphics 620; Operating System: No OS","2.3","Intel Core i5 7200U 2.5GHz","8","256.0"
"1250","XPS 13","laptop","Dell","196311.64","Type: 2 in 1 Convertible. Screen: Quad HD+ / Touchscreen 3200x1800; Display Size: 13.3 inches; GPU: Intel HD Graphics 615; Operating System: Windows 10","1.24","Intel Core i5 7Y54 1.2GHz","8","256.0"
"1251","Inspiron 3552","laptop","Dell","35082.72","Type: Notebook. Screen: 1366x768; Display Size: 15.6 inches; GPU: Intel HD Graphics; Operating System: Linux","2.2","Intel Pentium Quad Core N3710 1.6GHz","4","500.0"
"1252","255 G6","laptop","HP","43203.72","Type: Notebook. Screen: 1366x768; Display Size: 15.6 inches; GPU: AMD Radeon R4 Graphics; Operating System: Windows 10","1.86","AMD A6-Series 9220 2.5GHz","4","500.0"
"1253","IdeaPad 310-15ISK","laptop","Lenovo","61611.32","Type: Notebook. Screen: Full HD 1920x1080; Display Size: 15.6 inches; GPU: Nvidia GeForce 920MX; Operating System: Windows 10","2.4","Intel Core i3 6100U 2.3GHz","6","128.0"
"1254","ThinkPad L460","laptop","Lenovo","116076.16","Type: Notebook. Screen: IPS Panel Full HD 1920x1080; Display Size: 14.0 inches; GPU: Intel HD Graphics 520; Operating System: Windows 10","1.9","Intel Core i5 6200U 2.3GHz","8","256.0"
"1255","Inspiron 3552","laptop","Dell","48075.24","Type: Notebook. Screen: 1366x768; Display Size: 15.6 inches; GPU: Intel HD Graphics; Operating System: Windows 10","2.2","Intel Pentium Quad Core N3700 1.6GHz","4","500.0"
"1256","X541NA-GO020T (N3350/4GB/1TB/W10)","laptop","Asus","36706.92","Type: Notebook. Screen: 1366x768; Display Size: 15.6 inches; GPU: Intel HD Graphics 500; Operating System: Windows 10","2.0","Intel Celeron Dual Core N3350 1.1GHz","4","1000.0"
"1257","Rog G752VT-GC073T","laptop","Asus","205732.0","Type: Gaming. Screen: IPS Panel Full HD 1920x1080; Display Size: 17.3 inches; GPU: Nvidia GeForce GTX 970M; Operating System: Windows 10","4.0","Intel Core i7 6700HQ 2.6GHz","16","1128.0"
"1258","Vostro 3568","laptop","Dell","53057.2","Type: Notebook. Screen: 1366x768; Display Size: 15.6 inches; GPU: Intel HD Graphics 520; Operating System: Windows 10","2.29","Intel Core i3 6006U 2GHz","4","500.0"
"1259","B51-80 (i7-6500U/8GB/1008GB/Radeon","laptop","Lenovo","96910.6","Type: Notebook. Screen: Full HD 1920x1080; Display Size: 15.6 inches; GPU: AMD Radeon R5 M330; Operating System: Windows 7","2.32","Intel Core i7 6500U 2.5GHz","8","1000.0"
"1260","GE62 Apache","laptop","MSI","133076.12","Type: Gaming. Screen: Full HD 1920x1080; Display Size: 15.6 inches; GPU: Nvidia GeForce GTX 960M; Operating System: Windows 10","2.4","Intel Core i7 6700HQ 2.6GHz","8","1128.0"
"1261","Yoga 500-14IBD","laptop","Lenovo","90198.32","Type: 2 in 1 Convertible. Screen: Full HD / Touchscreen 1920x1080; Display Size: 14.0 inches; GPU: Intel HD Graphics 520; Operating System: Windows 10","1.8","Intel Core i5 6200U 2.3GHz","4","128.0"
"1262","ZenBook UX305CA-UBM1","laptop","Asus","78936.12","Type: Ultrabook. Screen: IPS Panel Full HD 1920x1080; Display Size: 13.3 inches; GPU: Intel HD Graphics 515; Operating System: Windows 10","1.2","Intel Core M 6Y30 0.9GHz","8","512.0"
"1263","Inspiron 3567","laptop","Dell","49700.52","Type: Notebook. Screen: 1366x768; Display Size: 15.6 inches; GPU: Intel HD Graphics 620; Operating System: Windows 10","2.3","Intel Core i3 7100U 2.4GHz","6","1000.0"
"1264","Aspire ES1-531","laptop","Acer","31292.92","Type: Notebook. Screen: 1366x768; Display Size: 15.6 inches; GPU: Intel HD Graphics 400; Operating System: Linux","2.4","Intel Celeron Dual Core N3060 1.6GHz","4","500.0"
"1265","Inspiron 3552","laptop","Dell","41038.12","Type: Notebook. Screen: 1366x768; Display Size: 15.6 inches; GPU: Intel HD Graphics; Operating System: Windows 10","2.2","Intel Celeron Dual Core N3050 1.6GHz","2","500.0"
"1266","IdeaPad Y700-15ISK","laptop","Lenovo","97343.72","Type: Notebook. Screen: IPS Panel Full HD 1920x1080; Display Size: 15.6 inches; GPU: Nvidia GeForce GTX 960M; Operating System: Windows 10","2.6","Intel Core i7 6700HQ 2.6GHz","8","1000.0"
"1267","Pavilion 15-AW003nv","laptop","HP","59552.92","Type: Notebook. Screen: Full HD 1920x1080; Display Size: 15.6 inches; GPU: AMD Radeon R7 M440; Operating System: Windows 10","2.04","AMD A9-Series 9410 2.9GHz","6","1000.0"
"1268","Inspiron 3567","laptop","Dell","87272.6","Type: Notebook. Screen: 1366x768; Display Size: 15.6 inches; GPU: AMD Radeon R5 M430; Operating System: Linux","2.3","Intel Core i7 7500U 2.7GHz","8","1000.0"
"1269","Stream 11-Y000na","laptop","HP","22630.52","Type: Netbook. Screen: 1366x768; Display Size: 11.6 inches; GPU: Intel HD Graphics 400; Operating System: Windows 10","1.17","Intel Celeron Dual Core N3060 1.6GHz","2","32.0"
"1270","X556UJ-XO044T (i7-6500U/4GB/500GB/GeForce","laptop","Asus","77996.25","Type: Notebook. Screen: 1366x768; Display Size: 15.6 inches; GPU: Nvidia GeForce 920M; Operating System: Windows 10","2.2","Intel Core i7 6500U 2.5GHz","4","500.0"
"1271","Yoga 500-14ISK","laptop","Lenovo","69082.64","Type: 2 in 1 Convertible. Screen: IPS Panel Full HD / Touchscreen 1920x1080; Display Size: 14.0 inches; GPU: Intel HD Graphics 520; Operating System: Windows 10","1.8","Intel Core i7 6500U 2.5GHz","4","128.0"
"1272","Yoga 900-13ISK","laptop","Lenovo","162311.72","Type: 2 in 1 Convertible. Screen: IPS Panel Quad HD+ / Touchscreen 3200x1800; Display Size: 13.3 inches; GPU: Intel HD Graphics 520; Operating System: Windows 10","1.3","Intel Core i7 6500U 2.5GHz","16","512.0"
"1273","IdeaPad 100S-14IBR","laptop","Lenovo","24796.12","Type: Notebook. Screen: 1366x768; Display Size: 14.0 inches; GPU: Intel HD Graphics; Operating System: Windows 10","1.5","Intel Celeron Dual Core N3050 1.6GHz","2","64.0"
"1274","15-AC110nv (i7-6500U/6GB/1TB/Radeon","laptop","HP","82725.92","Type: Notebook. Screen: 1366x768; Display Size: 15.6 inches; GPU: AMD Radeon R5 M330; Operating System: Windows 10","2.19","Intel Core i7 6500U 2.5GHz","6","1000.0"
"1275","X553SA-XX031T (N3050/4GB/500GB/W10)","laptop","Asus","39955.32","Type: Notebook. Screen: 1366x768; Display Size: 15.6 inches; GPU: Intel HD Graphics; Operating System: Windows 10","2.2","Intel Celeron Dual Core N3050 1.6GHz","4","500.0"
"1276","ZenBook UX305CA-UBM1","laptop","Asus","78936.12","Type: Ultrabook. Screen: IPS Panel Full HD 1920x1080; Display Size: 13.3 inches; GPU: Intel HD Graphics 515; Operating System: Windows 10","1.2","Intel Core M 6Y30 0.9GHz","8","512.0"
"1277","Inspiron 3567","laptop","Dell","49700.52","Type: Notebook. Screen: 1366x768; Display Size: 15.6 inches; GPU: Intel HD Graphics 620; Operating System: Windows 10","2.3","Intel Core i3 7100U 2.4GHz","6","1000.0"
"1278","Aspire ES1-531","laptop","Acer","31292.92","Type: Notebook. Screen: 1366x768; Display Size: 15.6 inches; GPU: Intel HD Graphics 400; Operating System: Linux","2.4","Intel Celeron Dual Core N3060 1.6GHz","4","500.0"
"1279","Inspiron 3552","laptop","Dell","41038.12","Type: Notebook. Screen: 1366x768; Display Size: 15.6 inches; GPU: Intel HD Graphics; Operating System: Windows 10","2.2","Intel Celeron Dual Core N3050 1.6GHz","2","500.0"
"1280","IdeaPad Y700-15ISK","laptop","Lenovo","97343.72","Type: Notebook. Screen: IPS Panel Full HD 1920x1080; Display Size: 15.6 inches; GPU: Nvidia GeForce GTX 960M; Operating System: Windows 10","2.6","Intel Core i7 6700HQ 2.6GHz","8","1000.0"
"1281","Pavilion 15-AW003nv","laptop","HP","59552.92","Type: Notebook. Screen: Full HD 1920x1080; Display Size: 15.6 inches; GPU: AMD Radeon R7 M440; Operating System: Windows 10","2.04","AMD A9-Series 9410 2.9GHz","6","1000.0"
"1282","Inspiron 3567","laptop","Dell","87272.6","Type: Notebook. Screen: 1366x768; Display Size: 15.6 inches; GPU: AMD Radeon R5 M430; Operating System: Linux","2.3","Intel Core i7 7500U 2.7GHz","8","1000.0"
"1283","Stream 11-Y000na","laptop","HP","22630.52","Type: Netbook. Screen: 1366x768; Display Size: 11.6 inches; GPU: Intel HD Graphics 400; Operating System: Windows 10","1.17","Intel Celeron Dual Core N3060 1.6GHz","2","32.0"
"1284","X556UJ-XO044T (i7-6500U/4GB/500GB/GeForce","laptop","Asus","77996.25","Type: Notebook. Screen: 1366x768; Display Size: 15.6 inches; GPU: Nvidia GeForce 920M; Operating System: Windows 10","2.2","Intel Core i7 6500U 2.5GHz","4","500.0"
"1285","Yoga 500-14ISK","laptop","Lenovo","69082.64","Type: 2 in 1 Convertible. Screen: IPS Panel Full HD / Touchscreen 1920x1080; Display Size: 14.0 inches; GPU: Intel HD Graphics 520; Operating System: Windows 10","1.8","Intel Core i7 6500U 2.5GHz","4","128.0"
"1286","Yoga 900-13ISK","laptop","Lenovo","162311.72","Type: 2 in 1 Convertible. Screen: IPS Panel Quad HD+ / Touchscreen 3200x1800; Display Size: 13.3 inches; GPU: Intel HD Graphics 520; Operating System: Windows 10","1.3","Intel Core i7 6500U 2.5GHz","16","512.0"
"1287","IdeaPad 100S-14IBR","laptop","Lenovo","24796.12","Type: Notebook. Screen: 1366x768; Display Size: 14.0 inches; GPU: Intel HD Graphics; Operating System: Windows 10","1.5","Intel Celeron Dual Core N3050 1.6GHz","2","64.0"
"1288","15-AC110nv (i7-6500U/6GB/1TB/Radeon","laptop","HP","82725.92","Type: Notebook. Screen: 1366x768; Display Size: 15.6 inches; GPU: AMD Radeon R5 M330; Operating System: Windows 10","2.19","Intel Core i7 6500U 2.5GHz","6","1000.0"
"1289","X553SA-XX031T (N3050/4GB/500GB/W10)","laptop","Asus","39955.32","Type: Notebook. Screen: 1366x768; Display Size: 15.6 inches; GPU: Intel HD Graphics; Operating System: Windows 10","2.2","Intel Celeron Dual Core N3050 1.6GHz","4","500.0"
"1290","ZenBook UX305CA-UBM1","laptop","Asus","78936.12","Type: Ultrabook. Screen: IPS Panel Full HD 1920x1080; Display Size: 13.3 inches; GPU: Intel HD Graphics 515; Operating System: Windows 10","1.2","Intel Core M 6Y30 0.9GHz","8","512.0"
"1291","Inspiron 3567","laptop","Dell","49700.52","Type: Notebook. Screen: 1366x768; Display Size: 15.6 inches; GPU: Intel HD Graphics 620; Operating System: Windows 10","2.3","Intel Core i3 7100U 2.4GHz","6","1000.0"
"1292","Aspire ES1-531","laptop","Acer","31292.92","Type: Notebook. Screen: 1366x768; Display Size: 15.6 inches; GPU: Intel HD Graphics 400; Operating System: Linux","2.4","Intel Celeron Dual Core N3060 1.6GHz","4","500.0"
"1293","Inspiron 3552","laptop","Dell","41038.12","Type: Notebook. Screen: 1366x768; Display Size: 15.6 inches; GPU: Intel HD Graphics; Operating System: Windows 10","2.2","Intel Celeron Dual Core N3050 1.6GHz","2","500.0"
"1294","IdeaPad Y700-15ISK","laptop","Lenovo","97343.72","Type: Notebook. Screen: IPS Panel Full HD 1920x1080; Display Size: 15.6 inches; GPU: Nvidia GeForce GTX 960M; Operating System: Windows 10","2.6","Intel Core i7 6700HQ 2.6GHz","8","1000.0"
"1295","Pavilion 15-AW003nv","laptop","HP","59552.92","Type: Notebook. Screen: Full HD 1920x1080; Display Size: 15.6 inches; GPU: AMD Radeon R7 M440; Operating System: Windows 10","2.04","AMD A9-Series 9410 2.9GHz","6","1000.0"
"1296","Inspiron 3567","laptop","Dell","87272.6","Type: Notebook. Screen: 1366x768; Display Size: 15.6 inches; GPU: AMD Radeon R5 M430; Operating System: Linux","2.3","Intel Core i7 7500U 2.7GHz","8","1000.0"
"1297","Stream 11-Y000na","laptop","HP","22630.52","Type: Netbook. Screen: 1366x768; Display Size: 11.6 inches; GPU: Intel HD Graphics 400; Operating System: Windows 10","1.17","Intel Celeron Dual Core N3060 1.6GHz","2","32.0"
"1298","X556UJ-XO044T (i7-6500U/4GB/500GB/GeForce","laptop","Asus","77996.25","Type: Notebook. Screen: 1366x768; Display Size: 15.6 inches; GPU: Nvidia GeForce 920M; Operating System: Windows 10","2.2","Intel Core i7 6500U 2.5GHz","4","500.0"
"1299","Yoga 500-14ISK","laptop","Lenovo","69082.64","Type: 2 in 1 Convertible. Screen: IPS Panel Full HD / Touchscreen 1920x1080; Display Size: 14.0 inches; GPU: Intel HD Graphics 520; Operating System: Windows 10","1.8","Intel Core i7 6500U 2.5GHz","4","128.0"
"1300","Yoga 900-13ISK","laptop","Lenovo","162311.72","Type: 2 in 1 Convertible. Screen: IPS Panel Quad HD+ / Touchscreen 3200x1800; Display Size: 13.3 inches; GPU: Intel HD Graphics 520; Operating System: Windows 10","1.3","Intel Core i7 6500U 2.5GHz","16","512.0"
"1301","IdeaPad 100S-14IBR","laptop","Lenovo","24796.12","Type: Notebook. Screen: 1366x768; Display Size: 14.0 inches; GPU: Intel HD Graphics; Operating System: Windows 10","1.5","Intel Celeron Dual Core N3050 1.6GHz","2","64.0"
"1302","15-AC110nv (i7-6500U/6GB/1TB/Radeon","laptop","HP","82725.92","Type: Notebook. Screen: 1366x768; Display Size: 15.6 inches; GPU: AMD Radeon R5 M330; Operating System: Windows 10","2.19","Intel Core i7 6500U 2.5GHz","6","1000.0"
"1303","X553SA-XX031T (N3050/4GB/500GB/W10)","laptop","Asus","39955.32","Type: Notebook. Screen: 1366x768; Display Size: 15.6 inches; GPU: Intel HD Graphics; Operating System: Windows 10","2.2","Intel Celeron Dual Core N3050 1.6GHz","4","500.0"
"1304","ASUS ExpertBook B1 B1502CBA-EJ0436X Intel Core i5-1235U/8GB/512GB SSD/15.6""","laptop","Asus","109254.52","Type: New. Model: ExpertBook; Storage Type: SSD; GPU: Unknown; Screen: 15.6; Touch: No","","Intel Core i5","8","512.0"
"1305","Alurin Go Start Intel Celeron N4020/8GB/256GB SSD/15.6""","laptop","Alurin","32375.72","Type: New. Model: Go; Storage Type: SSD; GPU: Unknown; Screen: 15.6; Touch: No","","Intel Celeron","8","256.0"
"1306","ASUS ExpertBook B1 B1502CBA-EJ0424X Intel Core i3-1215U/8GB/256GB SSD/15.6""","laptop","Asus","85432.92","Type: New. Model: ExpertBook; Storage Type: SSD; GPU: Unknown; Screen: 15.6; Touch: No","","Intel Core i3","8","256.0"
"1307","MSI Katana GF66 12UC-082XES Intel Core i7-12700H/16GB/1TB SSD/RTX3050/15.6""","laptop","MSI","129827.72","Type: New. Model: Katana; Storage Type: SSD; GPU: RTX 3050; Screen: 15.6; Touch: No","","Intel Core i7","16","1000.0"
"1308","HP 15S-FQ5085NS Intel Core i5-1235U/16GB/512GB SSD/15.6""","laptop","HP","72440.4","Type: New. Model: 15S; Storage Type: SSD; GPU: Unknown; Screen: 15.6; Touch: No","","Intel Core i5","16","512.0"
"1309","MSI Crosshair 17 C12VF-264XES Intel Core i7-12650H/32GB/1TB SSD/RTX 4060/17.3""","laptop","MSI","183967.72","Type: New. Model: Crosshair; Storage Type: SSD; GPU: RTX 4060; Screen: 17.3; Touch: No","","Intel Core i7","32","1000.0"
"1310","Lenovo Thinkpad E14 Gen 4 AMD Ryzen 5 5625U/8GB/256GB SSD/14""","laptop","Lenovo","98426.52","Type: New. Model: ThinkPad; Storage Type: SSD; GPU: Unknown; Screen: 14.0; Touch: No","","AMD Ryzen 5","8","256.0"
"1311","ASUS VivoBook 15 F515JA-EJ2882W Intel Core i7-1065G7/8GB/512GB SSD/15.6""","laptop","Asus","87599.6","Type: New. Model: VivoBook; Storage Type: SSD; GPU: Unknown; Screen: 15.6; Touch: No","","Intel Core i7","8","512.0"
"1312","Medion Akoya E15415 Intel Core i5-10210U/8GB/256GB SSD/15.6""","laptop","Medion","56197.32","Type: New. Model: Akoya; Storage Type: SSD; GPU: Unknown; Screen: 15.6; Touch: No","","Intel Core i5","8","256.0"
"1313","HP Victus 16-d1038ns Intel Core i7-12700H/16GB/512GB SSD/RTX 3050/16.1""","laptop","HP","124413.72","Type: New. Model: Victus; Storage Type: SSD; GPU: RTX 3050; Screen: 16.1; Touch: No","","Intel Core i7","16","512.0"
"1314","Lenovo V15 IGL Intel Celeron N4020/8GB/256 GB SSD/15.6""","laptop","Lenovo","37789.72","Type: New. Model: V15; Storage Type: SSD; GPU: Unknown; Screen: 15.6; Touch: No","","Intel Celeron","8","256.0"
"1315","MSI Thin GF63 12VE-021XES Intel Core i7-12650H/16GB/1TB SSD/RTX 4050/15.6""","laptop","MSI","151483.72","Type: New. Model: Thin; Storage Type: SSD; GPU: RTX 4050; Screen: 15.6; Touch: No","","Intel Core i7","16","1000.0"
"1316","ASUS ROG Strix G15 G513RC-HN088 AMD Ryzen 7 6800H/16GB/512GB SSD/RTX 3050/15.6""","laptop","Asus","129827.72","Type: New. Model: ROG; Storage Type: SSD; GPU: RTX 3050; Screen: 15.6; Touch: No","","AMD Ryzen 7","16","512.0"
"1317","Lenovo V15 G3 ABA AMD Ryzen 5 5625U/16GB/512GB SSD/15.6""","laptop","Lenovo","51648.48","Type: New. Model: V15; Storage Type: SSD; GPU: Unknown; Screen: 15.6; Touch: No","","AMD Ryzen 5","16","512.0"
"1318","Lenovo IdeaPad 1 15ADA7 AMD Ryzen 3 3250U/8GB/256GB SSD/15.6""","laptop","Lenovo","42337.48","Type: New. Model: IdeaPad; Storage Type: SSD; GPU: Unknown; Screen: 15.6; Touch: No","","AMD Ryzen 3","8","256.0"
"1319","HP 15S-FQ5013NS Intel Core i5-1235U/8GB/512GB SSD/15.6""","laptop","HP","75687.72","Type: New. Model: 15S; Storage Type: SSD; GPU: Unknown; Screen: 15.6; Touch: No","","Intel Core i5","8","512.0"
"1320","Lenovo IdeaPad 3 15IAU7 Intel Core i5-1235U/16GB/512GB SSD/15.6""","laptop","Lenovo","86515.72","Type: New. Model: IdeaPad; Storage Type: SSD; GPU: Unknown; Screen: 15.6; Touch: No","","Intel Core i5","16","512.0"
"1321","HP 15S-FQ2163NS Intel Core i3-1115G4/8GB/512GB SSD/15.6""","laptop","HP","59445.72","Type: New. Model: 15S; Storage Type: SSD; GPU: Unknown; Screen: 15.6; Touch: No","","Intel Core i3","8","512.0"
"1322","ASUS VivoBook 15 F515JA-EJ4134 Intel Core i7-1065G7/8GB/512GB SSD/15.6""","laptop","Asus","83267.32","Type: New. Model: VivoBook; Storage Type: SSD; GPU: Unknown; Screen: 15.6; Touch: No","","Intel Core i7","8","512.0"
"1323","MSI GF63 Thin 11UC-446XES Intel Core i7-11800H/16GB/512GB SSD/RTX 3050/15.6""","laptop","MSI","108171.72","Type: New. Model: Thin; Storage Type: SSD; GPU: RTX 3050; Screen: 15.6; Touch: No","","Intel Core i7","16","512.0"
"1324","MSI Cyborg 15 A12VF-098XES Intel Core i5-12450H/16GB/1TB SSD/RTX 4060/15.6""","laptop","MSI","135241.72","Type: New. Model: Cyborg; Storage Type: SSD; GPU: RTX 4060; Screen: 15.6; Touch: No","","Intel Core i5","16","1000.0"
"1325","ASUS M515UA-EJ486W AMD Ryzen 7 5700U/16GB/512GB SSD/15.6""","laptop","Asus","85432.92","Type: New. Model: M515UA; Storage Type: SSD; GPU: Unknown; Screen: 15.6; Touch: No","","AMD Ryzen 7","16","512.0"
"1326","Lenovo IdeaPad 3 15ALC6 AMD Ryzen 7 5700U/16GB/512GB SSD/15.6""","laptop","Lenovo","78936.12","Type: New. Model: IdeaPad; Storage Type: SSD; GPU: Unknown; Screen: 15.6; Touch: No","","AMD Ryzen 7","16","512.0"
"1327","ASUS TUF Gaming F15 FX506HC-HN004 Intel Core i5-11400H/16GB/512GB SSD/RTX 3050/15.6""","laptop","Asus","118999.72","Type: New. Model: TUF; Storage Type: SSD; GPU: RTX 3050; Screen: 15.6; Touch: No","","Intel Core i5","16","512.0"
"1328","Acer Aspire 3 A315-59-37GX Intel Core i3-1215U/8GB/256GB SSD/15.6""","laptop","Acer","58364.0","Type: New. Model: Aspire; Storage Type: SSD; GPU: Unknown; Screen: 15.6; Touch: No","","Intel Core i3","8","256.0"
"1329","ASUS TUF Gaming F15 FX507ZC4-HN002 Intel Core i7-12700H/16GB/512GB SSD/RTX 3050/15.6""","laptop","Asus","127662.12","Type: New. Model: TUF; Storage Type: SSD; GPU: RTX 3050; Screen: 15.6; Touch: No","","Intel Core i7","16","512.0"
"1330","Alurin Go Start Intel Celeron N4020/8GB/256GB SSD/14""","laptop","Alurin","25878.92","Type: New. Model: Go; Storage Type: SSD; GPU: Unknown; Screen: 14.0; Touch: No","","Intel Celeron","8","256.0"
"1331","HP Victus 15-fa0012ns Intel Core i5-12500H/16GB/512GB SSD/RTX 3050/15.6""","laptop","HP","108171.72","Type: New. Model: Victus; Storage Type: SSD; GPU: RTX 3050; Screen: 15.6; Touch: No","","Intel Core i5","16","512.0"
"1332","HP Pavilion 15-eh1004ns AMD Ryzen 5 5500U/16GB/512GB SSD/15.6""","laptop","HP","86515.72","Type: New. Model: Pavilion; Storage Type: SSD; GPU: Unknown; Screen: 15.6; Touch: No","","AMD Ryzen 5","16","512.0"
"1333","Lenovo IdeaPad 3 15ITL6 Intel Core i5-1155G7/8GB/512GB SSD/15.6""","laptop","Lenovo","56198.4","Type: New. Model: IdeaPad; Storage Type: SSD; GPU: Unknown; Screen: 15.6; Touch: No","","Intel Core i5","8","512.0"
"1334","HP 15S-FQ5028NS Intel Core i5-1235U/16GB/512GB SSD/15.6""","laptop","HP","85432.92","Type: New. Model: 15S; Storage Type: SSD; GPU: Unknown; Screen: 15.6; Touch: No","","Intel Core i5","16","512.0"
"1335","MSI Katana 15 B12VFK-095XES Intel Core i7-12650H/16GB/512GB SSD/RTX 4060/15.6""","laptop","MSI","167725.72","Type: New. Model: Katana; Storage Type: SSD; GPU: RTX 4060; Screen: 15.6; Touch: No","","Intel Core i7","16","512.0"
"1336","ASUS VivoBook F1500EA-EJ2384W Intel Core i3-1115G4/8GB/256GB SSD/15.6""","laptop","Asus","58364.0","Type: New. Model: VivoBook; Storage Type: SSD; GPU: Unknown; Screen: 15.6; Touch: No","","Intel Core i3","8","256.0"
"1337","HP 15S-fq2159ns Intel Core i3-1115G4/8GB/256GB SSD/15.6""","laptop","HP","58362.92","Type: New. Model: 15S; Storage Type: SSD; GPU: Unknown; Screen: 15.6; Touch: No","","Intel Core i3","8","256.0"
"1338","MSI Vector GP77 13VF-022XES Intel Core i7-13700H/32GB/1TB SSD/RTX 4060/17.3""","laptop","MSI","243521.72","Type: New. Model: Vector; Storage Type: SSD; GPU: RTX 4060; Screen: 17.3; Touch: No","","Intel Core i7","32","1000.0"
"1339","ASUS VivoBook Pro 15 OLED M6500QC-L1010W AMD Ryzen 7 5800H/16GB/512GB SSD/RTX 3050/15.6""","laptop","Asus","140656.8","Type: New. Model: VivoBook; Storage Type: SSD; GPU: RTX 3050; Screen: 15.6; Touch: No","","AMD Ryzen 7","16","512.0"
"1340","ASUS ROG Strix G15 G513RC-HF094 AMD Ryzen 7 6800H/16GB/512GB SSD/RTX3050/15.6""","laptop","Asus","123332.0","Type: New. Model: ROG; Storage Type: SSD; GPU: RTX 3050; Screen: 15.6; Touch: No","","AMD Ryzen 7","16","512.0"
"1341","ASUS Chromebook CX1500CNA-EJ0100 Intel Celeron N3350/8GB/64GB eMMC/15.6""","laptop","Asus","43203.72","Type: New. Model: Chromebook; Storage Type: eMMC; GPU: Unknown; Screen: 15.6; Touch: No","","Intel Celeron","8","64.0"
"1342","HP 15S-fq5101ns Intel Core i7-1255U/16GB/512GB SSD/15.6""","laptop","HP","85432.92","Type: New. Model: 15S; Storage Type: SSD; GPU: Unknown; Screen: 15.6; Touch: No","","Intel Core i7","16","512.0"
"1343","HP 15S-EQ2090NS AMD Ryzen 5 5500U/8GB/512GB SSD/15.6""","laptop","HP","64860.8","Type: New. Model: 15S; Storage Type: SSD; GPU: Unknown; Screen: 15.6; Touch: No","","AMD Ryzen 5","8","512.0"
"1344","HP Omen 16-b1022ns Intel Core i7-12700H/32GB/1TB SSD/RTX 3060/16.1''","laptop","HP","183967.72","Type: New. Model: Omen; Storage Type: SSD; GPU: RTX 3060; Screen: 16.1; Touch: No","","Intel Core i7","32","1000.0"
"1345","ASUS VivoBook 15 F1502ZA-EJ733 Intel Core i5-1235U/8GB/512GB SSD/15.6""","laptop","Asus","65942.52","Type: New. Model: VivoBook; Storage Type: SSD; GPU: Unknown; Screen: 15.6; Touch: No","","Intel Core i5","8","512.0"
"1346","Asus ZenBook 13 OLED UX325EA-KG245 Intel Core i7-1165G7/16GB/512GB SSD/13.3""","laptop","Asus","117916.92","Type: New. Model: ZenBook; Storage Type: SSD; GPU: Unknown; Screen: 13.3; Touch: No","","Intel Core i7","16","512.0"
"1347","HP Victus 16-d1033ns Intel Core i7-12700H/16GB/512GB SSD/RTX 3060/16.1''","laptop","HP","151483.72","Type: New. Model: Victus; Storage Type: SSD; GPU: RTX 3060; Screen: 16.1; Touch: No","","Intel Core i7","16","512.0"
"1348","HP 15S-fq5055ns Intel Core i7-1255U/16GB/512GB SSD/15.6""","laptop","HP","97344.8","Type: New. Model: 15S; Storage Type: SSD; GPU: Unknown; Screen: 15.6; Touch: No","","Intel Core i7","16","512.0"
"1349","HP 15S-eq2087ns AMD Ryzen 5 5500U/12GB/512GB SSD/15.6""","laptop","HP","59445.72","Type: New. Model: 15S; Storage Type: SSD; GPU: Unknown; Screen: 15.6; Touch: No","","AMD Ryzen 5","12","512.0"
"1350","Lenovo IdeaPad Gaming 3 15IHU6 Intel Core i5-11320H/16GB/512GB SSD/RTX3050/15.6""","laptop","Lenovo","100592.12","Type: New. Model: IdeaPad; Storage Type: SSD; GPU: RTX 3050; Screen: 15.6; Touch: No","","Intel Core i5","16","512.0"
"1351","MSI Creator M16 B13VE-682XES Intel Core i7-13700H/32GB/1TB SSD/RTX 4050/16""","laptop","MSI","205624.8","Type: New. Model: Creator; Storage Type: SSD; GPU: RTX 4050; Screen: 16.0; Touch: No","","Intel Core i7","32","1000.0"
"1352","Lenovo IdeaPad 1 15ALC7 AMD Ryzen 7 5700U/16GB/512GB SSD/15.6""","laptop","Lenovo","89764.12","Type: New. Model: IdeaPad; Storage Type: SSD; GPU: Unknown; Screen: 15.6; Touch: No","","AMD Ryzen 7","16","512.0"
"1353","HP 15S-fq2158ns Intel Core i3-1115G4/8GB/256GB SSD/15.6""","laptop","HP","48617.72","Type: New. Model: 15S; Storage Type: SSD; GPU: Unknown; Screen: 15.6; Touch: No","","Intel Core i3","8","256.0"
"1354","Apple MacBook Air Apple M1/8GB/256GB SSD/GPU Hepta Core/13.3"" Gris Espacial","laptop","Apple","131993.32","Type: New. Model: MacBook Air; Storage Type: SSD; GPU: Unknown; Screen: 13.3; Touch: No","","Apple M1","8","256.0"
"1355","Lenovo ThinkBook 14 Intel Core i5-1135G7/8GB/256GB SSD/14""","laptop","Lenovo","75687.72","Type: New. Model: ThinkBook; Storage Type: SSD; GPU: Unknown; Screen: 14.0; Touch: No","","Intel Core i5","8","256.0"
"1356","ASUS TUF Gaming A15 2023 FA507NV-LP041 AMD Ryzen 7 7735HS/16GB/1TB SSD/RTX 4060/15.6""","laptop","Asus","146069.72","Type: New. Model: TUF; Storage Type: SSD; GPU: RTX 4060; Screen: 15.6; Touch: No","","AMD Ryzen 7","16","1000.0"
"1357","MSI Katana 15 B12VGK-094XES Intel Core i7-12650H/16GB/1TB SSD/RTX 4070/15.6""","laptop","MSI","183967.72","Type: New. Model: Katana; Storage Type: SSD; GPU: RTX 4070; Screen: 15.6; Touch: No","","Intel Core i7","16","1000.0"
"1358","ASUS M515UA-EJ522W AMD Ryzen 5 5500U/8GB/512GB SSD/15.6""","laptop","Asus","75687.72","Type: New. Model: M515UA; Storage Type: SSD; GPU: Unknown; Screen: 15.6; Touch: No","","AMD Ryzen 5","8","512.0"
"1359","HP Victus 16-e0101ns AMD Ryzen 7 5800H/16GB/512GB SSD/RTX 3060/16.1""","laptop","HP","140656.8","Type: New. Model: Victus; Storage Type: SSD; GPU: RTX 3060; Screen: 16.1; Touch: No","","AMD Ryzen 7","16","512.0"
"1360","HP 250 G9 Intel Celeron N4500/8 GB/256GB SSD/15.6""","laptop","HP","43203.72","Type: New. Model: 250; Storage Type: SSD; GPU: Unknown; Screen: 15.6; Touch: No","","Intel Celeron","8","256.0"
"1361","HP OMEN 16-C0042NS AMD Ryzen 7 5800H/16GB/512GB SSD/RTX 3050 Ti/16.1""","laptop","HP","124413.72","Type: New. Model: Omen; Storage Type: SSD; GPU: RTX 3050; Screen: 16.1; Touch: No","","AMD Ryzen 7","16","512.0"
"1362","MSI Modern 15 B7M-041XES AMD Ryzen 5 7530U/16GB/512GB SSD/15.6""","laptop","MSI","90846.92","Type: New. Model: Modern; Storage Type: SSD; GPU: Unknown; Screen: 15.6; Touch: No","","AMD Ryzen 5","16","512.0"
"1363","HP 255 G9 AMD Athlon 3020e/8GB/512GB SSD/15.6""","laptop","HP","41038.12","Type: New. Model: 255; Storage Type: SSD; GPU: Unknown; Screen: 15.6; Touch: No","","AMD Athlon","8","512.0"
"1364","ASUS VivoBook 15 F1500EA-EJ3022 Intel Core i7-1165G7/16GB/512GB SSD/15.6""","laptop","Asus","87599.6","Type: New. Model: VivoBook; Storage Type: SSD; GPU: Unknown; Screen: 15.6; Touch: No","","Intel Core i7","16","512.0"
"1365","Lenovo V15 G2 ITL Intel Core i5-1135G7/8 GB/512 GB SSD/15.6""","laptop","Lenovo","84350.12","Type: New. Model: V15; Storage Type: SSD; GPU: Unknown; Screen: 15.6; Touch: No","","Intel Core i5","8","512.0"
"1366","ASUS VivoBook 15 F1500EA-EJ3023 Intel Core i7-1165G7/8GB/512GB SSD/15.6""","laptop","Asus","81101.72","Type: New. Model: VivoBook; Storage Type: SSD; GPU: Unknown; Screen: 15.6; Touch: No","","Intel Core i7","8","512.0"
"1367","MSI Thin GF63 12VE-009XES Intel Core i5-12450H/16GB/512GB SSD/RTX 4050/15.6""","laptop","MSI","118999.72","Type: New. Model: Thin; Storage Type: SSD; GPU: RTX 4050; Screen: 15.6; Touch: No","","Intel Core i5","16","512.0"
"1368","MSI Modern 15 B13M-281XES Intel Core i7-1355U/16GB/1TB SSD/15.6""","laptop","MSI","108171.72","Type: New. Model: Modern; Storage Type: SSD; GPU: Unknown; Screen: 15.6; Touch: No","","Intel Core i7","16","1000.0"
"1369","HP 15S-eq2088ns AMD Ryzen 7 5700U/16GB/512GB SSD/15.6""","laptop","HP","70274.8","Type: New. Model: 15S; Storage Type: SSD; GPU: Unknown; Screen: 15.6; Touch: No","","AMD Ryzen 7","16","512.0"
"1370","MSI Vector GP77 13VG-021XES Intel Core i7-13700H/32GB/1TB SSD/RTX 4070/17.3""","laptop","MSI","270591.72","Type: New. Model: Vector; Storage Type: SSD; GPU: RTX 4070; Screen: 17.3; Touch: No","","Intel Core i7","32","1000.0"
"1371","ASUS VivoBook 15 F1500EA-EJ3067W Intel Core i7-1165G7/8GB/512GB SSD/15.6""","laptop","Asus","93012.52","Type: New. Model: VivoBook; Storage Type: SSD; GPU: Unknown; Screen: 15.6; Touch: No","","Intel Core i7","8","512.0"
"1372","MSI Creator M16 B12UDX-809XES Intel Core i7-12650H/32GB/1TB SSD/RTX 3050/16""","laptop","MSI","162312.8","Type: New. Model: Creator; Storage Type: SSD; GPU: RTX 3050; Screen: 16.0; Touch: No","","Intel Core i7","32","1000.0"
"1373","Apple Macbook Pro Apple M2/8GB/256GB SSD/GPU Deca Core/13.3"" Plata","laptop","Apple","173139.72","Type: New. Model: MacBook Pro; Storage Type: SSD; GPU: Unknown; Screen: 13.3; Touch: No","","Apple M2","8","256.0"
"1374","ASUS TUF Gaming A15 2023 FA507XI-LP024 AMD Ryzen 9 7940HS/32GB/512GB SSD/RTX 4070/15.6""","laptop","Asus","183968.8","Type: New. Model: TUF; Storage Type: SSD; GPU: RTX 4070; Screen: 15.6; Touch: No","","AMD Ryzen 9","32","512.0"
"1375","MSI Katana 15 B13VFK-031XES Intel Core i7-13620H/16GB/1TB SSD/RTX 4060/15.6""","laptop","MSI","183967.72","Type: New. Model: Katana; Storage Type: SSD; GPU: RTX 4060; Screen: 15.6; Touch: No","","Intel Core i7","16","1000.0"
"1376","HP Victus 16-d1021ns Intel Core i7-12700H/16GB/512GB SSD/RTX 3050Ti/16.1""","laptop","HP","129827.72","Type: New. Model: Victus; Storage Type: SSD; GPU: RTX 3050; Screen: 16.1; Touch: No","","Intel Core i7","16","512.0"
"1377","MSI Modern 14 C13M-426XES Intel Core i7-1355U/16GB/1TB SSD/14""","laptop","MSI","108171.72","Type: New. Model: Modern; Storage Type: SSD; GPU: Unknown; Screen: 14.0; Touch: No","","Intel Core i7","16","1000.0"
"1378","MSI Modern 15 B12M-430XES Intel Core i3-1215U/8GB/256GB SSD/15.6""","laptop","MSI","54031.72","Type: New. Model: Modern; Storage Type: SSD; GPU: Unknown; Screen: 15.6; Touch: No","","Intel Core i3","8","256.0"
"1379","Lenovo IdeaPad 3 15ALC6 AMD Ryzen 3 5300U/8GB/256GB SSD/15.6""","laptop","Lenovo","54031.72","Type: New. Model: IdeaPad; Storage Type: SSD; GPU: Unknown; Screen: 15.6; Touch: No","","AMD Ryzen 3","8","256.0"
"1380","MSI Prestige 14H B12UCX-414XES Intel Core i5-12450H/16GB/512GB SSD/RTX 2050/14""","laptop","MSI","108171.72","Type: New. Model: Prestige; Storage Type: SSD; GPU: RTX 2050; Screen: 14.0; Touch: No","","Intel Core i5","16","512.0"
"1381","Lenovo IdeaPad 3 15ITL6 Intel Core i7-1165G7/16GB/512 GB SSD/15.6""","laptop","Lenovo","81101.72","Type: New. Model: IdeaPad; Storage Type: SSD; GPU: Unknown; Screen: 15.6; Touch: No","","Intel Core i7","16","512.0"
"1382","Lenovo ThinkBook 15 G2 ITL Intel Core i5-1135G7/8 GB/256GB SSD/15.6"" Gris","laptop","Lenovo","95178.12","Type: New. Model: ThinkBook; Storage Type: SSD; GPU: Unknown; Screen: 15.6; Touch: No","","Intel Core i5","8","256.0"
"1383","MSI Prestige 14H B12UCX-413XES Intel Core i7-12650H/16GB/1TB SSD/RTX 2050/14""","laptop","MSI","161228.92","Type: New. Model: Prestige; Storage Type: SSD; GPU: RTX 2050; Screen: 14.0; Touch: No","","Intel Core i7","16","1000.0"
"1384","HP Pavilion 15-eg2004ns Intel Core i7-1255U/16GB/512GB SSD/15.6""","laptop","HP","108171.72","Type: New. Model: Pavilion; Storage Type: SSD; GPU: Unknown; Screen: 15.6; Touch: No","","Intel Core i7","16","512.0"
"1385","HP Victus 15-fa0026ns Intel Core i5-12450H/16GB/512GB SSD/GTX 1650/15.6""","laptop","HP","108171.72","Type: New. Model: Victus; Storage Type: SSD; GPU: GTX 1650; Screen: 15.6; Touch: No","","Intel Core i5","16","512.0"
"1386","Lenovo IdeaPad 3 15ITL6 Intel Core i5-1155G7/8 GB/512GB SSD/15.6""","laptop","Lenovo","63776.92","Type: New. Model: IdeaPad; Storage Type: SSD; GPU: Unknown; Screen: 15.6; Touch: No","","Intel Core i5","8","512.0"
"1387","Lenovo ThinkBook 14 G4 IAP Intel Core i5-1235U/8GB/256GB SSD/14""","laptop","Lenovo","103840.52","Type: New. Model: ThinkBook; Storage Type: SSD; GPU: Unknown; Screen: 14.0; Touch: No","","Intel Core i5","8","256.0"
"1388","HP Victus 15-fa0004ns Intel Core i5-12500H/16GB/512GB SSD/GTX 1650/15.6""","laptop","HP","112502.92","Type: New. Model: Victus; Storage Type: SSD; GPU: GTX 1650; Screen: 15.6; Touch: No","","Intel Core i5","16","512.0"
"1389","Lenovo IdeaPad 3 15ALC6 AMD Ryzen 5 5500U/8GB/512GBSSD/15.6""","laptop","Lenovo","64859.72","Type: New. Model: IdeaPad; Storage Type: SSD; GPU: Unknown; Screen: 15.6; Touch: No","","AMD Ryzen 5","8","512.0"
"1390","HP 15S-fq5094ns Intel Core i7-1255U/8GB/512GB SSD/15.6""","laptop","HP","80020.0","Type: New. Model: 15S; Storage Type: SSD; GPU: Unknown; Screen: 15.6; Touch: No","","Intel Core i7","8","512.0"
"1391","MSI Stealth 16 Studio A13VF-038XES Intel Core i7-13700H/32GB/1TB SSD/RTX 4060/16""","laptop","MSI","265177.72","Type: New. Model: Stealth; Storage Type: SSD; GPU: RTX 4060; Screen: 16.0; Touch: No","","Intel Core i7","32","1000.0"
"1392","Acer Aspire 5 A515-57-76BV Intel Core i7-1255U/8GB/512GB SSD/15.6""","laptop","Acer","90846.92","Type: New. Model: Aspire; Storage Type: SSD; GPU: Unknown; Screen: 15.6; Touch: No","","Intel Core i7","8","512.0"
"1393","Lenovo IdeaPad 3 15ALC6 AMD Ryzen 3 5300U/8 GB/256GB SSD/15.6""","laptop","Lenovo","54031.72","Type: New. Model: IdeaPad; Storage Type: SSD; GPU: Unknown; Screen: 15.6; Touch: No","","AMD Ryzen 3","8","256.0"
"1394","Lenovo IdeaPad 3 15ALC6 AMD Ryzen 7 5700U/8 GB/512GB SSD/15.6""","laptop","Lenovo","75687.72","Type: New. Model: IdeaPad; Storage Type: SSD; GPU: Unknown; Screen: 15.6; Touch: No","","AMD Ryzen 7","8","512.0"
"1395","MSI Pulse 15 B13VFK-448XES Intel Core i9-13900H/32GB/1TB SSD/RTX 4060/15.6""","laptop","MSI","259764.8","Type: New. Model: Pulse; Storage Type: SSD; GPU: RTX 4060; Screen: 15.6; Touch: No","","Intel Core i9","32","1000.0"
"1396","Lenovo IdeaPad 1 15ADA7 AMD 3020e/4GB/128GB SSD/15.6""","laptop","Lenovo","47966.96","Type: New. Model: IdeaPad; Storage Type: SSD; GPU: Unknown; Screen: 15.6; Touch: No","","AMD 3020e","4","128.0"
"1397","Lenovo IdeaPad 3 15ALC6 AMD Ryzen 5 5500U/8 GB/512GB SSD/15.6""","laptop","Lenovo","74606.0","Type: New. Model: IdeaPad; Storage Type: SSD; GPU: Unknown; Screen: 15.6; Touch: No","","AMD Ryzen 5","8","512.0"
"1398","Lenovo IdeaPad 3 15ITL6 Intel Core i5-1155G7/16 GB/512GB SSD/15.6""","laptop","Lenovo","81101.72","Type: New. Model: IdeaPad; Storage Type: SSD; GPU: Unknown; Screen: 15.6; Touch: No","","Intel Core i5","16","512.0"
"1399","Lenovo IdeaPad 1 15ADA7 AMD 3020e/4GB/256GB SSD/15.6""","laptop","Lenovo","34865.08","Type: New. Model: IdeaPad; Storage Type: SSD; GPU: Unknown; Screen: 15.6; Touch: No","","AMD 3020e","4","256.0"
"1400","MSI Modern 15 B11M-043XES Intel Core i5-1155G7/8GB/512GB SSD/15.6""","laptop","MSI","64859.72","Type: New. Model: Modern; Storage Type: SSD; GPU: Unknown; Screen: 15.6; Touch: No","","Intel Core i5","8","512.0"
"1401","ASUS ZenBook 13 OLED UX325EA-KG448W Intel Core i7-1165G7/16GB/512GB SSD/13.3""","laptop","Asus","129827.72","Type: New. Model: ZenBook; Storage Type: SSD; GPU: Unknown; Screen: 13.3; Touch: No","","Intel Core i7","16","512.0"
"1402","ASUS TUF Gaming F15 FX506HF-HN004 Intel Core i5-11400H/16GB/512GB SSD/RTX 2050/15.6""","laptop","Asus","102757.72","Type: New. Model: TUF; Storage Type: SSD; GPU: RTX 2050; Screen: 15.6; Touch: No","","Intel Core i5","16","512.0"
"1403","ASUS VivoBook F1605PA-MB125W Intel Core i5-11300H/16GB/512GB SSD/16""","laptop","Asus","86515.72","Type: New. Model: VivoBook; Storage Type: SSD; GPU: Unknown; Screen: 16.0; Touch: No","","Intel Core i5","16","512.0"
"1404","Razer Blade 15 Advanced Model QHD Intel Core i7-12800H/16GB/1TB SSD/RTX 3070Ti/15.6""","laptop","Razer","357322.92","Type: New. Model: Blade; Storage Type: SSD; GPU: RTX 3070; Screen: 15.6; Touch: No","","Intel Core i7","16","1000.0"
"1405","Medion Akoya E15301 AMD Ryzen 7 3700U/8 GB/256GB SSD/15.6""","laptop","Medion","51865.04","Type: New. Model: Akoya; Storage Type: SSD; GPU: Unknown; Screen: 15.6; Touch: No","","AMD Ryzen 7","8","256.0"
"1406","ASUS ExpertBook B1 B1502CBA-EJ0469X Intel Core i5-1235U/8GB/256GB SSD/15.6""","laptop","Asus","107088.92","Type: New. Model: ExpertBook; Storage Type: SSD; GPU: Unknown; Screen: 15.6; Touch: No","","Intel Core i5","8","256.0"
"1407","Lenovo IdeaPad 1 15ADA7 AMD Ryzen 3 3250U/8 GB/256GB SSD/15.6""","laptop","Lenovo","47642.12","Type: New. Model: IdeaPad; Storage Type: SSD; GPU: Unknown; Screen: 15.6; Touch: No","","AMD Ryzen 3","8","256.0"
"1408","HP 15S-eq2089ns AMD Ryzen 3 5300U/8GB/256GB SSD/15.6""","laptop","HP","57280.12","Type: New. Model: 15S; Storage Type: SSD; GPU: Unknown; Screen: 15.6; Touch: No","","AMD Ryzen 3","8","256.0"
"1409","ASUS VivoBook F1605PA-MB143 Intel Core i7-11370H/8GB/512GB SSD/16""","laptop","Asus","76770.52","Type: New. Model: VivoBook; Storage Type: SSD; GPU: Unknown; Screen: 16.0; Touch: No","","Intel Core i7","8","512.0"
"1410","ASUS Vivobook Go E1504FA-BQ204W AMD Ryzen 5 7520U/8GB/512GB SSD/Radeon 610M/15.6""","laptop","Asus","55221.72","Type: New. Model: VivoBook; Storage Type: SSD; GPU: 610 M; Screen: 15.6; Touch: No","","AMD Ryzen 5","8","512.0"
"1411","Lenovo IdeaPad 1 15ALC7 AMD Ryzen 5 5500U/8GB/512GB SSD/15.6""","laptop","Lenovo","71356.52","Type: New. Model: IdeaPad; Storage Type: SSD; GPU: Unknown; Screen: 15.6; Touch: No","","AMD Ryzen 5","8","512.0"
"1412","Lenovo IdeaPad 3 15ITL6 Intel Core i7-1165G7/16GB/512GBSSD/15.6""","laptop","Lenovo","81101.72","Type: New. Model: IdeaPad; Storage Type: SSD; GPU: Unknown; Screen: 15.6; Touch: No","","Intel Core i7","16","512.0"
"1413","Lenovo IdeaPad 3 15ALC6 AMD Ryzen 7 5700U/8GB/512 GB SSD/15.6""","laptop","Lenovo","63776.92","Type: New. Model: IdeaPad; Storage Type: SSD; GPU: Unknown; Screen: 15.6; Touch: No","","AMD Ryzen 7","8","512.0"
"1414","Lenovo IdeaPad 1 15ALC7 AMD Ryzen 5 5500U/8 GB/512GB SSD/15.6""","laptop","Lenovo","59445.72","Type: New. Model: IdeaPad; Storage Type: SSD; GPU: Unknown; Screen: 15.6; Touch: No","","AMD Ryzen 5","8","512.0"
"1415","Lenovo IdeaPad 3 15ALC6 AMD Ryzen 3 5300U/8GB/256 GB SSD/15.6""","laptop","Lenovo","49700.52","Type: New. Model: IdeaPad; Storage Type: SSD; GPU: Unknown; Screen: 15.6; Touch: No","","AMD Ryzen 3","8","256.0"
"1416","ASUS VivoBook F1605PA-MB124W Intel Core i7-11370H/8GB/512GB SSD/16""","laptop","Asus","88681.32","Type: New. Model: VivoBook; Storage Type: SSD; GPU: Unknown; Screen: 16.0; Touch: No","","Intel Core i7","8","512.0"
"1417","ASUS VivoBook F1605PA-MB146 Intel Core i5-11300H/8GB/512GB SSD/16""","laptop","Asus","65943.6","Type: New. Model: VivoBook; Storage Type: SSD; GPU: Unknown; Screen: 16.0; Touch: No","","Intel Core i5","8","512.0"
"1418","ASUS ZenBook 14 UM425QA-KI252 AMD Ryzen 7 5800H/16GB/512GB SSD/14""","laptop","Asus","108171.72","Type: New. Model: ZenBook; Storage Type: SSD; GPU: Unknown; Screen: 14.0; Touch: No","","AMD Ryzen 7","16","512.0"
"1419","Acer Aspire 3 A315-59-504M Intel Core i5-1235U/16GB/512GB SSD/15.6""","laptop","Acer","80020.0","Type: New. Model: Aspire; Storage Type: SSD; GPU: Unknown; Screen: 15.6; Touch: No","","Intel Core i5","16","512.0"
"1420","Lenovo IdeaPad Gaming 3 15IAH7 Intel Core i7-12700H/16GB/512GB SSD/RTX3060/15.6""","laptop","Lenovo","151483.72","Type: New. Model: IdeaPad; Storage Type: SSD; GPU: RTX 3060; Screen: 15.6; Touch: No","","Intel Core i7","16","512.0"
"1421","ASUS VivoBook F1500EA-EJ3070W Intel Core i5-1135G7/16GB/512GB SSD/15.6""","laptop","Asus","82185.6","Type: New. Model: VivoBook; Storage Type: SSD; GPU: Unknown; Screen: 15.6; Touch: No","","Intel Core i5","16","512.0"
"1422","Lenovo IdeaPad 1 15ALC7 AMD Ryzen 5 5500U/16GB/512GB SSD/15.6""","laptop","Lenovo","78936.12","Type: New. Model: IdeaPad; Storage Type: SSD; GPU: Unknown; Screen: 15.6; Touch: No","","AMD Ryzen 5","16","512.0"
"1423","Lenovo IdeaPad 3 15ITL6 Intel Core i5-1155G7/16GB/512GB SSD/15.6""","laptop","Lenovo","81101.72","Type: New. Model: IdeaPad; Storage Type: SSD; GPU: Unknown; Screen: 15.6; Touch: No","","Intel Core i5","16","512.0"
"1424","HP 255 G9 AMD Athlon 3020e/8GB/256GB SSD/15.6""","laptop","HP","37789.72","Type: New. Model: 255; Storage Type: SSD; GPU: Unknown; Screen: 15.6; Touch: No","","AMD Athlon","8","256.0"
"1425","Lenovo IdeaPad 3 15ITL6 Intel Core i3-1115G4/8 GB/256GBSSD/15.6""","laptop","Lenovo","51866.12","Type: New. Model: IdeaPad; Storage Type: SSD; GPU: Unknown; Screen: 15.6; Touch: No","","Intel Core i3","8","256.0"
"1426","HP 255 G9 AMD Ryzen 5 5625U/16GB/512 GB SSD/15.6""","laptop","HP","94559.84","Type: New. Model: 255; Storage Type: SSD; GPU: Unknown; Screen: 15.6; Touch: No","","AMD Ryzen 5","16","512.0"
"1427","Lenovo IdeaPad 5 15ALC05 AMD Ryzen 5 5500U/8GB/512GB SSD/15.6""","laptop","Lenovo","63776.92","Type: New. Model: IdeaPad; Storage Type: SSD; GPU: Unknown; Screen: 15.6; Touch: No","","AMD Ryzen 5","8","512.0"
"1428","ASUS Chromebook CX1400CKA-EK0138 Intel Celeron N4500/8GB/64GB eMMC/14""","laptop","Asus","43204.8","Type: New. Model: Chromebook; Storage Type: eMMC; GPU: Unknown; Screen: 14.0; Touch: No","","Intel Celeron","8","64.0"
"1429","Lenovo Legion 5 15ACH6H AMD Ryzen 7 5800H/16GB/512GB SSD/RTX3050Ti/15.6""","laptop","Lenovo","116835.2","Type: New. Model: Legion; Storage Type: SSD; GPU: RTX 3050; Screen: 15.6; Touch: No","","AMD Ryzen 7","16","512.0"
"1430","Lenovo IdeaPad 3 15ITL6 Intel Core i5-1135G7/8GB/512GB SSD/15.6"" Azul","laptop","Lenovo","70273.72","Type: New. Model: IdeaPad; Storage Type: SSD; GPU: Unknown; Screen: 15.6; Touch: No","","Intel Core i5","8","512.0"
"1431","Lenovo IdeaPad Gaming 3 15ACH6 AMD Ryzen 7 5800H/16GB/512GB SSD/RTX 3050Ti/15.6""","laptop","Lenovo","108171.72","Type: New. Model: IdeaPad; Storage Type: SSD; GPU: RTX 3050; Screen: 15.6; Touch: No","","AMD Ryzen 7","16","512.0"
"1432","Lenovo ThinkBook 14 G2 ITL Intel Core i5-1135G7/16 GB/512GB SSD/14""","laptop","Lenovo","110337.32","Type: New. Model: ThinkBook; Storage Type: SSD; GPU: Unknown; Screen: 14.0; Touch: No","","Intel Core i5","16","512.0"
"1433","MSI Pulse GL76 12UEK-828XES Intel Core i7-12700H/32GB/1TB SSD/RTX 3060/17.3""","laptop","MSI","162311.72","Type: New. Model: Pulse; Storage Type: SSD; GPU: RTX 3060; Screen: 17.3; Touch: No","","Intel Core i7","32","1000.0"
"1434","Apple Macbook Air Apple M2/8GB/256GB SSD/GPU Octa Core/13.6"" Gris Espacial","laptop","Apple","164477.32","Type: New. Model: MacBook Air; Storage Type: SSD; GPU: Unknown; Screen: 13.6; Touch: No","","Apple M2","8","256.0"
"1435","Acer Aspire 3 A317-53-53U0 Intel Core i5-1135G7/8GB/512GB SSD/17.3""","laptop","Acer","78936.12","Type: New. Model: Aspire; Storage Type: SSD; GPU: Unknown; Screen: 17.3; Touch: No","","Intel Core i5","8","512.0"
"1436","MSI Raider GE68HX 13VF-045XES Intel Core i9-13950HX/32GB/1TB SSD/RTX 4060/16""","laptop","MSI","281419.72","Type: New. Model: Raider; Storage Type: SSD; GPU: RTX 4060; Screen: 16.0; Touch: No","","Intel Core i9","32","1000.0"
"1437","HP 15S-fq4042ns Intel Core i7-1195G7/8GB/512GB SSD/15.6""","laptop","HP","75687.72","Type: New. Model: 15S; Storage Type: SSD; GPU: Unknown; Screen: 15.6; Touch: No","","Intel Core i7","8","512.0"
"1438","Lenovo Legion 5 15IAH7H Intel Core i7-12700H/16GB/512GB SSD/RTX3060/15.6""","laptop","Lenovo","173139.72","Type: New. Model: Legion; Storage Type: SSD; GPU: RTX 3060; Screen: 15.6; Touch: No","","Intel Core i7","16","512.0"
"1439","HP ProBook 450 G8 Intel Core i5-1135G7/8 GB/256GB SSD/15.6""","laptop","HP","80020.0","Type: New. Model: ProBook; Storage Type: SSD; GPU: Unknown; Screen: 15.6; Touch: No","","Intel Core i5","8","256.0"
"1440","ASUS VivoBook 15 F1500EA-EJ3021 Intel Core i5-1135G7/16GB/512GB SSD/15.6""","laptop","Asus","76770.52","Type: New. Model: VivoBook; Storage Type: SSD; GPU: Unknown; Screen: 15.6; Touch: No","","Intel Core i5","16","512.0"
"1441","Lenovo IdeaPad Gaming 3 15IAH7 Intel Core i5-12500H/16 GB/512GB SSD/RTX3050Ti/15.6""","laptop","Lenovo","114668.52","Type: New. Model: IdeaPad; Storage Type: SSD; GPU: RTX 3050; Screen: 15.6; Touch: No","","Intel Core i5","16","512.0"
"1442","MSI Modern 14 C13M-447XES Intel Core i5-1335U/16GB/512GB SSD/14""","laptop","MSI","86515.72","Type: New. Model: Modern; Storage Type: SSD; GPU: Unknown; Screen: 14.0; Touch: No","","Intel Core i5","16","512.0"
"1443","MSI Modern 14 C12M-017XES Intel Core i7-1255U/16GB/512GB SSD/14""","laptop","MSI","108171.72","Type: New. Model: Modern; Storage Type: SSD; GPU: Unknown; Screen: 14.0; Touch: No","","Intel Core i7","16","512.0"
"1444","Lenovo IdeaPad 3 15ITL6 Intel Core i7-1165G7/16 GB/512GB SSD/15.6""","laptop","Lenovo","97343.72","Type: Refurbished. Model: IdeaPad; Storage Type: SSD; GPU: Unknown; Screen: 15.6; Touch: No","","Intel Core i7","16","512.0"
"1445","MSI Pulse 15 B13VGK-433XES Intel Core i9-13900H/32GB/1TB SSD/RTX 4070/15.6""","laptop","MSI","248935.72","Type: New. Model: Pulse; Storage Type: SSD; GPU: RTX 4070; Screen: 15.6; Touch: No","","Intel Core i9","32","1000.0"
"1446","MSI Stealth 15 A13VF-028XES Intel Core i7-13620H/32GB/1TB SSD/RTX 4060/15.6''","laptop","MSI","205623.72","Type: New. Model: Stealth; Storage Type: SSD; GPU: RTX 4060; Screen: 15.6; Touch: No","","Intel Core i7","32","1000.0"
"1447","ASUS Chromebook CX1400FKA-EC0078 Intel Celeron N4500/8GB/64GB eMMC/14"" TÃ¡ctil","laptop","Asus","48617.72","Type: New. Model: Chromebook; Storage Type: eMMC; GPU: Unknown; Screen: 14.0; Touch: Yes","","Intel Celeron","8","64.0"
"1448","Lenovo V15 G2 ITL Intel Core i5-1135G7/16 GB/512GB SSD/15.6""","laptop","Lenovo","75687.72","Type: New. Model: V15; Storage Type: SSD; GPU: Unknown; Screen: 15.6; Touch: No","","Intel Core i5","16","512.0"
"1449","ASUS Chromebook CX1400CNA-BV0210 Intel Celeron N3350/8GB/32GB/14""","laptop","Asus","37789.72","Type: New. Model: Chromebook; Storage Type: Unknown; GPU: Unknown; Screen: 14.0; Touch: No","","Intel Celeron","8","32.0"
"1450","MSI Vector GP68HX 12VH-009XES Intel Core i9-12900HX/32GB/1TB SSD/RTX 4080/16""","laptop","MSI","281419.72","Type: New. Model: Vector; Storage Type: SSD; GPU: RTX 4080; Screen: 16.0; Touch: No","","Intel Core i9","32","1000.0"
"1451","HP 15S-fq5075ns Intel Core i5-1235U/8GB/512GB SSD/15.6""","laptop","HP","62695.2","Type: New. Model: 15S; Storage Type: SSD; GPU: Unknown; Screen: 15.6; Touch: No","","Intel Core i5","8","512.0"
"1452","Acer Aspire 3 A315-59-56GV Intel Core i5-1235U/8GB/512GB SSD/15.6""","laptop","Acer","81101.72","Type: New. Model: Aspire; Storage Type: SSD; GPU: Unknown; Screen: 15.6; Touch: No","","Intel Core i5","8","512.0"
"1453","ASUS ExpertBook P1512CEA-EJ0083X Intel Core i3-1115G4/8GB/256GB SSD/15.6""","laptop","Asus","59445.72","Type: New. Model: ExpertBook; Storage Type: SSD; GPU: Unknown; Screen: 15.6; Touch: No","","Intel Core i3","8","256.0"
"1454","Lenovo IdeaPad Gaming 3 15ACH6 AMD Ryzen 5 5600H/16GB/512GB SSD/RTX3050/15.6""","laptop","Lenovo","106006.12","Type: New. Model: IdeaPad; Storage Type: SSD; GPU: RTX 3050; Screen: 15.6; Touch: No","","AMD Ryzen 5","16","512.0"
"1455","ASUS ZenBook 14 OLED UM3402YA-KM513 AMD Ryzen 5 7530U/16GB/512GB SSD/14""","laptop","Asus","104923.32","Type: New. Model: ZenBook; Storage Type: SSD; GPU: Unknown; Screen: 14.0; Touch: No","","AMD Ryzen 5","16","512.0"
"1456","Lenovo IdeaPad Gaming 3 15IAH7 Intel Core i5-12500H/16GB/512GB SSD/RTX3050/15.6""","laptop","Lenovo","118999.72","Type: New. Model: IdeaPad; Storage Type: SSD; GPU: RTX 3050; Screen: 15.6; Touch: No","","Intel Core i5","16","512.0"
"1457","Lenovo Legion 5 15ITH6H Intel Core i5-11400H/16GB/512GB SSD/RTX3060/15.6""","laptop","Lenovo","142822.4","Type: New. Model: Legion; Storage Type: SSD; GPU: RTX 3060; Screen: 15.6; Touch: No","","Intel Core i5","16","512.0"
"1458","Lenovo IdeaPad Flex 5 14ALC05 AMD Ryzen 5 5500U/16GB/512GB SSD/14"" TÃ¡ctil","laptop","Lenovo","86515.72","Type: New. Model: IdeaPad; Storage Type: SSD; GPU: Unknown; Screen: 14.0; Touch: Yes","","AMD Ryzen 5","16","512.0"
"1459","Apple MacBook Air Apple M1/8GB/256GB SSD/GPU Hepta Core/13.3"" Plata","laptop","Apple","131993.32","Type: New. Model: MacBook Air; Storage Type: SSD; GPU: Unknown; Screen: 13.3; Touch: No","","Apple M1","8","256.0"
"1460","Lenovo IdeaPad Gaming 3 15ACH6 AMD Ryzen 5 5600H/16 GB/512GB SSD/GTX1650/15.6""","laptop","Lenovo","95178.12","Type: New. Model: IdeaPad; Storage Type: SSD; GPU: GTX 1650; Screen: 15.6; Touch: No","","AMD Ryzen 5","16","512.0"
"1461","MSI Prestige 14H B12UCX-427XES Intel Core i7-12650H/32GB/1TB SSD/RTX 2050/14""","laptop","MSI","147152.52","Type: New. Model: Prestige; Storage Type: SSD; GPU: RTX 2050; Screen: 14.0; Touch: No","","Intel Core i7","32","1000.0"
"1462","ASUS F515EA-EJ1858W Intel Core i7-1165G7/8GB/512GB SSD/15.6""","laptop","Asus","90846.92","Type: New. Model: F515; Storage Type: SSD; GPU: Unknown; Screen: 15.6; Touch: No","","Intel Core i7","8","512.0"
"1463","Gigabyte G5 KF-E3ES313SD Intel Core i5-12500H/16GB/512GB SSD/RTX 4060/15.6""","laptop","Gigabyte","120082.52","Type: New. Model: G5; Storage Type: SSD; GPU: RTX 4060; Screen: 15.6; Touch: No","","Intel Core i5","16","512.0"
"1464","HP ChromeBook 14b-na0017ns AMD Ryzen 3 3250C/8GB/128GB SSD/14""","laptop","HP","62695.2","Type: New. Model: Chromebook; Storage Type: SSD; GPU: Unknown; Screen: 14.0; Touch: No","","AMD Ryzen 3","8","128.0"
"1465","Dell Vostro 3510 Intel Core i3-1115G4/8 GB/256GB SSD/15.6""","laptop","Dell","64859.72","Type: New. Model: Vostro; Storage Type: SSD; GPU: Unknown; Screen: 15.6; Touch: No","","Intel Core i3","8","256.0"
"1466","Apple Macbook Air Apple M2/8GB/256GB SSD/GPU Octa Core/13.6"" Plata","laptop","Apple","164477.32","Type: New. Model: MacBook Air; Storage Type: SSD; GPU: Unknown; Screen: 13.6; Touch: No","","Apple M2","8","256.0"
"1467","ASUS TUF Gaming A15 2023 FA507NV-LP031W AMD Ryzen 7 7735HS/16GB/512GB SSD/RTX 4060/15.6""","laptop","Asus","146069.72","Type: New. Model: TUF; Storage Type: SSD; GPU: RTX 4060; Screen: 15.6; Touch: No","","AMD Ryzen 7","16","512.0"
"1468","MSI Thin GF63 12UDX-042XES Intel Core i5-12450H/16GB/512GB SSD/RTX 3050/15.6""","laptop","MSI","108171.72","Type: New. Model: Thin; Storage Type: SSD; GPU: RTX 3050; Screen: 15.6; Touch: No","","Intel Core i5","16","512.0"
"1469","Lenovo Ideapad Gaming 3 Gen 6 Intel Core i5-11320H/16GB/512GB SSD/GTX 1650/15.6""","laptop","Lenovo","89765.2","Type: New. Model: IdeaPad; Storage Type: SSD; GPU: GTX 1650; Screen: 15.6; Touch: No","","Intel Core i5","16","512.0"
"1470","Lenovo Legion 5 15IAH7H Intel Core i7-12700H/16GB/1TB SSD/RTX3060/15.6""","laptop","Lenovo","169892.4","Type: New. Model: Legion; Storage Type: SSD; GPU: RTX 3060; Screen: 15.6; Touch: No","","Intel Core i7","16","1000.0"
"1471","HP 15S-EQ2086NS AMD Ryzen 3 5300U/8GB/512GB SSD/15.6""","laptop","HP","51866.12","Type: New. Model: 15S; Storage Type: SSD; GPU: Unknown; Screen: 15.6; Touch: No","","AMD Ryzen 3","8","512.0"
"1472","HP Essential 255 G8 AMD 3020e/8GB/256GB SSD/15.6""","laptop","HP","36706.92","Type: New. Model: 255; Storage Type: SSD; GPU: Unknown; Screen: 15.6; Touch: No","","AMD 3020e","8","256.0"
"1473","Lenovo IdeaPad Gaming 3 15ACH6 AMD Ryzen 5 5600H/16 GB/512 GB SSD/GTX 1650/15.6""","laptop","Lenovo","84351.2","Type: New. Model: IdeaPad; Storage Type: SSD; GPU: GTX 1650; Screen: 15.6; Touch: No","","AMD Ryzen 5","16","512.0"
"1474","Medion Akoya E14301 AMD Ryzen 5 3500U/4GB/256GB SSD/14""","laptop","Medion","54031.72","Type: New. Model: Akoya; Storage Type: SSD; GPU: Unknown; Screen: 14.0; Touch: No","","AMD Ryzen 5","4","256.0"
"1475","ASUS Vivobook 14 F1402ZA-EK610 Intel Core i3-1215U/8GB/256GB SSD/14""","laptop","Asus","49700.52","Type: New. Model: VivoBook; Storage Type: SSD; GPU: Unknown; Screen: 14.0; Touch: No","","Intel Core i3","8","256.0"
"1476","MSI Modern 14 C12M-077XES Intel Core i7-1255U/16GB/1TB SSD/14""","laptop","MSI","108171.72","Type: New. Model: Modern; Storage Type: SSD; GPU: Unknown; Screen: 14.0; Touch: No","","Intel Core i7","16","1000.0"
"1477","ASUS ROG Strix G15 G513RM-HQ012 AMD Ryzen 7 6800H/16GB/1TB SSD/RTX3060/15.6""","laptop","Asus","205623.72","Type: Refurbished. Model: ROG; Storage Type: SSD; GPU: RTX 3060; Screen: 15.6; Touch: No","","AMD Ryzen 7","16","1000.0"
"1478","MSI Modern 15 B13M-280XES Intel Core i5-1335U/16GB/512GB SSD/15.6""","laptop","MSI","88681.32","Type: New. Model: Modern; Storage Type: SSD; GPU: Unknown; Screen: 15.6; Touch: No","","Intel Core i5","16","512.0"
"1479","HP 15S-eq2091ns AMD Ryzen 7 5700U/12GB/512GB SSD/15.6""","laptop","HP","81101.72","Type: New. Model: 15S; Storage Type: SSD; GPU: Unknown; Screen: 15.6; Touch: No","","AMD Ryzen 7","12","512.0"
"1480","Lenovo Ideapad Duet 5 Chromebook Qualcomm Snapdragon 7c/8GB/128GB eMMC/13.3"" TÃ¡ctil","laptop","Lenovo","64859.72","Type: New. Model: IdeaPad; Storage Type: eMMC; GPU: Unknown; Screen: 13.3; Touch: Yes","","Qualcomm Snapdragon 7","8","128.0"
"1481","Acer Nitro 5 AN515-47-R5K6 AMD Ryzen 5 7535HS/16GB/1TB SSD/RTX 3050Ti/15.6""","laptop","Acer","129827.72","Type: New. Model: Nitro; Storage Type: SSD; GPU: RTX 3050; Screen: 15.6; Touch: No","","AMD Ryzen 5","16","1000.0"
"1482","Lenovo V15 G2 ITL Intel Core i3-1115G4/8 GB/512 GB SSD/15.6""","laptop","Lenovo","48617.72","Type: New. Model: V15; Storage Type: SSD; GPU: Unknown; Screen: 15.6; Touch: No","","Intel Core i3","8","512.0"
"1483","MSI Prestige 16 Studio A13VF-042XES Intel Core i7-13700H/32GB/1TB SSD/RTX 4060/16""","laptop","MSI","216451.72","Type: New. Model: Prestige; Storage Type: SSD; GPU: RTX 4060; Screen: 16.0; Touch: No","","Intel Core i7","32","1000.0"
"1484","HP 15S-EQ1158NS AMD 3020e/4GB/128GB SSD/15.6""","laptop","HP","41038.12","Type: New. Model: 15S; Storage Type: SSD; GPU: Unknown; Screen: 15.6; Touch: No","","AMD 3020e","4","128.0"
"1485","Lenovo IdeaPad 3 15ITL6 Intel Core i3-1115G4/8GB/256GB SSD/15.6"" Azul","laptop","Lenovo","57280.12","Type: New. Model: IdeaPad; Storage Type: SSD; GPU: Unknown; Screen: 15.6; Touch: No","","Intel Core i3","8","256.0"
"1486","LG Gram 17Z90R-G.AA75B Intel Evo Core i7-1360P/16GB/512GB SSD/17""","laptop","LG","194795.72","Type: New. Model: Gram; Storage Type: SSD; GPU: Unknown; Screen: 17.0; Touch: No","","Intel Evo Core i7","16","512.0"
"1487","MSI Prestige 16 Studio A13VE-045XES Intel Core i7-13700H/32GB/1TB SSD/RTX 4050/16""","laptop","MSI","216451.72","Type: New. Model: Prestige; Storage Type: SSD; GPU: RTX 4050; Screen: 16.0; Touch: No","","Intel Core i7","32","1000.0"
"1488","ASUS E410MA-EK1356WS Intel Celeron N4020/4GB/64GB eMMC/14""","laptop","Asus","37789.72","Type: New. Model: E410; Storage Type: eMMC; GPU: Unknown; Screen: 14.0; Touch: No","","Intel Celeron","4","64.0"
"1489","HP OMEN 17-cm2003ns Intel Core i7-13700HX/32GB/1TB SSD/RTX 4060/17.3""","laptop","HP","194795.72","Type: New. Model: Omen; Storage Type: SSD; GPU: RTX 4060; Screen: 17.3; Touch: No","","Intel Core i7","32","1000.0"
"1490","Medion Akoya E16401 MD62264 Intel Core i5-1135G7/8GB/512GB SSD/16.1""","laptop","Medion","54031.72","Type: New. Model: Akoya; Storage Type: SSD; GPU: Unknown; Screen: 16.1; Touch: No","","Intel Core i5","8","512.0"
"1491","Lenovo V15 G2 ALC AMD Ryzen 3 5300U/8 GB/256 GB SSD/15.6""","laptop","Lenovo","43203.72","Type: New. Model: V15; Storage Type: SSD; GPU: Unknown; Screen: 15.6; Touch: No","","AMD Ryzen 3","8","256.0"
"1492","ASUS ZenBook 14 OLED UM3402YA-KM512WS AMD Ryzen 7 7730U/16GB/512GB SSD/14""","laptop","Asus","124413.72","Type: New. Model: ZenBook; Storage Type: SSD; GPU: Unknown; Screen: 14.0; Touch: No","","AMD Ryzen 7","16","512.0"
"1493","PortÃ¡til Alurin Flex Advance Intel Core I5-1155G7 14""","laptop","Alurin","39922.84","Type: Refurbished. Model: Flex Advance; Storage Type: Unknown; GPU: Unknown; Screen: 14.0; Touch: No","","Intel Core i5","8","0.0"
"1494","Acer Aspire 3 A315-58-32EE Intel Core i3-1115G4/8GB/512GB SSD/15.6""","laptop","Acer","54031.72","Type: New. Model: Aspire; Storage Type: SSD; GPU: Unknown; Screen: 15.6; Touch: No","","Intel Core i3","8","512.0"
"1495","ASUS Chromebook Vibe CX55 Flip CX5501FEA-NA0271 Intel Core i3-1115G4/8GB/256GB SSD/15.6"" TÃ¡ctil","laptop","Asus","75687.72","Type: New. Model: Chromebook; Storage Type: SSD; GPU: Unknown; Screen: 15.6; Touch: Yes","","Intel Core i3","8","256.0"
"1496","MSI Stealth 17 Studio A13VG-017ES Intel Core i7-13700H/32GB/1TB SSD/RTX 4070/17.3""","laptop","MSI","319317.72","Type: New. Model: Stealth; Storage Type: SSD; GPU: RTX 4070; Screen: 17.3; Touch: No","","Intel Core i7","32","1000.0"
"1497","ASUS Vivobook 17 F1704VA-AU083W Intel Core i5-1335U/16GB/512GB SSD/17.3""","laptop","Asus","97343.72","Type: New. Model: VivoBook; Storage Type: SSD; GPU: Unknown; Screen: 17.3; Touch: No","","Intel Core i5","16","512.0"
"1498","HP Victus 16-e1007ns AMD Ryzen 7 6800H/16GB/512GB SSD/RTX 3050/16.1""","laptop","HP","118999.72","Type: New. Model: Victus; Storage Type: SSD; GPU: RTX 3050; Screen: 16.1; Touch: No","","AMD Ryzen 7","16","512.0"
"1499","MSI Pulse 17 B13VGK-085XES Intel Core i7-13700H/16GB/1TB SSD/RTX 4070/17.3""","laptop","MSI","227279.72","Type: New. Model: Pulse; Storage Type: SSD; GPU: RTX 4070; Screen: 17.3; Touch: No","","Intel Core i7","16","1000.0"
"1500","ASUS ExpertBook B1500CEAE-EJ3535X Intel Core i7-1165G7/16GB/512GB SSD/15.6""","laptop","Asus","113585.72","Type: New. Model: ExpertBook; Storage Type: SSD; GPU: Unknown; Screen: 15.6; Touch: No","","Intel Core i7","16","512.0"
"1501","Medion Akoya E15301 AMD Ryzen 7 3700U/8 GB/512GB SSD/15.6""","laptop","Medion","54031.72","Type: New. Model: Akoya; Storage Type: SSD; GPU: Unknown; Screen: 15.6; Touch: No","","AMD Ryzen 7","8","512.0"
"1502","ASUS Vivobook 14 F1402ZA-EK611W Intel Core i5-1235U/8GB/512GB SSD/14""","laptop","Asus","77854.4","Type: New. Model: VivoBook; Storage Type: SSD; GPU: Unknown; Screen: 14.0; Touch: No","","Intel Core i5","8","512.0"
"1503","Razer Blade 15 QHD Intel Core i7-12800H/16GB/1TB SSD/RTX 3060/15.6""","laptop","Razer","303182.92","Type: New. Model: Blade; Storage Type: SSD; GPU: RTX 3060; Screen: 15.6; Touch: No","","Intel Core i7","16","1000.0"
"1504","Apple MacBook Air Apple M1/8GB/256GB SSD/GPU Hepta Core/13.3"" Dorado","laptop","Apple","131993.32","Type: New. Model: MacBook Air; Storage Type: SSD; GPU: Unknown; Screen: 13.3; Touch: No","","Apple M1","8","256.0"
"1505","ASUS Chromebook CX1700CKA-BX0079 Intel Celeron N4500/8GB/64GB eMMC/17.3""","laptop","Asus","46452.12","Type: New. Model: Chromebook; Storage Type: eMMC; GPU: Unknown; Screen: 17.3; Touch: No","","Intel Celeron","8","64.0"
"1506","ASUS VivoBook F1500EA-BQ2649W Intel Core i3-1115G4/8GB/512GB SSD/15.6""","laptop","Asus","54031.72","Type: New. Model: VivoBook; Storage Type: SSD; GPU: Unknown; Screen: 15.6; Touch: No","","Intel Core i3","8","512.0"
"1507","HP Omen 16-b1016ns Intel Core i7-12700H/16GB/1TB SSD/RTX 3060/16.1''","laptop","HP","173139.72","Type: New. Model: Omen; Storage Type: SSD; GPU: RTX 3060; Screen: 16.1; Touch: No","","Intel Core i7","16","1000.0"
"1508","Lenovo IdeaPad Gaming 3 15ACH6 AMD Ryzen 7 5800H/16 GB/512GB SSD/RTX3050/15.6""","laptop","Lenovo","116835.2","Type: New. Model: IdeaPad; Storage Type: SSD; GPU: RTX 3050; Screen: 15.6; Touch: No","","AMD Ryzen 7","16","512.0"
"1509","ASUS ZenBook 14 OLED UM3402YA-KM091 AMD Ryzen 5 5625U/16GB/512GB SSD/14""","laptop","Asus","108171.72","Type: New. Model: ZenBook; Storage Type: SSD; GPU: Unknown; Screen: 14.0; Touch: No","","AMD Ryzen 5","16","512.0"
"1510","MSI Bravo 15 B5ED-019XES AMD Ryzen 5 5600H/8GB/512GB SSD/RX 6500M/15.6""","laptop","MSI","94095.32","Type: New. Model: Bravo; Storage Type: SSD; GPU: RX 6500M; Screen: 15.6; Touch: No","","AMD Ryzen 5","8","512.0"
"1511","ASUS TUF Dash F15 FX517ZE-HN050 Intel Core i7-12650H/16GB/512GB SSD/RTX 3050Ti/15.6""","laptop","Asus","140655.72","Type: New. Model: TUF; Storage Type: SSD; GPU: RTX 3050; Screen: 15.6; Touch: No","","Intel Core i7","16","512.0"
"1512","MSI Stealth 15 A13VF-019XES Intel Core i7-13620H/16GB/1TB SSD/RTX 4060/15.6''","laptop","MSI","194795.72","Type: New. Model: Stealth; Storage Type: SSD; GPU: RTX 4060; Screen: 15.6; Touch: No","","Intel Core i7","16","1000.0"
"1513","MSI Katana GF66 12UE-1202XES Intel Core i7-12650H/16GB/512GB SSD/RTX 3060/15.6""","laptop","MSI","140655.72","Type: New. Model: Katana; Storage Type: SSD; GPU: RTX 3060; Screen: 15.6; Touch: No","","Intel Core i7","16","512.0"
"1514","MSI Modern 15 B13M-283ES Intel Core i7-1355U/16GB/1TB SSD/15.6""","laptop","MSI","126580.4","Type: New. Model: Modern; Storage Type: SSD; GPU: Unknown; Screen: 15.6; Touch: No","","Intel Core i7","16","1000.0"
"1515","ASUS Chromebook Vibe CX34 Flip CX3401FBA-N90030 Intel Core i5-1235U/8GB/256GB SSD/14"" TÃ¡ctil","laptop","Asus","97343.72","Type: New. Model: Chromebook; Storage Type: SSD; GPU: Unknown; Screen: 14.0; Touch: Yes","","Intel Core i5","8","256.0"
"1516","Lenovo ThinkBook 16 G4+ IAP Intel Core i5-1235U/16GB/512GB SSD/16""","laptop","Lenovo","117916.92","Type: New. Model: ThinkBook; Storage Type: SSD; GPU: Unknown; Screen: 16.0; Touch: No","","Intel Core i5","16","512.0"
"1517","ASUS ZenBook 14X OLED UM5401QA-L7177 AMD Ryzen 7 5800H/16GB/512GB SSD/14""","laptop","Asus","129827.72","Type: New. Model: ZenBook; Storage Type: SSD; GPU: Unknown; Screen: 14.0; Touch: No","","AMD Ryzen 7","16","512.0"
"1518","Gigabyte AERO 16 XE5-73ES938HP Intel Core i7-12700H/16GB/2TB SSD/RTX 3070Ti/16""","laptop","Gigabyte","313903.72","Type: New. Model: Aero; Storage Type: SSD; GPU: RTX 3070; Screen: 16.0; Touch: No","","Intel Core i7","16","2000.0"
"1519","Apple Macbook Air 2023 Apple M2/8GB/256GB SSD/GPU Deca Core/15.3"" Medianoche","laptop","Apple","173139.72","Type: New. Model: MacBook Air; Storage Type: SSD; GPU: Unknown; Screen: 15.3; Touch: No","","Apple M2","8","256.0"
"1520","Lenovo IdeaPad 3 AMD Ryzen 3 5300U/8GB/256GB SSD/15.6""","laptop","Lenovo","54031.72","Type: New. Model: IdeaPad; Storage Type: SSD; GPU: Unknown; Screen: 15.6; Touch: No","","AMD Ryzen 3","8","256.0"
"1521","Acer Nitro 5 AN515-58-7571 Intel Core i7-12700H/16GB/512GB SSD/RTX 3060/15.6""","laptop","Acer","162311.72","Type: New. Model: Nitro; Storage Type: SSD; GPU: RTX 3060; Screen: 15.6; Touch: No","","Intel Core i7","16","512.0"
"1522","MSI Prestige 16 Studio A13VE-046XES Intel Core i7-13700H/16GB/1TB SSD/RTX 4050/16""","laptop","MSI","205623.72","Type: New. Model: Prestige; Storage Type: SSD; GPU: RTX 4050; Screen: 16.0; Touch: No","","Intel Core i7","16","1000.0"
"1523","ASUS ZenBook 13 OLED UX325EA-KG744W Intel Evo Core i7-1165G7/16GB/512GB SSD/13.3""","laptop","Asus","129827.72","Type: New. Model: ZenBook; Storage Type: SSD; GPU: Unknown; Screen: 13.3; Touch: No","","Intel Evo Core i7","16","512.0"
"1524","MSI Bravo 15 B5ED-018XES AMD Ryzen 7 5800H/16GB/512GB SSD/RX6500M/15.6""","laptop","MSI","108171.72","Type: New. Model: Bravo; Storage Type: SSD; GPU: RX 6500M; Screen: 15.6; Touch: No","","AMD Ryzen 7","16","512.0"
"1525","ASUS TUF Gaming A15 2023 FA507NU-LP045 AMD Ryzen 7 7735HS/16GB/512GB SSD/RTX 4050/15.6""","laptop","Asus","123332.0","Type: New. Model: TUF; Storage Type: SSD; GPU: RTX 4050; Screen: 15.6; Touch: No","","AMD Ryzen 7","16","512.0"
"1526","HP Chromebook 15a-na0000ns Intel Celeron N4500/4GB/64GB eMMC/15.6""","laptop","HP","40713.28","Type: New. Model: Chromebook; Storage Type: eMMC; GPU: Unknown; Screen: 15.6; Touch: No","","Intel Celeron","4","64.0"
"1527","HP OMEN 17-cm2006ns Intel Core i7-13700HX/32GB/1TB SSD/RTX 4070/17.3""","laptop","HP","216451.72","Type: New. Model: Omen; Storage Type: SSD; GPU: RTX 4070; Screen: 17.3; Touch: No","","Intel Core i7","32","1000.0"
"1528","Lenovo Yoga Slim 7 ProX 14IAH7 Intel Evo Core i5-12500H/16GB/512GB SSD/14.5""","laptop","Lenovo","165560.12","Type: New. Model: Yoga; Storage Type: SSD; GPU: Unknown; Screen: 14.5; Touch: No","","Intel Evo Core i5","16","512.0"
"1529","ASUS ExpertBook B1 B1500CEAE-BQ2834X Intel Core i5-1135G7/16GB/512GB SSD/15.6""","laptop","Asus","86515.72","Type: New. Model: ExpertBook; Storage Type: SSD; GPU: Unknown; Screen: 15.6; Touch: No","","Intel Core i5","16","512.0"
"1530","MSI Pulse GL76 12UEK-827XES Intel Core i9-12900H/32GB/1TB SSD/RTX 3060/17.3""","laptop","MSI","173139.72","Type: New. Model: Pulse; Storage Type: SSD; GPU: RTX 3060; Screen: 17.3; Touch: No","","Intel Core i9","32","1000.0"
"1531","Acer Aspire 5 A515-57-51Q4 Intel Core i5-1235U/8GB/512GB SSD/MX550/15.6""","laptop","Acer","130911.6","Type: New. Model: Aspire; Storage Type: SSD; GPU: MX 550; Screen: 15.6; Touch: No","","Intel Core i5","8","512.0"
"1532","Lenovo V15 G2 ITL Intel Core i7-1165G7/16 GB/512 GB SSD/15.6""","laptop","Lenovo","75687.72","Type: New. Model: V15; Storage Type: SSD; GPU: Unknown; Screen: 15.6; Touch: No","","Intel Core i7","16","512.0"
"1533","Lenovo ThinkBook 14s Yoga G2 IAP Intel Core i5-1235U/8GB/256GB SSD/14"" TÃ¡ctil","laptop","Lenovo","125931.81","Type: New. Model: ThinkBook; Storage Type: SSD; GPU: Unknown; Screen: 14.0; Touch: Yes","","Intel Core i5","8","256.0"
"1534","ASUS F1500EA-BQ3074W Intel Core i3-1115G4/8GB/512GB SSD/15.6""","laptop","Asus","54031.72","Type: New. Model: VivoBook; Storage Type: SSD; GPU: Unknown; Screen: 15.6; Touch: No","","Intel Core i3","8","512.0"
"1535","ASUS P1512CEA-EJ0213X Intel Core i5-1135G7/8GB/256GB SSD/15.6""","laptop","Asus","65942.52","Type: New. Model: ExpertBook; Storage Type: SSD; GPU: Unknown; Screen: 15.6; Touch: No","","Intel Core i5","8","256.0"
"1536","ASUS VivoBook Flip TP470EA-EC402W Intel Core i5-1135G7/8GB/512GB SSD/14"" TÃ¡ctil","laptop","Asus","97343.72","Type: New. Model: VivoBook; Storage Type: SSD; GPU: Unknown; Screen: 14.0; Touch: Yes","","Intel Core i5","8","512.0"
"1537","Lenovo IdeaPad 5 Pro 14ITL6 Intel Core i7-1165G7/8GB/512GB SSD/14""","laptop","Lenovo","108171.72","Type: New. Model: IdeaPad; Storage Type: SSD; GPU: Unknown; Screen: 14.0; Touch: No","","Intel Core i7","8","512.0"
"1538","MSI Stealth 14 Studio A13VG-047XES Intel Core i7-13700H/32GB/1TB SSD/RTX 4070/14""","laptop","MSI","276006.8","Type: New. Model: Stealth; Storage Type: SSD; GPU: RTX 4070; Screen: 14.0; Touch: No","","Intel Core i7","32","1000.0"
"1539","MSI Stealth 16 Studio A13VG-036XES Intel Core i7-13700H/32GB/1TB SSD/RTX 4070/16""","laptop","MSI","281420.8","Type: New. Model: Stealth; Storage Type: SSD; GPU: RTX 4070; Screen: 16.0; Touch: No","","Intel Core i7","32","1000.0"
"1540","Samsung Galaxy Book2 Pro Intel Core i7-1260P/16GB/512GB SSD/13.3""","laptop","Samsung","167725.72","Type: New. Model: Galaxy Book; Storage Type: SSD; GPU: Unknown; Screen: 13.3; Touch: No","","Intel Core i7","16","512.0"
"1541","ASUS ExpertBook P1512CEA-EJ0084X Intel Core i7-1165G7/8GB/512GB SSD/15.6""","laptop","Asus","91929.72","Type: New. Model: ExpertBook; Storage Type: SSD; GPU: Unknown; Screen: 15.6; Touch: No","","Intel Core i7","8","512.0"
"1542","MSI Modern 14 C12M-030XES Intel Core i5-1235U/16GB/512GB SSD/14""","laptop","MSI","75687.72","Type: New. Model: Modern; Storage Type: SSD; GPU: Unknown; Screen: 14.0; Touch: No","","Intel Core i5","16","512.0"
"1543","Lenovo V15 G2 ITL Intel Core i3-1115G4/8 GB/256 GB SSD/15.6""","laptop","Lenovo","37356.6","Type: New. Model: V15; Storage Type: SSD; GPU: Unknown; Screen: 15.6; Touch: No","","Intel Core i3","8","256.0"
"1544","Apple Macbook Pro Apple M2/8GB/256GB SSD/GPU Deca Core/13.3"" Gris Espacial","laptop","Apple","175305.32","Type: New. Model: MacBook Pro; Storage Type: SSD; GPU: Unknown; Screen: 13.3; Touch: No","","Apple M2","8","256.0"
"1545","ASUS TUF Gaming F15 FX507ZU4-LP040 Intel Core i7-12700H/16GB/512GB SSD/RTX 4050/15.6""","laptop","Asus","164478.4","Type: New. Model: TUF; Storage Type: SSD; GPU: RTX 4050; Screen: 15.6; Touch: No","","Intel Core i7","16","512.0"
"1546","Acer Nitro 5 AN515-45-R6CN AMD Ryzen 7 5800H/32GB/1TB SSD/RTX 3080/15.6""","laptop","Acer","248935.72","Type: New. Model: Nitro; Storage Type: SSD; GPU: RTX 3080; Screen: 15.6; Touch: No","","AMD Ryzen 7","32","1000.0"
"1547","Razer Blade 17 QHD 240Hz Intel Core i7-12800H/16GB/1TB SSD/RTX 3060/17.3""","laptop","Razer","335666.92","Type: New. Model: Blade; Storage Type: SSD; GPU: RTX 3060; Screen: 17.3; Touch: No","","Intel Core i7","16","1000.0"
"1548","Lenovo V15 G2 ITL Intel Core i3-1115G4/8 GB/512GB SSD/15.6""","laptop","Lenovo","51866.12","Type: New. Model: V15; Storage Type: SSD; GPU: Unknown; Screen: 15.6; Touch: No","","Intel Core i3","8","512.0"
"1549","HP 250 G9 Intel Core i5-1235U/16GB/512GB SSD/15.6""","laptop","HP","68109.2","Type: New. Model: 250; Storage Type: SSD; GPU: Unknown; Screen: 15.6; Touch: No","","Intel Core i5","16","512.0"
"1550","Lenovo V15 G2 ALC AMD Ryzen 5 5500U/16GB/512GB SSD/15.6""","laptop","Lenovo","51433.0","Type: New. Model: V15; Storage Type: SSD; GPU: Unknown; Screen: 15.6; Touch: No","","AMD Ryzen 5","16","512.0"
"1551","ASUS TUF Gaming F15 FX507ZV4-LP047 Intel Core i7-12700H/16GB/1TB SSD/RTX 4060/15.6""","laptop","Asus","194795.72","Type: New. Model: TUF; Storage Type: SSD; GPU: RTX 4060; Screen: 15.6; Touch: No","","Intel Core i7","16","1000.0"
"1552","Lenovo V15 G2 ITL Intel Core i3-1115G4/8 GB/256GB SSD/15.6""","laptop","Lenovo","48617.72","Type: New. Model: V15; Storage Type: SSD; GPU: Unknown; Screen: 15.6; Touch: No","","Intel Core i3","8","256.0"
"1553","Acer Nitro 5 AN515-47-R6UV AMD Ryzen 7 7735HS/16GB/1TB SSD/RTX 3050Ti/15.6""","laptop","Acer","140656.8","Type: New. Model: Nitro; Storage Type: SSD; GPU: RTX 3050; Screen: 15.6; Touch: No","","AMD Ryzen 7","16","1000.0"
"1554","ASUS TUF Gaming F15 FX507ZV4-LP004 Intel Core i7-12700H/32GB/1TB SSD/RTX 4060/15.6""","laptop","Asus","216451.72","Type: New. Model: TUF; Storage Type: SSD; GPU: RTX 4060; Screen: 15.6; Touch: No","","Intel Core i7","32","1000.0"
"1555","Apple Macbook Air Apple M2/8GB/256GB SSD/GPU Octa Core/13.6"" Midnight","laptop","Apple","164477.32","Type: New. Model: MacBook Air; Storage Type: SSD; GPU: Unknown; Screen: 13.6; Touch: No","","Apple M2","8","256.0"
"1556","HP ChromeBook 14a-na1006ns Intel Celeron N4500/4GB/64GB eMMC/14""","laptop","HP","41038.12","Type: New. Model: Chromebook; Storage Type: eMMC; GPU: Unknown; Screen: 14.0; Touch: No","","Intel Celeron","4","64.0"
"1557","MSI Creator Z16 HX Studio B13VFTO-034ES Intel Core i7-13700HX/32GB/1TB SSD/RTX 4060/16"" TÃ¡ctil","laptop","MSI","295497.2","Type: New. Model: Creator; Storage Type: SSD; GPU: RTX 4060; Screen: 16.0; Touch: Yes","","Intel Core i7","32","1000.0"
"1558","Medion Erazer Crawler E30 Intel Core i5-12450H/16GB/512GB SSD/RTX 3050 Ti/15.6""","laptop","Medion","93012.52","Type: New. Model: Erazer; Storage Type: SSD; GPU: RTX 3050; Screen: 15.6; Touch: No","","Intel Core i5","16","512.0"
"1559","LG Gram 17Z90Q Intel Evo Core i7-1260P/32GB/1TB SSD/17""","laptop","LG","195879.6","Type: New. Model: Gram; Storage Type: SSD; GPU: Unknown; Screen: 17.0; Touch: No","","Intel Evo Core i7","32","1000.0"
"1560","MSI Pulse 17 B13VFK-072XES Intel Core i7-13700H/16GB/1TB SSD/RTX 4060/17.3""","laptop","MSI","205623.72","Type: New. Model: Pulse; Storage Type: SSD; GPU: RTX 4060; Screen: 17.3; Touch: No","","Intel Core i7","16","1000.0"
"1561","HP 255 G8 AMD Ryzen 3 5300U/8GB/512GB SSD/15.6""","laptop","HP","42012.64","Type: New. Model: 255; Storage Type: SSD; GPU: Unknown; Screen: 15.6; Touch: No","","AMD Ryzen 3","8","512.0"
"1562","Lenovo V15 G2 Intel Core i5-1135G7/8GB/256GB SSD/15.6""","laptop","Lenovo","54031.72","Type: New. Model: V15; Storage Type: SSD; GPU: Unknown; Screen: 15.6; Touch: No","","Intel Core i5","8","256.0"
"1563","Lenovo IdeaPad Gaming 3 15ACH6-381 AMD Ryzen 5 5600H/8GB/512GB SSD/RTX3050/15.6"" (PT)","laptop","Lenovo","102305.11","Type: New. Model: IdeaPad; Storage Type: SSD; GPU: RTX 3050; Screen: 15.6; Touch: No","","AMD Ryzen 5","8","512.0"
"1564","ASUS ROG Strix G16 G614JZ-N3008 Intel Core i7-13650HX/32GB/1TB/RTX 4080/16""","laptop","Asus","281420.8","Type: New. Model: ROG; Storage Type: Unknown; GPU: RTX 4080; Screen: 16.0; Touch: No","","Intel Core i7","32","1000.0"
"1565","ASUS VivoBook 15 F1500EA-EJ3069W Intel Core i7-1165G7/16GB/512GB SSD/15.6""","laptop","Asus","98426.52","Type: New. Model: VivoBook; Storage Type: SSD; GPU: Unknown; Screen: 15.6; Touch: No","","Intel Core i7","16","512.0"
"1566","MSI Summit E13 Flip Evo A13MT-228ES Intel Evo Core i7-1360P/16GB/1TB SSD/13.4"" TÃ¡ctil","laptop","MSI","194795.72","Type: New. Model: Summit; Storage Type: SSD; GPU: Unknown; Screen: 13.4; Touch: Yes","","Intel Evo Core i7","16","1000.0"
"1567","ASUS E410MA-EK1928WS Intel Celeron N4020/4GB/64GB eMMC/14""","laptop","Asus","48942.56","Type: New. Model: E410; Storage Type: eMMC; GPU: Unknown; Screen: 14.0; Touch: No","","Intel Celeron","4","64.0"
"1568","HP Pavilion 14-dv2004ns Intel Core i5-1235U/16GB/512GB SSD/14""","laptop","HP","97344.8","Type: New. Model: Pavilion; Storage Type: SSD; GPU: Unknown; Screen: 14.0; Touch: No","","Intel Core i5","16","512.0"
"1569","LG Ultra PC 17U70Q-P.AA78B Intel Core i7-1260P/16GB/1TB SSD/RTX 3050Ti/17""","laptop","LG","216451.72","Type: New. Model: Ultra; Storage Type: SSD; GPU: RTX 3050; Screen: 17.0; Touch: No","","Intel Core i7","16","1000.0"
"1570","Lenovo IdeaPad Gaming 3 15IAH7 Intel Core i5-12500H/16 GB/512GB SSD/RTX3050/15.6""","laptop","Lenovo","111421.2","Type: New. Model: IdeaPad; Storage Type: SSD; GPU: RTX 3050; Screen: 15.6; Touch: No","","Intel Core i5","16","512.0"
"1571","Lenovo V15 G2 ITL Intel Core i5-1135G7/8 GB/512GB SSD/15.6""","laptop","Lenovo","55114.52","Type: New. Model: V15; Storage Type: SSD; GPU: Unknown; Screen: 15.6; Touch: No","","Intel Core i5","8","512.0"
"1572","Lenovo V15 G2 AMD Ryzen 5 5500U/8GB/512GB SSD/15.6""","laptop","Lenovo","47966.96","Type: New. Model: V15; Storage Type: SSD; GPU: Unknown; Screen: 15.6; Touch: No","","AMD Ryzen 5","8","512.0"
"1573","MSI Creator Z16 HX Studio B13VETO-047XES Intel Core i7-13700HX/32GB/1TB SSD/RTX 4050/16"" TÃ¡ctil","laptop","MSI","270591.72","Type: New. Model: Creator; Storage Type: SSD; GPU: RTX 4050; Screen: 16.0; Touch: Yes","","Intel Core i7","32","1000.0"
"1574","Samsung Galaxy Book2 Intel Core i5-1235U/8GB/256GB SSD/15.6"" Negro","laptop","Samsung","91929.72","Type: New. Model: Galaxy Book; Storage Type: SSD; GPU: Unknown; Screen: 15.6; Touch: No","","Intel Core i5","8","256.0"
"1575","Dell Vostro 3510 Intel Core i5-1135G7/8 GB/256GB SSD/15.6""","laptop","Dell","74729.44","Type: New. Model: Vostro; Storage Type: SSD; GPU: Unknown; Screen: 15.6; Touch: No","","Intel Core i5","8","256.0"
"1576","ASUS ExpertBook B3 Flip B3402FBA-EC0434X Intel Core i5-1235U/8GB/256GB SSD/14"" TÃ¡ctil","laptop","Asus","127662.12","Type: New. Model: ExpertBook; Storage Type: SSD; GPU: Unknown; Screen: 14.0; Touch: Yes","","Intel Core i5","8","256.0"
"1577","ASUS TUF Gaming A17 FA707XI-HX019 AMD Ryzen 9 7940HS/32GB/1TB SSD/RTX 4070/17.3""","laptop","Asus","205624.8","Type: New. Model: TUF; Storage Type: SSD; GPU: RTX 4070; Screen: 17.3; Touch: No","","AMD Ryzen 9","32","1000.0"
"1578","HP Victus 16-d1040ns Intel Core i7-12700H/32GB/512GB SSD/RTX 3060/16.1''","laptop","HP","162312.8","Type: New. Model: Victus; Storage Type: SSD; GPU: RTX 3060; Screen: 16.1; Touch: No","","Intel Core i7","32","512.0"
"1579","Asus TUF Gaming A15 FA507RR-HQ008 AMD Ryzen 7 6800H/32GB/1TB SSD/RTX 3070/15.6""","laptop","Asus","204540.92","Type: New. Model: TUF; Storage Type: SSD; GPU: RTX 3070; Screen: 15.6; Touch: No","","AMD Ryzen 7","32","1000.0"
"1580","Apple Macbook Air Apple M2/8GB/512GB SSD/GPU Deca Core/13.6"" Blanco Estrella","laptop","Apple","202375.32","Type: New. Model: MacBook Air; Storage Type: SSD; GPU: Unknown; Screen: 13.6; Touch: No","","Apple M2","8","512.0"
"1581","Lenovo ThinkPad E15 Gen 4 AMD Ryzen 7 5825U/16GB/512GB SSD/15.6""","laptop","Lenovo","122248.12","Type: New. Model: ThinkPad; Storage Type: SSD; GPU: Unknown; Screen: 15.6; Touch: No","","AMD Ryzen 7","16","512.0"
"1582","MSI Prestige 13 Evo A13M-068ES Intel Evo Core i7-1360P/32GB/1TB SSD/13.3""","laptop","MSI","173139.72","Type: New. Model: Prestige; Storage Type: SSD; GPU: Unknown; Screen: 13.3; Touch: No","","Intel Evo Core i7","32","1000.0"
"1583","Lenovo Chromebook IdeaPad 3 CB 14IGL05 Intel Celeron N4020/8GB/64GB eMMC/14""","laptop","Lenovo","42337.48","Type: New. Model: IdeaPad; Storage Type: eMMC; GPU: Unknown; Screen: 14.0; Touch: No","","Intel Celeron","8","64.0"
"1584","HP ProBook 650 G8 Intel Core i5-1135G7/8GB/256GB SSD/15.6""","laptop","HP","76770.52","Type: New. Model: ProBook; Storage Type: SSD; GPU: Unknown; Screen: 15.6; Touch: No","","Intel Core i5","8","256.0"
"1585","Dell Vostro 3520 Intel Core i7-1255U/16GB/512GB SSD/15.6""","laptop","Dell","96260.92","Type: New. Model: Vostro; Storage Type: SSD; GPU: Unknown; Screen: 15.6; Touch: No","","Intel Core i7","16","512.0"
"1586","ASUS ROG Zephyrus G16 2023 GU603VI-N4006 Intel Core i9-13900H/32GB/1TB SSD/RTX 4070/16""","laptop","Asus","281419.72","Type: New. Model: ROG; Storage Type: SSD; GPU: RTX 4070; Screen: 16.0; Touch: No","","Intel Core i9","32","1000.0"
"1587","MSI Modern 15 B5M-017XES AMD Ryzen 7 5825U/16GB/512GB SSD/15.6""","laptop","MSI","97343.72","Type: New. Model: Modern; Storage Type: SSD; GPU: Unknown; Screen: 15.6; Touch: No","","AMD Ryzen 7","16","512.0"
"1588","HP OMEN 16-n0012ns AMD Ryzen 7 6800H/16GB/512GB SSD/RTX 3050Ti/16.1""","laptop","HP","151483.72","Type: New. Model: Omen; Storage Type: SSD; GPU: RTX 3050; Screen: 16.1; Touch: No","","AMD Ryzen 7","16","512.0"
"1589","HP ChromeBook 14a-na1009ns Intel Pentium Silver N6000/8GB/128GB eMMC/14""","laptop","HP","49699.44","Type: New. Model: Chromebook; Storage Type: eMMC; GPU: Unknown; Screen: 14.0; Touch: No","","Intel Pentium","8","128.0"
"1590","MSI Creator Z17 HX Studio A13VFT-048ES Intel Core i9-13950HX/32GB/1TB SSD/RTX 4060/17"" TÃ¡ctil","laptop","MSI","322567.2","Type: New. Model: Creator; Storage Type: SSD; GPU: RTX 4060; Screen: 17.0; Touch: Yes","","Intel Core i9","32","1000.0"
"1591","MSI Prestige 14 Evo B13M-276ES Intel Evo Core i7-13700H/16GB/512GB SSD/14""","laptop","MSI","151483.72","Type: New. Model: Prestige; Storage Type: SSD; GPU: Unknown; Screen: 14.0; Touch: No","","Intel Evo Core i7","16","512.0"
"1592","HP Pavilion Plus 14-eh0008ns Intel Core i7-1255U/16GB/512GB SSD/RTX 2050/14""","laptop","HP","187217.2","Type: New. Model: Pavilion; Storage Type: SSD; GPU: RTX 2050; Screen: 14.0; Touch: No","","Intel Core i7","16","512.0"
"1593","Acer Aspire 3 A314-36P-30XR Intel Core i3-N305/8GB/512GB SSD/14""","laptop","Acer","64859.72","Type: New. Model: Aspire; Storage Type: SSD; GPU: Unknown; Screen: 14.0; Touch: No","","Intel Core i3","8","512.0"
"1594","MSI Raider GE68HX 13VF-046XES Intel Core i7-13700HX/32GB/1TB SSD/RTX 4060/16""","laptop","MSI","270591.72","Type: New. Model: Raider; Storage Type: SSD; GPU: RTX 4060; Screen: 16.0; Touch: No","","Intel Core i7","32","1000.0"
"1595","Apple Macbook Air 2023 Apple M2/8GB/256GB SSD/GPU Deca Core/15.3"" Gris Espacial","laptop","Apple","173139.72","Type: New. Model: MacBook Air; Storage Type: SSD; GPU: Unknown; Screen: 15.3; Touch: No","","Apple M2","8","256.0"
"1596","ASUS ROG Strix Scar 16 2023 G634JY-N4013 Intel Core i9-13980HX/32GB/1TB SSD/RTX 4090/16""","laptop","Asus","400528.8","Type: New. Model: ROG; Storage Type: SSD; GPU: RTX 4090; Screen: 16.0; Touch: No","","Intel Core i9","32","1000.0"
"1597","Acer Extensa 15 EX215-54-51BK Intel Core i5-1135G7/8GB/512GB SSD/15.6""","laptop","Acer","48726.0","Type: New. Model: Extensa; Storage Type: SSD; GPU: Unknown; Screen: 15.6; Touch: No","","Intel Core i5","8","512.0"
"1598","Acer Aspire 3 A315-58-77EL Intel Core i7-1165G7/16GB/512GB SSD/15.6""","laptop","Acer","81101.72","Type: New. Model: Aspire; Storage Type: SSD; GPU: Unknown; Screen: 15.6; Touch: No","","Intel Core i7","16","512.0"
"1599","Apple MacBook Pro Apple M2 Pro 10 NÃºcleos/16GB/512GB SSD/14.2"" Gris Espacial","laptop","Apple","239190.52","Type: New. Model: MacBook Pro; Storage Type: SSD; GPU: Unknown; Screen: 14.2; Touch: No","","Apple M2 Pro","16","512.0"
"1600","MSI Creator M16 B12UDX-688XES Intel Core i7-12650H/16GB/512GB SSD/RTX 3050/16""","laptop","MSI","151483.72","Type: New. Model: Creator; Storage Type: SSD; GPU: RTX 3050; Screen: 16.0; Touch: No","","Intel Core i7","16","512.0"
"1601","Lenovo V15 G2 ALC AMD Ryzen 5 5500U/8 GB/256 GB SSD/15.6""","laptop","Lenovo","48617.72","Type: New. Model: V15; Storage Type: SSD; GPU: Unknown; Screen: 15.6; Touch: No","","AMD Ryzen 5","8","256.0"
"1602","Alurin Flex Intel Core i3-10110U/8GB/512GB SSD/nOS/14""","laptop","Alurin","48715.17","Type: New. Model: Flex; Storage Type: SSD; GPU: Unknown; Screen: 14.0; Touch: No","","Intel Core i3","8","512.0"
"1603","Apple Macbook Air Apple M2/8GB/512GB SSD/GPU Deca Core/13.6"" Gris Espacial","laptop","Apple","202375.32","Type: New. Model: MacBook Air; Storage Type: SSD; GPU: Unknown; Screen: 13.6; Touch: No","","Apple M2","8","512.0"
"1604","ASUS Chromebook Flip CM1 CM1400FXA-EC0109 3015Ce/8GB/64GB eMMC/14"" TÃ¡ctil","laptop","Asus","48618.8","Type: New. Model: Chromebook; Storage Type: eMMC; GPU: Unknown; Screen: 14.0; Touch: Yes","","Apple M1","8","64.0"
"1605","Lenovo V15 G2 ITL Intel Core i3-1115G4/8GB/512GB SSD/15.6""","laptop","Lenovo","45369.32","Type: New. Model: V15; Storage Type: SSD; GPU: Unknown; Screen: 15.6; Touch: No","","Intel Core i3","8","512.0"
"1606","MSI Prestige 14 Evo B13M-282ES Intel Evo Core i5-13500H/16GB/512GB SSD/14""","laptop","MSI","144988.0","Type: New. Model: Prestige; Storage Type: SSD; GPU: Unknown; Screen: 14.0; Touch: No","","Intel Evo Core i5","16","512.0"
"1607","HP EliteBook 840 G3 Intel Core i5-6300U/16GB/512GB SSD/14""","laptop","HP","33873.23","Type: Refurbished. Model: EliteBook; Storage Type: SSD; GPU: Unknown; Screen: 14.0; Touch: No","","Intel Core i5","16","512.0"
"1608","HP Victus 16-d1030ns Intel Core i7-12700H/16GB/1TB SSD/RTX 3050Ti/16.1''","laptop","HP","140656.8","Type: New. Model: Victus; Storage Type: SSD; GPU: RTX 3050; Screen: 16.1; Touch: No","","Intel Core i7","16","1000.0"
"1609","HP Pavilion 14-ec0011ns AMD Ryzen 7 5700U/16GB/512GB SSD/14""","laptop","HP","97344.8","Type: New. Model: Pavilion; Storage Type: SSD; GPU: Unknown; Screen: 14.0; Touch: No","","AMD Ryzen 7","16","512.0"
"1610","MSI Creator M16 B13VE-680XES Intel Core i7-13700H/16GB/1TB SSD/RTX 4050/16""","laptop","MSI","189381.72","Type: New. Model: Creator; Storage Type: SSD; GPU: RTX 4050; Screen: 16.0; Touch: No","","Intel Core i7","16","1000.0"
"1611","ASUS ROG Strix Scar 18 2023 G834JY-N5012 Intel Core i9-13980HX/32GB/1TB SSD/RTX 4090/18""","laptop","Asus","400528.8","Type: New. Model: ROG; Storage Type: SSD; GPU: RTX 4090; Screen: 18.0; Touch: No","","Intel Core i9","32","1000.0"
"1612","ASUS Zenbook 14 OLED UX3402ZA-KM020W Intel Evo Core i5-1240P/16GB/512GB SSD/14""","laptop","Asus","129827.72","Type: New. Model: ZenBook; Storage Type: SSD; GPU: Unknown; Screen: 14.0; Touch: No","","Intel Evo Core i5","16","512.0"
"1613","ASUS Vivobook 17 F1704VA-AU084W Intel Core i7-1355U/16GB/512GB SSD/17.3""","laptop","Asus","108171.72","Type: New. Model: VivoBook; Storage Type: SSD; GPU: Unknown; Screen: 17.3; Touch: No","","Intel Core i7","16","512.0"
"1614","Apple MacBook Air Apple M1/16GB/256GB SSD/GPU Hepta Core/13.3"" Gris Espacial","laptop","Apple","146069.72","Type: New. Model: MacBook Air; Storage Type: SSD; GPU: Unknown; Screen: 13.3; Touch: No","","Apple M1","16","256.0"
"1615","PcCom Revolt 3060 Intel Core i7-12700H/32GB/500GB SSD/RTX 3060/15.6""","laptop","PcCom","167725.72","Type: New. Model: Revolt; Storage Type: SSD; GPU: RTX 3060; Screen: 15.6; Touch: No","","Intel Core i7","32","500.0"
"1616","HP OMEN 16-n0009ns AMD Ryzen 7 6800H/16GB/1TB SSD/RTX 3060/16.1""","laptop","HP","183968.8","Type: New. Model: Omen; Storage Type: SSD; GPU: RTX 3060; Screen: 16.1; Touch: No","","AMD Ryzen 7","16","1000.0"
"1617","ASUS TUF Dash F15 FX517ZM-HN002 Intel Core i7-12650H/16GB/512GB SSD/RTX 3060/15.6""","laptop","Asus","183967.72","Type: New. Model: TUF; Storage Type: SSD; GPU: RTX 3060; Screen: 15.6; Touch: No","","Intel Core i7","16","512.0"
"1618","ASUS Chromebook CX1500CKA-EJ0181 Intel Celeron N4500/8GB/64GB eMMC/15.6""","laptop","Asus","41362.96","Type: New. Model: Chromebook; Storage Type: eMMC; GPU: Unknown; Screen: 15.6; Touch: No","","Intel Celeron","8","64.0"
"1619","Alurin Go Intel Pentium N4200/8GB/128GB SSD/nOS/14.1""","laptop","Alurin","33557.05","Type: New. Model: Go; Storage Type: SSD; GPU: Unknown; Screen: 14.1; Touch: No","","Intel Pentium","8","128.0"
"1620","HP 255 G8 AMD Ryzen 3 3250U/8 GB/256GB SSD/15.6""","laptop","HP","41038.12","Type: New. Model: 255; Storage Type: SSD; GPU: Unknown; Screen: 15.6; Touch: No","","AMD Ryzen 3","8","256.0"
"1621","ASUS ExpertBook B7 Flip B7402FBA-L90638X Intel Core i7-1260P/16GB/512GB SSD/14"" TÃ¡ctil","laptop","Asus","228362.52","Type: New. Model: ExpertBook; Storage Type: SSD; GPU: Unknown; Screen: 14.0; Touch: Yes","","Intel Core i7","16","512.0"
"1622","MSI Prestige 16 A12UD-220ES Intel Core i7-1280P/16GB/1TB SSD/RTX 3050Ti/16""","laptop","MSI","204540.92","Type: New. Model: Prestige; Storage Type: SSD; GPU: RTX 3050; Screen: 16.0; Touch: No","","Intel Core i7","16","1000.0"
"1623","Dell Latitude 3520 Intel Core i5-1135G7/8GB/256 GB SSD/15.6""","laptop","Dell","85432.92","Type: New. Model: Latitude; Storage Type: SSD; GPU: Unknown; Screen: 15.6; Touch: No","","Intel Core i5","8","256.0"
"1624","HP ENVY x360 13-bf0003ns Intel Evo Core i7-1250U/16GB/1TB SSD/13.3"" TÃ¡ctil","laptop","HP","151483.72","Type: New. Model: Envy; Storage Type: SSD; GPU: Unknown; Screen: 13.3; Touch: Yes","","Intel Evo Core i7","16","1000.0"
"1625","ASUS TUF Gaming F17 FX707ZV4-HX004 Intel Core i7-12700H/32GB/1TB SSD/RTX 4060/17.3''","laptop","Asus","216451.72","Type: New. Model: TUF; Storage Type: SSD; GPU: RTX 4060; Screen: 17.3; Touch: No","","Intel Core i7","32","1000.0"
"1626","ASUS VivoBook 15 F515EA-BQ1359 Intel Core i3-1115G4/8GB/256GB SSD/15.6""","laptop","Asus","43203.72","Type: New. Model: VivoBook; Storage Type: SSD; GPU: Unknown; Screen: 15.6; Touch: No","","Intel Core i3","8","256.0"
"1627","Apple Macbook Air Apple M2/16GB/256GB SSD/GPU Octa Core/13.6"" Midnight","laptop","Apple","177472.0","Type: New. Model: MacBook Air; Storage Type: SSD; GPU: Unknown; Screen: 13.6; Touch: No","","Apple M2","16","256.0"
"1628","HP 250 G8 Intel Core i5-1135G7/16GB/512GB SSD/15.6"" Plata Ceniza","laptop","HP","72440.4","Type: New. Model: 250; Storage Type: SSD; GPU: Unknown; Screen: 15.6; Touch: No","","Intel Core i5","16","512.0"
"1629","Lenovo IdeaPad 1 15AMN7-923 AMD Ryzen 3-7320U/8GB/256 SSD/15.6'' (PT)","laptop","Lenovo","55384.14","Type: New. Model: IdeaPad; Storage Type: SSD; GPU: Unknown; Screen: 15.6; Touch: No","","AMD Ryzen 3","8","256.0"
"1630","Medion Erazer Deputy P50 Intel Core i7-13700HX/16GB/1TB SSD/RTX 4060/15.6""","laptop","Medion","165560.12","Type: New. Model: Deputy; Storage Type: SSD; GPU: RTX 4060; Screen: 15.6; Touch: No","","Intel Core i7","16","1000.0"
"1631","MSI Summit E16 Flip A13VET-083ES Intel Core i7-1360P/32GB/1TB SSD/RTX 4050/16"" TÃ¡ctil","laptop","MSI","257599.2","Type: New. Model: Summit; Storage Type: SSD; GPU: RTX 4050; Screen: 16.0; Touch: Yes","","Intel Core i7","32","1000.0"
"1632","Dell Vostro 3510 Intel Core i5-1135G7/16 GB/512GB SSD/15.6""","laptop","Dell","94095.32","Type: New. Model: Vostro; Storage Type: SSD; GPU: Unknown; Screen: 15.6; Touch: No","","Intel Core i5","16","512.0"
"1633","ASUS M515UA-EJ541 AMD Ryzen 7 5700U/16GB/512GB SSD/15.6""","laptop","Asus","75687.72","Type: New. Model: M515UA; Storage Type: SSD; GPU: Unknown; Screen: 15.6; Touch: No","","AMD Ryzen 7","16","512.0"
"1634","ASUS ROG Strix G18 G814JI-N6004 Intel Core i9-13980HX/32GB/1TB SSD/RTX 4070/18""","laptop","Asus","287916.52","Type: New. Model: ROG; Storage Type: SSD; GPU: RTX 4070; Screen: 18.0; Touch: No","","Intel Core i9","32","1000.0"
"1635","ASUS VivoBook 16X M1603QA-MB013W AMD Ryzen 5 5600H/16GB/512GB SSD/16""","laptop","Asus","62695.2","Type: New. Model: VivoBook; Storage Type: SSD; GPU: Unknown; Screen: 16.0; Touch: No","","AMD Ryzen 5","16","512.0"
"1636","Apple Macbook Air 2023 Apple M2/8GB/256GB SSD/GPU Deca Core/15.3"" Blanco Estrella","laptop","Apple","173139.72","Type: New. Model: MacBook Air; Storage Type: SSD; GPU: Unknown; Screen: 15.3; Touch: No","","Apple M2","8","256.0"
"1637","MSI Thin GF63 12VE-040ES Intel Core i5-12450H/16GB/512GB SSD/RTX 4050/15.6""","laptop","MSI","129827.72","Type: New. Model: Thin; Storage Type: SSD; GPU: RTX 4050; Screen: 15.6; Touch: No","","Intel Core i5","16","512.0"
"1638","Gigabyte G5 KF-E3ES313SH Intel Core i5-12500H/16GB/512GB SSD/RTX 4060/15.6""","laptop","Gigabyte","128746.0","Type: New. Model: G5; Storage Type: SSD; GPU: RTX 4060; Screen: 15.6; Touch: No","","Intel Core i5","16","512.0"
"1639","ASUS Zenbook UM3402YA AMD Ryzen 5-5625U/8GB/512GB SSD/14'' (PT)","laptop","Asus","87647.25","Type: New. Model: ZenBook; Storage Type: SSD; GPU: Unknown; Screen: 14.0; Touch: No","","AMD Ryzen 5","8","512.0"
"1640","MSI Creator M16 B13UDX-687XES Intel Core i7-13700H/16GB/1TB SSD/RTX 3050/16""","laptop","MSI","173139.72","Type: New. Model: Creator; Storage Type: SSD; GPU: RTX 3050; Screen: 16.0; Touch: No","","Intel Core i7","16","1000.0"
"1641","Lenovo ThinkPad T470s Intel Core i5-7300U/16GB/512GB SSD/14""","laptop","Lenovo","68757.8","Type: Refurbished. Model: ThinkPad; Storage Type: SSD; GPU: Unknown; Screen: 14.0; Touch: No","","Intel Core i5","16","512.0"
"1642","HP Victus 16-e0061ns AMD Ryzen 7 5800H/16GB/512GB SSD/RTX 3050/16.1""","laptop","HP","124413.72","Type: New. Model: Victus; Storage Type: SSD; GPU: RTX 3050; Screen: 16.1; Touch: No","","AMD Ryzen 7","16","512.0"
"1643","Apple Macbook Air Apple M2/8GB/512 GB SSD/GPU Deca Core/13.6"" Plata","laptop","Apple","202375.32","Type: New. Model: MacBook Air; Storage Type: SSD; GPU: Unknown; Screen: 13.6; Touch: No","","Apple M2","8","512.0"
"1644","ASUS ROG Strix G17 G713RS-LL008 AMD Ryzen 9 6900HX/32GB/1TB SSD/RTX 3080/17.3""","laptop","Asus","324731.72","Type: New. Model: ROG; Storage Type: SSD; GPU: RTX 3080; Screen: 17.3; Touch: No","","AMD Ryzen 9","32","1000.0"
"1645","Apple Macbook Pro Apple M2/8GB/512GB SSD/GPU Deca Core/13.3"" Plata","laptop","Apple","200209.72","Type: New. Model: MacBook Pro; Storage Type: SSD; GPU: Unknown; Screen: 13.3; Touch: No","","Apple M2","8","512.0"
"1646","Apple Macbook Pro Apple M2/16GB/256GB SSD/GPU Deca Core/13.3"" Gris Espacial","laptop","Apple","187217.2","Type: New. Model: MacBook Pro; Storage Type: SSD; GPU: Unknown; Screen: 13.3; Touch: No","","Apple M2","16","256.0"
"1647","Apple Macbook Air Apple M2/8GB/256GB SSD/GPU Octa Core/13.6"" Blanco Estrella","laptop","Apple","164477.32","Type: New. Model: MacBook Air; Storage Type: SSD; GPU: Unknown; Screen: 13.6; Touch: No","","Apple M2","8","256.0"
"1648","ASUS Expertbook B9 B9400CBA-KC0686X Intel Core i5-1235U/16GB/512GB SSD/14""","laptop","Asus","170974.12","Type: New. Model: ExpertBook; Storage Type: SSD; GPU: Unknown; Screen: 14.0; Touch: No","","Intel Core i5","16","512.0"
"1649","MSI Stealth 16 Studio A13VG-033ES Intel Core i9-13900H/32GB/2TB SSD/RTX 4070/16""","laptop","MSI","315547.41","Type: New. Model: Stealth; Storage Type: SSD; GPU: RTX 4070; Screen: 16.0; Touch: No","","Intel Core i9","32","2000.0"
"1650","ASUS ROG Zephyrus G16 2023 GU603ZU-N4004 Intel Core i7-12700H/32GB/1TB SSD/RTX 4050/16""","laptop","Asus","216451.72","Type: New. Model: ROG; Storage Type: SSD; GPU: RTX 4050; Screen: 16.0; Touch: No","","Intel Core i7","32","1000.0"
"1651","MSI GF63 Thin 11UC-447XES Intel Core i5-11400H/16GB/512GB SSD/RTX 3050/15.6""","laptop","MSI","113585.72","Type: New. Model: Thin; Storage Type: SSD; GPU: RTX 3050; Screen: 15.6; Touch: No","","Intel Core i5","16","512.0"
"1652","ASUS TUF Gaming F15 FX507ZU4-LP003 Intel Core i7-12700H/16GB/1TB SSD/RTX 4050/15.6""","laptop","Asus","221865.72","Type: New. Model: TUF; Storage Type: SSD; GPU: RTX 4050; Screen: 15.6; Touch: No","","Intel Core i7","16","1000.0"
"1653","HP Chromebook 15a-na0002ns Intel Celeron N4500/8GB/128GB eMMC/15.6""","laptop","HP","46453.2","Type: New. Model: Chromebook; Storage Type: eMMC; GPU: Unknown; Screen: 15.6; Touch: No","","Intel Celeron","8","128.0"
"1654","LG Ultra PC 17U70Q-P.AD78B Intel Evo Core i7-1260P/32GB/1TB SSD/RTX 3050Ti/17""","laptop","LG","238107.72","Type: New. Model: Ultra; Storage Type: SSD; GPU: RTX 3050; Screen: 17.0; Touch: No","","Intel Evo Core i7","32","1000.0"
"1655","ASUS ROG Zephyrus M16 2023 GU604VZ-NM008W Intel Core i9-13900H/32GB/1TB SSD/RTX 4080/16""","laptop","Asus","389699.72","Type: New. Model: ROG; Storage Type: SSD; GPU: RTX 4080; Screen: 16.0; Touch: No","","Intel Core i9","32","1000.0"
"1656","Lenovo V15 Gen 2 ALC AMD Ryzen 7 5700U/16GB/512GB SSD/15.6""","laptop","Lenovo","80020.0","Type: New. Model: V15; Storage Type: SSD; GPU: Unknown; Screen: 15.6; Touch: No","","AMD Ryzen 7","16","512.0"
"1657","MSI Creator M16 B12VE-685XES Intel Core i7-12650H/32GB/1TB SSD/RTX 4050/16""","laptop","MSI","183967.72","Type: New. Model: Creator; Storage Type: SSD; GPU: RTX 4050; Screen: 16.0; Touch: No","","Intel Core i7","32","1000.0"
"1658","MSI Summit E16 Flip Evo A13MT-238ES Intel Evo Core i7-1360P/16GB/1TB SSD/16"" TÃ¡ctil","laptop","MSI","198044.12","Type: New. Model: Summit; Storage Type: SSD; GPU: Unknown; Screen: 16.0; Touch: Yes","","Intel Evo Core i7","16","1000.0"
"1659","HP 15S-fq4043ns Intel Core i7-1195G7/16GB/512GB SSD/15.6""","laptop","HP","82185.6","Type: New. Model: 15S; Storage Type: SSD; GPU: Unknown; Screen: 15.6; Touch: No","","Intel Core i7","16","512.0"
"1660","ASUS ROG Strix G17 G713RS-LL042 AMD Ryzen 7 6800H/32GB/1TB SSD/RTX 3080/17.3""","laptop","Asus","324731.72","Type: New. Model: ROG; Storage Type: SSD; GPU: RTX 3080; Screen: 17.3; Touch: No","","AMD Ryzen 7","32","1000.0"
"1661","MSI Prestige 14 Evo B13M-242ES Intel Core i7-13700H/32GB/1TB SSD/14""","laptop","MSI","172058.0","Type: New. Model: Prestige; Storage Type: SSD; GPU: Unknown; Screen: 14.0; Touch: No","","Intel Core i7","32","1000.0"
"1662","ASUS ROG Zephyrus G14 2023 GA402XV-N2028W AMD Ryzen 9 7940HS/32GB/1TB SSD/RTX 4060/14""","laptop","Asus","270591.72","Type: New. Model: ROG; Storage Type: SSD; GPU: RTX 4060; Screen: 14.0; Touch: No","","AMD Ryzen 9","32","1000.0"
"1663","MSI Katana GF66 12UC-820XES Intel Core i7-12650H/16GB/512GB SSD/RTX3050/15.6""","laptop","MSI","129827.72","Type: New. Model: Katana; Storage Type: SSD; GPU: RTX 3050; Screen: 15.6; Touch: No","","Intel Core i7","16","512.0"
"1664","Apple MacBook Pro Apple M2 Pro 10 NÃºcleos/16GB/512GB SSD/14.2"" Plata","laptop","Apple","245687.32","Type: New. Model: MacBook Pro; Storage Type: SSD; GPU: Unknown; Screen: 14.2; Touch: No","","Apple M2 Pro","16","512.0"
"1665","ASUS ROG Strix Scar 18 2023 G834JZ-N6004W Intel Core i9-13980HX/32GB/1TB SSD/RTX 4080/18""","laptop","Asus","368043.72","Type: New. Model: ROG; Storage Type: SSD; GPU: RTX 4080; Screen: 18.0; Touch: No","","Intel Core i9","32","1000.0"
"1666","ASUS F1500EA-BQ3065W Intel Core i5-1135G7/8GB/512GB SSD/15.6""","laptop","Asus","55114.52","Type: New. Model: VivoBook; Storage Type: SSD; GPU: Unknown; Screen: 15.6; Touch: No","","Intel Core i5","8","512.0"
"1667","Apple MacBook Air Apple M1/16 GB/512GB SSD/GPU Hepta Core/13.3"" Gris Espacial","laptop","Apple","169892.4","Type: New. Model: MacBook Air; Storage Type: SSD; GPU: Unknown; Screen: 13.3; Touch: No","","Apple M1","16","512.0"
"1668","ASUS Expertbook B9 B9400CBA-KC0681X Intel Core i7-1255U/16GB/512GB SSD/14""","laptop","Asus","186133.32","Type: New. Model: ExpertBook; Storage Type: SSD; GPU: Unknown; Screen: 14.0; Touch: No","","Intel Core i7","16","512.0"
"1669","ASUS M515UA-R55BHDSB2 AMD Ryzen 5 5500U/16GB/256GB SSD/15.6'' (PT)","laptop","Asus","67719.39","Type: New. Model: M515UA; Storage Type: SSD; GPU: Unknown; Screen: 15.6; Touch: No","","AMD Ryzen 5","16","256.0"
"1670","Apple Macbook Pro Apple M2/16GB/512GB SSD/GPU Deca Core/13.3"" Gris Espacial","laptop","Apple","205624.8","Type: New. Model: MacBook Pro; Storage Type: SSD; GPU: Unknown; Screen: 13.3; Touch: No","","Apple M2","16","512.0"
"1671","ASUS VivoBook F1500EA-BQ2361W Intel Core i3-1115G4/8GB/256GB SSD/15.6""","laptop","Asus","42878.88","Type: New. Model: VivoBook; Storage Type: SSD; GPU: Unknown; Screen: 15.6; Touch: No","","Intel Core i3","8","256.0"
"1672","Medion Akoya S15449-MD62128 Intel Core i5-1135G7/8GB/512GB SSD/15.6""","laptop","Medion","72440.4","Type: New. Model: Akoya; Storage Type: SSD; GPU: Unknown; Screen: 15.6; Touch: No","","Intel Core i5","8","512.0"
"1673","ASUS TUF Gaming A16 Advantage Edition 2023 FA617NS-N3020 AMD Ryzen 7 7735HS/16GB/1TB SSD/Radeon RX 7600S/16""","laptop","Asus","162311.72","Type: New. Model: TUF; Storage Type: SSD; GPU: RX 7600S; Screen: 16.0; Touch: No","","AMD Ryzen 7","16","1000.0"
"1674","Apple Macbook Air 2023 Apple M2/8GB/512GB SSD/GPU Deca Core/15.3"" Medianoche","laptop","Apple","198044.12","Type: New. Model: MacBook Air; Storage Type: SSD; GPU: Unknown; Screen: 15.3; Touch: No","","Apple M2","8","512.0"
"1675","Acer Aspire 3 A315-58 Intel Core i7-1165G7/8GB/512GB SSD/15.6""","laptop","Acer","78936.12","Type: New. Model: Aspire; Storage Type: SSD; GPU: Unknown; Screen: 15.6; Touch: No","","Intel Core i7","8","512.0"
"1676","HP Pavilion x360 14-ek0015ns Intel Core i5-1235U/8GB/512GB SSD/14"" TÃ¡ctil","laptop","HP","124413.72","Type: New. Model: Pavilion; Storage Type: SSD; GPU: Unknown; Screen: 14.0; Touch: Yes","","Intel Core i5","8","512.0"
"1677","HP ProBook 455 G10 AMD Ryzen 5 7530U/16GB/512GB SSD/15.6""","laptop","HP","86515.72","Type: New. Model: ProBook; Storage Type: SSD; GPU: Unknown; Screen: 15.6; Touch: No","","AMD Ryzen 5","16","512.0"
"1678","MSI Raider GE68HX 13VG-042XES Intel Core i9-13950HX/32GB/1TB SSD/RTX 4070/16""","laptop","MSI","335559.72","Type: New. Model: Raider; Storage Type: SSD; GPU: RTX 4070; Screen: 16.0; Touch: No","","Intel Core i9","32","1000.0"
"1679","Acer Predator Helios 300 PH315-55-7174 Intel Core i7-12700H/16GB/512GB SSD/RTX 3060/15.6""","laptop","Acer","192630.12","Type: New. Model: Predator; Storage Type: SSD; GPU: RTX 3060; Screen: 15.6; Touch: No","","Intel Core i7","16","512.0"
"1680","HP 250 G9 Intel Core i7-1255U/16 GB/512GB SSD/15.6""","laptop","HP","88681.32","Type: New. Model: 250; Storage Type: SSD; GPU: Unknown; Screen: 15.6; Touch: No","","Intel Core i7","16","512.0"
"1681","HP Envy 16-h0002ns Intel Evo Core i7-12700H/16GB/1TB SSD/Intel Arc A370M/16""","laptop","HP","194795.72","Type: New. Model: Envy; Storage Type: SSD; GPU: A 370M; Screen: 16.0; Touch: No","","Intel Evo Core i7","16","1000.0"
"1682","ASUS TUF Gaming A16 Advantage Edition 2023 FA617XS-N3035 AMD Ryzen 9 7940HS/16GB/1TB SSD/Radeon RX 7600S/16""","laptop","Asus","183967.72","Type: New. Model: TUF; Storage Type: SSD; GPU: RX 7600S; Screen: 16.0; Touch: No","","AMD Ryzen 9","16","1000.0"
"1683","ASUS TUF Gaming F15 FX506LHB-HN324 Intel Core i5-10300H/16GB/512GB SSD/GTX 1650/15.6""","laptop","Asus","108171.72","Type: New. Model: TUF; Storage Type: SSD; GPU: GTX 1650; Screen: 15.6; Touch: No","","Intel Core i5","16","512.0"
"1684","HP 250 G8 Intel Celeron N4020/8 GB/256 GB SSD/15.6""","laptop","HP","41499.39","Type: New. Model: 250; Storage Type: SSD; GPU: Unknown; Screen: 15.6; Touch: No","","Intel Celeron","8","256.0"
"1685","HP ChromeBook x360 14a-ca0029ns Intel Celeron N4120/4GB/64GB eMMC/14"" TÃ¡ctil","laptop","HP","43203.72","Type: New. Model: Chromebook; Storage Type: eMMC; GPU: Unknown; Screen: 14.0; Touch: Yes","","Intel Celeron","4","64.0"
"1686","ASUS ROG Strix G16 G614JI-N4089W Intel Core i9-13980HX/32GB/1TB SSD/RTX 4070/16""","laptop","Asus","292247.72","Type: New. Model: ROG; Storage Type: SSD; GPU: RTX 4070; Screen: 16.0; Touch: No","","Intel Core i9","32","1000.0"
"1687","MSI Raider GE78HX 13VG-041XES Intel Core i7-13700HX/32GB/1TB SSD/RTX 4070/17""","laptop","MSI","303075.72","Type: New. Model: Raider; Storage Type: SSD; GPU: RTX 4070; Screen: 17.0; Touch: No","","Intel Core i7","32","1000.0"
"1688","MSI Modern 14 C12M-076ES Intel Core i7-1255U/16GB/512GB SSD/14""","laptop","MSI","118999.72","Type: Refurbished. Model: Modern; Storage Type: SSD; GPU: Unknown; Screen: 14.0; Touch: No","","Intel Core i7","16","512.0"
"1689","Acer Aspire 3 A315-34 Intel Celeron N4020/8 GB/256GB SSD/15.6""","laptop","Acer","33240.88","Type: New. Model: Aspire; Storage Type: SSD; GPU: Unknown; Screen: 15.6; Touch: No","","Intel Celeron","8","256.0"
"1690","PcCom Revolt 3060 Intel Core i7-12700H/32GB/1TB SSD/RTX 3060/15.6""","laptop","PcCom","178553.72","Type: New. Model: Revolt; Storage Type: SSD; GPU: RTX 3060; Screen: 15.6; Touch: No","","Intel Core i7","32","1000.0"
"1691","Microsoft Surface Laptop Go 2 Intel Core i5-1135G7/8GB/256GB SSD/12.4"" TÃ¡ctil","laptop","Microsoft","94095.32","Type: New. Model: Surface Laptop; Storage Type: SSD; GPU: Unknown; Screen: 12.4; Touch: Yes","","Intel Core i5","8","256.0"
"1692","ASUS TUF Gaming F17 FX707VV4-HX025 Intel Core i9-13900H/32GB/1TB SSD/RTX 4060/17.3''","laptop","Asus","227279.72","Type: New. Model: TUF; Storage Type: SSD; GPU: RTX 4060; Screen: 17.3; Touch: No","","Intel Core i9","32","1000.0"
"1693","ASUS Vivobook 15X OLED M1503QA-R75BOHDSB1 AMD Ryzen 7 5800H/HS/16GB/1TB SSD/15.6"" (PT)","laptop","Asus","124418.05","Type: New. Model: VivoBook; Storage Type: SSD; GPU: Unknown; Screen: 15.6; Touch: No","","AMD Ryzen 7","16","1000.0"
"1694","ASUS ROG Strix G16 G614JI-N4006 Intel Core i9-13980HX/32GB/1TB SSD/RTX 4070/16""","laptop","Asus","281419.72","Type: New. Model: ROG; Storage Type: SSD; GPU: RTX 4070; Screen: 16.0; Touch: No","","Intel Core i9","32","1000.0"
"1695","ASUS TUF Gaming F17 FX707VU4-HX028 Intel Core i9-13900H/32GB/1TB SSD/RTX 4050/17.3''","laptop","Asus","204540.92","Type: New. Model: TUF; Storage Type: SSD; GPU: RTX 4050; Screen: 17.3; Touch: No","","Intel Core i9","32","1000.0"
"1696","ASUS TUF Gaming F17 FX707ZU4-HX005 Intel Core i7-12700H/16GB/1TB SSD/RTX 4050/17.3''","laptop","Asus","175305.32","Type: New. Model: TUF; Storage Type: SSD; GPU: RTX 4050; Screen: 17.3; Touch: No","","Intel Core i7","16","1000.0"
"1697","MSI Creator Z17 HX Studio A13VGT-046ES Intel Core i7-13700HX/32GB/1TB SSD/RTX 4070/17"" TÃ¡ctil","laptop","MSI","338808.12","Type: New. Model: Creator; Storage Type: SSD; GPU: RTX 4070; Screen: 17.0; Touch: Yes","","Intel Core i7","32","1000.0"
"1698","Razer Blade 17 QHD 240Hz Intel Core i7-12800H/16GB/1TB SSD/RTX 3070Ti/17.3""","laptop","Razer","378978.92","Type: New. Model: Blade; Storage Type: SSD; GPU: RTX 3070; Screen: 17.3; Touch: No","","Intel Core i7","16","1000.0"
"1699","Acer Extensa 15 EX215-54-31DH Intel Core i3-1115G4/8GB/256GB SSD/15.6""","laptop","Acer","42662.32","Type: New. Model: Extensa; Storage Type: SSD; GPU: Unknown; Screen: 15.6; Touch: No","","Intel Core i3","8","256.0"
"1700","MSI Summit E16 Flip A13VFT-082ES Intel Core i7-1360P/32GB/1TB SSD/RTX 4060/16"" TÃ¡ctil","laptop","MSI","270591.72","Type: New. Model: Summit; Storage Type: SSD; GPU: RTX 4060; Screen: 16.0; Touch: Yes","","Intel Core i7","32","1000.0"
"1701","ASUS VivoBook F1605PA-MB091W Intel Core i5-11300H/8GB/512GB SSD/16""","laptop","Asus","59552.92","Type: New. Model: VivoBook; Storage Type: SSD; GPU: Unknown; Screen: 16.0; Touch: No","","Intel Core i5","8","512.0"
"1702","Medion Erazer Deputy P10 MD62132 Intel Core i5-10300H/8GB/512GB SSD/GTX 1660Ti/15.6""","laptop","Medion","108171.72","Type: New. Model: Deputy; Storage Type: SSD; GPU: GTX 1660; Screen: 15.6; Touch: No","","Intel Core i5","8","512.0"
"1703","HP OMEN 16-B1006NS Intel Core i7-12700H/16GB/1TB SSD/RTX 3060/16.1""","laptop","HP","183968.8","Type: New. Model: Omen; Storage Type: SSD; GPU: RTX 3060; Screen: 16.1; Touch: No","","Intel Core i7","16","1000.0"
"1704","ASUS Chromebook CX1400CNA-EK0225 Intel Celeron N3350/8GB/32GB eMMC/14""","laptop","Asus","37789.72","Type: New. Model: Chromebook; Storage Type: eMMC; GPU: Unknown; Screen: 14.0; Touch: No","","Intel Celeron","8","32.0"
"1705","Alurin Flex Advance Intel Core i5-1155G7/8GB/500GB SSD/15.6""","laptop","Alurin","54140.0","Type: New. Model: Flex Advance; Storage Type: SSD; GPU: Unknown; Screen: 15.6; Touch: No","","Intel Core i5","8","500.0"
"1706","Microsoft Surface Laptop 5 AlcÃ¡ntara Intel Evo Core i5-1235U/8GB/256GB SSD/13.5"" TÃ¡ctil","laptop","Microsoft","127662.12","Type: New. Model: Surface Laptop; Storage Type: SSD; GPU: Unknown; Screen: 13.5; Touch: Yes","","Intel Evo Core i5","8","256.0"
"1707","LG Gram 16Z90Q Intel Evo Core i7-1260P/32GB/1TB SSD/16""","laptop","LG","196962.4","Type: New. Model: Gram; Storage Type: SSD; GPU: Unknown; Screen: 16.0; Touch: No","","Intel Evo Core i7","32","1000.0"
"1708","MSI Prestige 13 Evo A13M-032ES Intel Evo Core i7-1360P/16GB/1TB SSD/13.3""","laptop","MSI","162312.8","Type: New. Model: Prestige; Storage Type: SSD; GPU: Unknown; Screen: 13.3; Touch: No","","Intel Evo Core i7","16","1000.0"
"1709","MSI Prestige 16 Studio A13VF-041ES Intel Core i7-13700H/32GB/1TB SSD/RTX 4060/16""","laptop","MSI","242440.0","Type: New. Model: Prestige; Storage Type: SSD; GPU: RTX 4060; Screen: 16.0; Touch: No","","Intel Core i7","32","1000.0"
"1710","ASUS ROG Strix Scar 16 2023 G634JY-NM014W Intel Core i9-13980HX/32GB/2TB SSD/RTX 4090/16""","laptop","Asus","535878.8","Type: New. Model: 14w; Storage Type: SSD; GPU: RTX 4090; Screen: 16.0; Touch: No","","Intel Core i9","32","2000.0"
"1711","Acer Predator Triton 300 SE PT316-51s-74LT Intel Core i7-12700H/16GB/512GB SSD/RTX 3050Ti/16""","laptop","Acer","172058.0","Type: New. Model: Predator; Storage Type: SSD; GPU: RTX 3050; Screen: 16.0; Touch: No","","Intel Core i7","16","512.0"
"1712","HP OMEN 16-b1025ns Intel Core i7-12700H/32GB/1TB SSD/RTX 3070/16.1""","laptop","HP","216451.72","Type: New. Model: Omen; Storage Type: SSD; GPU: RTX 3070; Screen: 16.1; Touch: No","","Intel Core i7","32","1000.0"
"1713","ASUS ExpertBook B1 B1402CBA-EB0821X Intel Core i7-1255U/16GB/512GB SSD/14""","laptop","Asus","128744.92","Type: New. Model: ExpertBook; Storage Type: SSD; GPU: Unknown; Screen: 14.0; Touch: No","","Intel Core i7","16","512.0"
"1714","MSI Titan GT77 HX 13VH-008ES Intel Core i9-13980HX/64GB/2TB SSD/RTX 4080/17.3"" + Bundle Gaming","laptop","MSI","530463.72","Type: New. Model: Titan; Storage Type: SSD; GPU: RTX 4080; Screen: 17.3; Touch: No","","Intel Core i9","64","2000.0"
"1715","HP 250 G9 Intel Core i5-1235U/8 GB/512GB SSD/15.6""","laptop","HP","60529.6","Type: New. Model: 250; Storage Type: SSD; GPU: Unknown; Screen: 15.6; Touch: No","","Intel Core i5","8","512.0"
"1716","HP 250 G9 Intel Core i3-1215U/8 GB/256GB SSD/15.6""","laptop","HP","45259.96","Type: New. Model: 250; Storage Type: SSD; GPU: Unknown; Screen: 15.6; Touch: No","","Intel Core i3","8","256.0"
"1717","LG Gram 17Z90Q Intel Core i7-1260P/16GB/512GB SSD/RTX 2050/17""","laptop","LG","152567.6","Type: New. Model: Gram; Storage Type: SSD; GPU: RTX 2050; Screen: 17.0; Touch: No","","Intel Core i7","16","512.0"
"1718","ASUS ROG Zephyrus M16 2023 GU604VY-NM001W Intel Core i9-13900H/32GB/2TB SSD/RTX 4090/16""","laptop","Asus","465495.72","Type: New. Model: ROG; Storage Type: SSD; GPU: RTX 4090; Screen: 16.0; Touch: No","","Intel Core i9","32","2000.0"
"1719","Lenovo IdeaPad Gaming 3 15ACH6 AMD Ryzen 5 5600H/16 GB/512 GB SSD/RTX3050/15.6""","laptop","Lenovo","95178.12","Type: New. Model: IdeaPad; Storage Type: SSD; GPU: RTX 3050; Screen: 15.6; Touch: No","","AMD Ryzen 5","16","512.0"
"1720","Apple MacBook Pro Apple M1 Max/32GB/1TB SSD/16.2"" Plata","laptop","Apple","416769.72","Type: New. Model: MacBook Pro; Storage Type: SSD; GPU: Unknown; Screen: 16.2; Touch: No","","Apple M1","32","1000.0"
"1721","Acer Predator Triton 300 SE PT314-52s-76F0 Intel Core i7-12700H/16GB/512GB SSD/RTX 3060/14""","laptop","Acer","188298.92","Type: New. Model: Predator; Storage Type: SSD; GPU: RTX 3060; Screen: 14.0; Touch: No","","Intel Core i7","16","512.0"
"1722","ASUS VivoBook 15 F1500EA-EJ3108W Intel Core i5-1135G7/16GB/1TB SSD/15.6""","laptop","Asus","72006.2","Type: New. Model: VivoBook; Storage Type: SSD; GPU: Unknown; Screen: 15.6; Touch: No","","Intel Core i5","16","1000.0"
"1723","ASUS TUF Gaming F15 FX507ZU4-LP004 Intel Core i7-12700H/32GB/1TB SSD/RTX 4050/15.6""","laptop","Asus","183968.8","Type: New. Model: TUF; Storage Type: SSD; GPU: RTX 4050; Screen: 15.6; Touch: No","","Intel Core i7","32","1000.0"
"1724","Acer Nitro 5 AN517-55-75RS Intel Core i7-12700H/16GB/512GB SSD/RTX 3060/17.3""","laptop","Acer","176388.12","Type: New. Model: Nitro; Storage Type: SSD; GPU: RTX 3060; Screen: 17.3; Touch: No","","Intel Core i7","16","512.0"
"1725","Primux IoxBook 15I3A Intel Core i3-1005G1/8GB/256GB SSD/15.6""","laptop","Primux","30688.72","Type: New. Model: Ioxbook; Storage Type: SSD; GPU: Unknown; Screen: 15.6; Touch: No","","Intel Core i3","8","256.0"
"1726","Lenovo Legion 5 15ACH6H-289 AMD Ryzen 5 5600H/8GB/512GB SSD/RTX3060/15.6'' (PT)","laptop","Lenovo","135620.7","Type: New. Model: Legion; Storage Type: SSD; GPU: RTX 3060; Screen: 15.6; Touch: No","","AMD Ryzen 5","8","512.0"
"1727","ASUS ROG Strix SCAR 15 G533ZS-HF043 Intel Core i9-12900H/32GB/1TB SSD/RTX 3080/15.6""","laptop","Asus","378871.72","Type: New. Model: ROG; Storage Type: SSD; GPU: RTX 3080; Screen: 15.6; Touch: No","","Intel Core i9","32","1000.0"
"1728","Lenovo IdeaPad Flex 5 14ITL05 Intel Core i5-1135G7/16GB/512GB SSD/14"" TÃ¡ctil","laptop","Lenovo","89765.2","Type: New. Model: IdeaPad; Storage Type: SSD; GPU: Unknown; Screen: 14.0; Touch: Yes","","Intel Core i5","16","512.0"
"1729","Samsung Galaxy Book3 Intel Core i7-1355U/16GB/512GB SSD/15.6""","laptop","Samsung","126580.4","Type: New. Model: Galaxy Book; Storage Type: SSD; GPU: Unknown; Screen: 15.6; Touch: No","","Intel Core i7","16","512.0"
"1730","ASUS VivoBook F1605PA-MB090W Intel Core i7-11370H/16GB/512GB SSD/16""","laptop","Asus","83267.32","Type: New. Model: VivoBook; Storage Type: SSD; GPU: Unknown; Screen: 16.0; Touch: No","","Intel Core i7","16","512.0"
"1731","Lenovo V15 Gen 2 ALC AMD Ryzen 3 5300U/8GB/512GB SSD/15.6""","laptop","Lenovo","43203.72","Type: New. Model: V15; Storage Type: SSD; GPU: Unknown; Screen: 15.6; Touch: No","","AMD Ryzen 3","8","512.0"
"1732","Lenovo IdeaPad Gaming 3 15ACH6 AMD Ryzen 7 5800H/16GB/1TB SSD/RTX3060/15.6""","laptop","Lenovo","137407.32","Type: New. Model: IdeaPad; Storage Type: SSD; GPU: RTX 3060; Screen: 15.6; Touch: No","","AMD Ryzen 7","16","1000.0"
"1733","Acer Nitro 5 AN515-58-591S Intel Core i5-12500H/16GB/1TB SSD/RTX 3060/15.6""","laptop","Acer","95408.76","Type: Refurbished. Model: Nitro; Storage Type: SSD; GPU: RTX 3060; Screen: 15.6; Touch: No","","Intel Core i5","16","1000.0"
"1734","LG Gram 15ZD90R-G.AX75B Intel Evo Core i7-1360P/16GB/512GB SSD/15""","laptop","LG","167725.72","Type: New. Model: Gram; Storage Type: SSD; GPU: Unknown; Screen: 15.0; Touch: No","","Intel Evo Core i7","16","512.0"
"1735","HP Victus 16-e1015ns AMD Ryzen 7 6800H/16GB/512GB SSD/RTX 3050/16.1""","laptop","HP","176388.12","Type: New. Model: Victus; Storage Type: SSD; GPU: RTX 3050; Screen: 16.1; Touch: No","","AMD Ryzen 7","16","512.0"
"1736","Samsung Galaxy Book3 Intel Core i5-1335U/8GB/512GB SSD/15.6""","laptop","Samsung","100156.83","Type: New. Model: Galaxy Book; Storage Type: SSD; GPU: Unknown; Screen: 15.6; Touch: No","","Intel Core i5","8","512.0"
"1737","LG Gram 17Z90P Intel Evo Core i7-1165G7/32GB/512GB SSD/17""","laptop","LG","255549.46","Type: New. Model: Gram; Storage Type: SSD; GPU: Unknown; Screen: 17.0; Touch: No","","Intel Evo Core i7","32","512.0"
"1738","HP Pavilion 14-dv2012ns Intel Core i7-1255U/16GB/1TB SSD/14""","laptop","HP","152567.6","Type: New. Model: Pavilion; Storage Type: SSD; GPU: Unknown; Screen: 14.0; Touch: No","","Intel Core i7","16","1000.0"
"1739","Dell Vostro 5625 AMD Ryzen 5 5625U/8GB/256GB SSD/16""","laptop","Dell","89764.12","Type: New. Model: Vostro; Storage Type: SSD; GPU: Unknown; Screen: 16.0; Touch: No","","AMD Ryzen 5","8","256.0"
"1740","HP Pavilion Plus 14-eh0006ns Intel Core i7-12700H/16GB/1TB SSD/14""","laptop","HP","176388.12","Type: New. Model: Pavilion; Storage Type: SSD; GPU: Unknown; Screen: 14.0; Touch: No","","Intel Core i7","16","1000.0"
"1741","MSI Stealth 17 Studio A13VH-031ES Intel Core i7-13700H/32GB/1TB SSD/RTX 4080/17.3""","laptop","MSI","389699.72","Type: New. Model: Stealth; Storage Type: SSD; GPU: RTX 4080; Screen: 17.3; Touch: No","","Intel Core i7","32","1000.0"
"1742","ASUS ROG Strix SCAR 17 2023 G733PZ-LL002 AMD Ryzen 9 7945HX/32GB/1TB SSD/RTX 4080/17.3""","laptop","Asus","324732.8","Type: New. Model: ROG; Storage Type: SSD; GPU: RTX 4080; Screen: 17.3; Touch: No","","AMD Ryzen 9","32","1000.0"
"1743","ASUS Vivobook 14 F1400EA-EK1543W Intel Core i3-1115G4/8GB/256GB SSD/14""","laptop","Asus","59445.72","Type: New. Model: VivoBook; Storage Type: SSD; GPU: Unknown; Screen: 14.0; Touch: No","","Intel Core i3","8","256.0"
"1744","ASUS VivoBook Pro 16X OLED N7600ZE-L2109 Intel Core i7-12700H/32GB/512GB SSD/RTX 3050 Ti/16""","laptop","Asus","226196.92","Type: New. Model: VivoBook; Storage Type: SSD; GPU: RTX 3050; Screen: 16.0; Touch: No","","Intel Core i7","32","512.0"
"1745","Apple Macbook Air Apple M2/8GB/512GB SSD/GPU Deca Core/13.6"" Midnight","laptop","Apple","202375.32","Type: New. Model: MacBook Air; Storage Type: SSD; GPU: Unknown; Screen: 13.6; Touch: No","","Apple M2","8","512.0"
"1746","Dell Vostro 3510 Intel Core i5-1135G7/8GB/512GB SSD/15.6""","laptop","Dell","79970.19","Type: New. Model: Vostro; Storage Type: SSD; GPU: Unknown; Screen: 15.6; Touch: No","","Intel Core i5","8","512.0"
"1747","MSI Katana GF66 12UE-1203XES Intel Core i5-12450H/16GB/512GB SSD/RTX3060/15.6""","laptop","MSI","146069.72","Type: New. Model: Katana; Storage Type: SSD; GPU: RTX 3060; Screen: 15.6; Touch: No","","Intel Core i5","16","512.0"
"1748","Acer Predator Helios 300 PH315-55-79BN Intel Core i7-12700H/32GB/1TB SSD/RTX3070/15.6""","laptop","Acer","258680.92","Type: New. Model: Predator; Storage Type: SSD; GPU: RTX 3070; Screen: 15.6; Touch: No","","Intel Core i7","32","1000.0"
"1749","ASUS Vivobook 17 F712EA-AU678W Intel Core i5-1135G7/16GB/512GB SSD/17.3""","laptop","Asus","96260.92","Type: New. Model: VivoBook; Storage Type: SSD; GPU: Unknown; Screen: 17.3; Touch: No","","Intel Core i5","16","512.0"
"1750","MSI Stealth 17 Studio A13VI-030ES Intel Core i7-13700H/32GB/1TB SSD/RTX 4090/17.3""","laptop","MSI","413496.42","Type: New. Model: Stealth; Storage Type: SSD; GPU: RTX 4090; Screen: 17.3; Touch: No","","Intel Core i7","32","1000.0"
"1751","Apple Macbook Air 2023 Apple M2/8GB/512GB SSD/GPU Deca Core/15.3"" Gris Espacial","laptop","Apple","198044.12","Type: New. Model: MacBook Air; Storage Type: SSD; GPU: Unknown; Screen: 15.3; Touch: No","","Apple M2","8","512.0"
"1752","Gigabyte AORUS 5 SE4-73ES214SD Intel Core i7-12700H/16GB/1TB SSD/RTX 3070/15.6""","laptop","Gigabyte","211038.8","Type: New. Model: Aorus; Storage Type: SSD; GPU: RTX 3070; Screen: 15.6; Touch: No","","Intel Core i7","16","1000.0"
"1753","Primux ioxbook 15R5C AMD Ryzen 5 3450U/8GB/512GB SSD/15.6""","laptop","Primux","36686.35","Type: New. Model: Ioxbook; Storage Type: SSD; GPU: Unknown; Screen: 15.6; Touch: No","","AMD Ryzen 5","8","512.0"
"1754","ASUS VivoBook 13 Slate OLED T3300KA-LQ069W Intel Pentium Silver N6000/8GB/128GB SSD/13.3"" TÃ¡ctil","laptop","Asus","84040.44","Type: New. Model: VivoBook; Storage Type: SSD; GPU: Unknown; Screen: 13.3; Touch: Yes","","Intel Pentium","8","128.0"
"1755","Lenovo IdeaPad Flex 5 14ITL05 Intel Core i7-1165G7/16GB/512GB SSD/14"" TÃ¡ctil","laptop","Lenovo","106006.12","Type: New. Model: IdeaPad; Storage Type: SSD; GPU: Unknown; Screen: 14.0; Touch: Yes","","Intel Core i7","16","512.0"
"1756","Apple Macbook Air Apple M2/16GB/512GB SSD/GPU Deca Core/13.6"" Midnight","laptop","Apple","213204.4","Type: New. Model: MacBook Air; Storage Type: SSD; GPU: Unknown; Screen: 13.6; Touch: No","","Apple M2","16","512.0"
"1757","Acer Nitro 5 AN517-55-78S2 Intel Core i7-12700H/16GB/512GB SSD/RTX 3050Ti/17.3""","laptop","Acer","166642.92","Type: New. Model: Nitro; Storage Type: SSD; GPU: RTX 3050; Screen: 17.3; Touch: No","","Intel Core i7","16","512.0"
"1758","ASUS Chromebook CX1400CNA-EK0238 Intel Celeron N3350/4GB/32GB eMMC/14""","laptop","Asus","32375.72","Type: New. Model: Chromebook; Storage Type: eMMC; GPU: Unknown; Screen: 14.0; Touch: No","","Intel Celeron","4","32.0"
"1759","Alurin Flex Advance AMD Ryzen 5 5500U/8GB/500GB SSD/15.6""","laptop","Alurin","49700.52","Type: New. Model: Flex Advance; Storage Type: SSD; GPU: Unknown; Screen: 15.6; Touch: No","","AMD Ryzen 5","8","500.0"
"1760","Lenovo V15 IGL Intel Celeron N4020/8GB/256GB SSD/15.6""","laptop","Lenovo","34919.22","Type: New. Model: V15; Storage Type: SSD; GPU: Unknown; Screen: 15.6; Touch: No","","Intel Celeron","8","256.0"
"1761","MSI Summit E13 Flip Evo A13MT-087ES Intel Evo Core i7-1360P/32GB/1TB SSD/13.4"" TÃ¡ctil","laptop","MSI","205623.72","Type: New. Model: Summit; Storage Type: SSD; GPU: Unknown; Screen: 13.4; Touch: Yes","","Intel Evo Core i7","32","1000.0"
"1762","Acer Extensa 15 EX215-54 Intel Core i3-1115G4/8GB/256GB SSD/15.6""","laptop","Acer","44826.84","Type: New. Model: Extensa; Storage Type: SSD; GPU: Unknown; Screen: 15.6; Touch: No","","Intel Core i3","8","256.0"
"1763","Acer Predator Triton 500 SE PT516-51s-79HF Intel Core i7-11800H/16GB/1TB SSD/RTX 3060/16""","laptop","Acer","208873.2","Type: New. Model: Predator; Storage Type: SSD; GPU: RTX 3060; Screen: 16.0; Touch: No","","Intel Core i7","16","1000.0"
"1764","Lenovo IdeaPad 3 15ALC6-913 AMD Ryzen 7 5700U/8GB/512GB SSD/15.6"" (PT)","laptop","Lenovo","79149.43","Type: New. Model: IdeaPad; Storage Type: SSD; GPU: Unknown; Screen: 15.6; Touch: No","","AMD Ryzen 7","8","512.0"
"1765","MSI Creator M16 B13UDX-686ES Intel Core i7-13700H/16GB/1TB SSD/RTX 3050/16""","laptop","MSI","183968.8","Type: New. Model: Creator; Storage Type: SSD; GPU: RTX 3050; Screen: 16.0; Touch: No","","Intel Core i7","16","1000.0"
"1766","MSI Creator M16 B13VE-683ES Intel Core i7-13700H/16GB/1TB SSD/RTX 4050/16""","laptop","MSI","205624.8","Type: New. Model: Creator; Storage Type: SSD; GPU: RTX 4050; Screen: 16.0; Touch: No","","Intel Core i7","16","1000.0"
"1767","MSI Raider GE68 HX 13VG-043ES Intel Core i7-13700HX/32GB/1TB SSD/RTX 4070/16""","laptop","MSI","279186.99","Type: New. Model: Raider; Storage Type: SSD; GPU: RTX 4070; Screen: 16.0; Touch: No","","Intel Core i7","32","1000.0"
"1768","Medion Erazer Crawler E40 Intel Core i5-13420H/16GB/1TB SSD/RTX 4050/15.6""","laptop","Medion","121166.4","Type: New. Model: Erazer; Storage Type: SSD; GPU: RTX 4050; Screen: 15.6; Touch: No","","Intel Core i5","16","1000.0"
"1769","Medion Erazer Defender P40 Intel Core i7-13700HX/16GB/1TB SSD/RTX 4060/17.3""","laptop","Medion","176388.12","Type: New. Model: Erazer; Storage Type: SSD; GPU: RTX 4060; Screen: 17.3; Touch: No","","Intel Core i7","16","1000.0"
"1770","HP OMEN 16-k0023ns Intel Core i9-12900H/32GB/1TB SSD/RTX 3070 Ti/16.1""","laptop","HP","259764.8","Type: New. Model: Omen; Storage Type: SSD; GPU: RTX 3070; Screen: 16.1; Touch: No","","Intel Core i9","32","1000.0"
"1771","MSI Summit E13 Flip Evo A13MT-229ES Intel Evo Core i7-1360P/16GB/512GB SSD/13.4"" TÃ¡ctil","laptop","MSI","185050.52","Type: New. Model: Summit; Storage Type: SSD; GPU: Unknown; Screen: 13.4; Touch: Yes","","Intel Evo Core i7","16","512.0"
"1772","HP OMEN 17-ck1002ns Intel Core i7-12700H/32GB/1TB SSD/RTX 3060/17.3""","laptop","HP","194795.72","Type: New. Model: Omen; Storage Type: SSD; GPU: RTX 3060; Screen: 17.3; Touch: No","","Intel Core i7","32","1000.0"
"1773","Lenovo IdeaPad 3 15ITL6 Intel Core i5-1135G7/16 GB/512 GB SSD/15.6""","laptop","Lenovo","78936.12","Type: New. Model: IdeaPad; Storage Type: SSD; GPU: Unknown; Screen: 15.6; Touch: No","","Intel Core i5","16","512.0"
"1774","MSI Raider GE68HX 13VF-044ES Intel Core i9-13950HX/32GB/1TB SSD/RTX 4060/16""","laptop","MSI","313903.72","Type: New. Model: Raider; Storage Type: SSD; GPU: RTX 4060; Screen: 16.0; Touch: No","","Intel Core i9","32","1000.0"
"1775","MSI Stealth 16 Studio A13VF-039XES Intel Core i7-13700H/32GB/1TB SSD/RTX 4060/16""","laptop","MSI","223030.81","Type: New. Model: Stealth; Storage Type: SSD; GPU: RTX 4060; Screen: 16.0; Touch: No","","Intel Core i7","32","1000.0"
"1776","MSI Stealth 16 Studio A13VF-037ES Intel Core i7-13700H/32GB/1TB SSD/RTX 4060/16""","laptop","MSI","266261.6","Type: New. Model: Stealth; Storage Type: SSD; GPU: RTX 4060; Screen: 16.0; Touch: No","","Intel Core i7","32","1000.0"
"1777","ASUS TUF Dash F15 FX517ZR-HN081 Intel Core i7-12650H/32GB/1TB SSD/RTX 3070/15.6""","laptop","Asus","204540.92","Type: New. Model: TUF; Storage Type: SSD; GPU: RTX 3070; Screen: 15.6; Touch: No","","Intel Core i7","32","1000.0"
"1778","MSI Stealth 16 Studio A13VF-041XES Intel Core i7-13700H/16GB/1TB SSD/RTX 4060/16""","laptop","MSI","243521.72","Type: New. Model: Stealth; Storage Type: SSD; GPU: RTX 4060; Screen: 16.0; Touch: No","","Intel Core i7","16","1000.0"
"1779","HP Victus 15-fa0023np Intel Core i5-12450H/16GB/512GB SSD/RTX 3050/15.6"" (PT)","laptop","HP","113692.92","Type: New. Model: Victus; Storage Type: SSD; GPU: RTX 3050; Screen: 15.6; Touch: No","","Intel Core i5","16","512.0"
"1780","ASUS ROG Strix Scar 16 2023 G634JZ-N4004 Intel Core i9-13980HX/32GB/1TB SSD/RTX 4080/16""","laptop","Asus","335559.72","Type: New. Model: ROG; Storage Type: SSD; GPU: RTX 4080; Screen: 16.0; Touch: No","","Intel Core i9","32","1000.0"
"1781","Prixton Flex Pro Intel Celeron N4020/4GB/64GB/11.6"" TÃ¡ctil","laptop","Prixton","35726.99","Type: New. Model: Flex; Storage Type: Unknown; GPU: Unknown; Screen: 11.6; Touch: Yes","","Intel Celeron","4","64.0"
"1782","MSI Titan GT77 HX 13VI-006ES Intel Core i9-13980HX/128GB/2TB SSD/RTX 4090/17.3"" + Bundle Gaming","laptop","MSI","649571.72","Type: New. Model: Titan; Storage Type: SSD; GPU: RTX 4090; Screen: 17.3; Touch: No","","Intel Core i9","128","2000.0"
"1783","Alurin Go Intel Pentium N4200/8GB/128GB SSD/14.1""","laptop","Alurin","41687.8","Type: New. Model: Go; Storage Type: SSD; GPU: Unknown; Screen: 14.1; Touch: No","","Intel Pentium","8","128.0"
"1784","LG Gram 17Z95P Intel Evo Core i7-1195G7/16GB/512GB SSD/17""","laptop","LG","194795.72","Type: New. Model: Gram; Storage Type: SSD; GPU: Unknown; Screen: 17.0; Touch: No","","Intel Evo Core i7","16","512.0"
"1785","ASUS ROG Flow X16 2023 GV601VI-NL017W Intel Core i9-13900H/32GB/1TB SSD/RTX 4070/16'' TÃ¡ctil","laptop","Asus","324731.72","Type: New. Model: ROG; Storage Type: SSD; GPU: RTX 4070; Screen: 16.0; Touch: Yes","","Intel Core i9","32","1000.0"
"1786","Samsung Galaxy Book3 Pro 360 Intel Evo Core i7-1360P/16GB/512GB SSD/16"" TÃ¡ctil","laptop","Samsung","226196.92","Type: New. Model: Galaxy Book; Storage Type: SSD; GPU: Unknown; Screen: 16.0; Touch: Yes","","Intel Evo Core i7","16","512.0"
"1787","Alurin Flex Advance Intel Core i7-1255U/16GB/500GB SSD/15.6""","laptop","Alurin","80018.92","Type: New. Model: Flex Advance; Storage Type: SSD; GPU: Unknown; Screen: 15.6; Touch: No","","Intel Core i7","16","500.0"
"1788","HP Envy 16-h0005ns Intel Core i7-12700H/16GB/1TB SSD/RTX 3060/16""","laptop","HP","216451.72","Type: New. Model: Envy; Storage Type: SSD; GPU: RTX 3060; Screen: 16.0; Touch: No","","Intel Core i7","16","1000.0"
"1789","MSI Stealth 16 Studio A13VG-034ES Intel Core i7-13700H/32GB/1TB SSD/RTX 4070/16""","laptop","MSI","297661.72","Type: New. Model: Stealth; Storage Type: SSD; GPU: RTX 4070; Screen: 16.0; Touch: No","","Intel Core i7","32","1000.0"
"1790","Acer Swift X SFX14-41G-R477 AMD Ryzen 7 5700U/16GB/1TB SSD/RTX3050Ti/14""","laptop","Acer","159497.52","Type: New. Model: Swift; Storage Type: SSD; GPU: RTX 3050; Screen: 14.0; Touch: No","","AMD Ryzen 7","16","1000.0"
"1791","MSI Creator Z16 HX Studio B13VFTO-045ES Intel Core i9-13950HX/32 GB/1TB SSD/RTX 4060/16"" TÃ¡ctil","laptop","MSI","313903.72","Type: New. Model: Creator; Storage Type: SSD; GPU: RTX 4060; Screen: 16.0; Touch: Yes","","Intel Core i9","32","1000.0"
"1792","Samsung Galaxy Book3 360 Intel Evo Core i5/16GB/512GB SSD/13.3"" TÃ¡ctil","laptop","Samsung","161228.92","Type: New. Model: Galaxy Book; Storage Type: SSD; GPU: Unknown; Screen: 13.3; Touch: Yes","","Intel Evo Core i5","16","512.0"
"1793","ASUS VivoBook 15 F1502ZA-EJ1033W Intel Core i5-1235U/16GB/512GB SSD/15.6""","laptop","Asus","66697.23","Type: New. Model: VivoBook; Storage Type: SSD; GPU: Unknown; Screen: 15.6; Touch: No","","Intel Core i5","16","512.0"
"1794","Gigabyte AERO 14 OLED BMF-72ESBB4SH Intel Core i7-13700H/16GB/1TB SSD/RTX 4050/14""","laptop","Gigabyte","213204.4","Type: New. Model: Aero; Storage Type: SSD; GPU: RTX 4050; Screen: 14.0; Touch: No","","Intel Core i7","16","1000.0"
"1795","MSI Creator Z16 HX Studio B13VGTO-033ES Intel Core i7-13700HX/32GB/1TB SSD/RTX 4070/16"" TÃ¡ctil","laptop","MSI","319317.72","Type: New. Model: Creator; Storage Type: SSD; GPU: RTX 4070; Screen: 16.0; Touch: Yes","","Intel Core i7","32","1000.0"
"1796","MSI Stealth 14 Studio A13VF-050ES Intel Core i7-13700H/16GB/1TB SSD/RTX 4060/14""","laptop","MSI","254350.8","Type: New. Model: Stealth; Storage Type: SSD; GPU: RTX 4060; Screen: 14.0; Touch: No","","Intel Core i7","16","1000.0"
"1797","Apple MacBook Pro Intel Core i5/8GB/256GB/13"" Plateado","laptop","Apple","68676.59","Type: Refurbished. Model: MacBook Pro; Storage Type: Unknown; GPU: Unknown; Screen: 13.0; Touch: No","","Intel Core i5","8","256.0"
"1798","ASUS ZenBook Pro Duo 15 OLED UX582ZM-H2030W Intel Core i7-12700H/32GB/1TB SSD/RTX 3060/15.6"" TÃ¡ctil","laptop","Asus","303075.72","Type: New. Model: ZenBook; Storage Type: SSD; GPU: RTX 3060; Screen: 15.6; Touch: Yes","","Intel Core i7","32","1000.0"
"1799","ASUS ROG Zephyrus Duo 16 2023 GX650PY-NM003W AMD Ryzen 9 7945HX/64GB/2TB+2TB SSD/RTX 4090/16""","laptop","Asus","558616.52","Type: New. Model: ROG; Storage Type: SSD; GPU: RTX 4090; Screen: 16.0; Touch: No","","AMD Ryzen 9","64","2000.0"
"1800","Gigabyte AERO 17 XE5-73ES738HP Intel Core i7-12700H/16GB/2TB SSD/RTX 3070Ti/17.3""","laptop","Gigabyte","324731.72","Type: New. Model: Aero; Storage Type: SSD; GPU: RTX 3070; Screen: 17.3; Touch: No","","Intel Core i7","16","2000.0"
"1801","Microsoft Surface GO 3 Intel Pentium Gold 6500Y/8GB/128GB SSD/10.5"" TÃ¡ctil","laptop","Microsoft","64860.8","Type: New. Model: Surface Go; Storage Type: SSD; GPU: Unknown; Screen: 10.5; Touch: Yes","","Intel Pentium","8","128.0"
"1802","HP Victus 15-fa1002ns Intel Core i7-13700H/16GB/512GB SSD/RTX 4050/15.6""","laptop","HP","140656.8","Type: New. Model: Victus; Storage Type: SSD; GPU: RTX 4050; Screen: 15.6; Touch: No","","Intel Core i7","16","512.0"
"1803","MSI Prestige 16 A12UD-221XES Intel Core i7-1280P/16GB/1TB SSD/RTX 3050Ti/16""","laptop","MSI","204540.92","Type: New. Model: Prestige; Storage Type: SSD; GPU: RTX 3050; Screen: 16.0; Touch: No","","Intel Core i7","16","1000.0"
"1804","Apple MacBook Pro Apple M2 Max/32GB/1TB SSD/16.2"" Plata","laptop","Apple","411355.72","Type: New. Model: MacBook Pro; Storage Type: SSD; GPU: Unknown; Screen: 16.2; Touch: No","","Apple M2","32","1000.0"
"1805","Apple MacBook Pro Apple M2 Max/32GB/1TB SSD/14.2"" Gris Espacial","laptop","Apple","365879.2","Type: New. Model: MacBook Pro; Storage Type: SSD; GPU: Unknown; Screen: 14.2; Touch: No","","Apple M2","32","1000.0"
"1806","Apple MacBook Air Apple M1/8GB/512GB SSD/GPU Hepta Core/13.3"" Gris Espacial","laptop","Apple","146069.72","Type: New. Model: MacBook Air; Storage Type: SSD; GPU: Unknown; Screen: 13.3; Touch: No","","Apple M1","8","512.0"
"1807","HP EliteBook 840 G3 Intel Core i5-6200U/16GB/256GB SSD/14""","laptop","HP","31584.19","Type: Refurbished. Model: EliteBook; Storage Type: SSD; GPU: Unknown; Screen: 14.0; Touch: No","","Intel Core i5","16","256.0"
"1808","Gigabyte AERO 16 OLED BSF-73ES994SO Intel Core i7-13700H/16GB/1TB SSD/RTX 4070/16""","laptop","Gigabyte","250019.6","Type: New. Model: Aero; Storage Type: SSD; GPU: RTX 4070; Screen: 16.0; Touch: No","","Intel Core i7","16","1000.0"
"1809","Primux ioxbook 1406F Intel Celeron N4000/4 GB/128GB SSD/14""","laptop","Primux","22629.44","Type: New. Model: Ioxbook; Storage Type: SSD; GPU: Unknown; Screen: 14.0; Touch: No","","Intel Celeron","4","128.0"
"1810","Lenovo IdeaPad 3 15ALC6 AMD Ryzen 5 5500U/16 GB/512GB SSD/15.6""","laptop","Lenovo","74606.0","Type: New. Model: IdeaPad; Storage Type: SSD; GPU: Unknown; Screen: 15.6; Touch: No","","AMD Ryzen 5","16","512.0"
"1811","Apple Macbook Pro Apple M2/8GB/512GB SSD/GPU Deca Core/13.3"" Gris Espacial","laptop","Apple","200209.72","Type: New. Model: MacBook Pro; Storage Type: SSD; GPU: Unknown; Screen: 13.3; Touch: No","","Apple M2","8","512.0"
"1812","ASUS VivoBook 16X M1603QA-MB155 AMD Ryzen 5 5600H/8GB/512GB SSD/16""","laptop","Asus","47412.56","Type: New. Model: VivoBook; Storage Type: SSD; GPU: Unknown; Screen: 16.0; Touch: No","","AMD Ryzen 5","8","512.0"
"1813","Lenovo V15 G2 Intel Core i3-1115G4/8GB/256GB SSD/15.6""","laptop","Lenovo","47969.12","Type: New. Model: V15; Storage Type: SSD; GPU: Unknown; Screen: 15.6; Touch: No","","Intel Core i3","8","256.0"
"1814","Apple MacBook Pro Apple M2 Pro 12 NÃºcleos/16GB/1TB SSD/14.2"" Gris Espacial","laptop","Apple","295497.2","Type: New. Model: MacBook Pro; Storage Type: SSD; GPU: Unknown; Screen: 14.2; Touch: No","","Apple M2 Pro","16","1000.0"
"1815","Acer Aspire 3 A315-43-R4VC AMD Ryzen 5 5500U/8GB/512GB SSD/15.6""","laptop","Acer","88681.32","Type: New. Model: Aspire; Storage Type: SSD; GPU: Unknown; Screen: 15.6; Touch: No","","AMD Ryzen 5","8","512.0"
"1816","MSI Creator Z16 HX Studio B13VFTO-046ES Intel Core i7-13700HX/16GB/1TB SSD/RTX 4060/16"" TÃ¡ctil","laptop","MSI","286833.72","Type: New. Model: Creator; Storage Type: SSD; GPU: RTX 4060; Screen: 16.0; Touch: Yes","","Intel Core i7","16","1000.0"
"1817","MSI Stealth 14 Studio A13VE-052XES Intel Core i7-13700H/16GB/1TB SSD/RTX 4050/14""","laptop","MSI","215370.0","Type: New. Model: Stealth; Storage Type: SSD; GPU: RTX 4050; Screen: 14.0; Touch: No","","Intel Core i7","16","1000.0"
"1818","MSI Summit E14 FlipEvo A12MT-056ES Intel Core i7-1280P/16GB/1TB SSD/14"" TÃ¡ctil","laptop","MSI","189470.51","Type: New. Model: Summit; Storage Type: SSD; GPU: Unknown; Screen: 14.0; Touch: Yes","","Intel Core i7","16","1000.0"
"1819","Microsoft Surface Laptop 5 Negro Intel Evo Core i5-1235U/8GB/512GB SSD/13.5"" TÃ¡ctil","laptop","Microsoft","153649.32","Type: New. Model: Surface Laptop; Storage Type: SSD; GPU: Unknown; Screen: 13.5; Touch: Yes","","Intel Evo Core i5","8","512.0"
"1820","PcCom Revolt 3060 Intel Core i7-12700H/32GB/500GB SSD/RTX 3060/15.6""/Windows 11 Home","laptop","PcCom","183967.72","Type: New. Model: Revolt; Storage Type: SSD; GPU: RTX 3060; Screen: 15.6; Touch: No","","Intel Core i7","32","500.0"
"1821","Lenovo V15 G3 ABA AMD Ryzen 7 5825U/16GB/512GB SSD/15.6""","laptop","Lenovo","67132.52","Type: New. Model: V15; Storage Type: SSD; GPU: Unknown; Screen: 15.6; Touch: No","","AMD Ryzen 7","16","512.0"
"1822","MSI Summit E14 Flip Evo A13MT-227ES Intel Evo Core i7-1360P/16GB/1TB SSD/14"" TÃ¡ctil","laptop","MSI","182884.92","Type: New. Model: Summit; Storage Type: SSD; GPU: Unknown; Screen: 14.0; Touch: Yes","","Intel Evo Core i7","16","1000.0"
"1823","HP 255 G9 AMD Ryzen 3 5425U/8GB/256GB SSD/15.6""","laptop","HP","41801.49","Type: New. Model: 255; Storage Type: SSD; GPU: Unknown; Screen: 15.6; Touch: No","","AMD Ryzen 3","8","256.0"
"1824","Prixton Netbook Pro Intel Celeron N4020/4GB/64GB eMMC/14.1""","laptop","Prixton","32477.5","Type: New. Model: Netbook Pro; Storage Type: eMMC; GPU: Unknown; Screen: 14.1; Touch: No","","Intel Celeron","4","64.0"
"1825","HP 15S-EQ2132NS AMD Ryzen 3 5300U/8GB/512GB SSD/15.6""","laptop","HP","45044.48","Type: New. Model: 15S; Storage Type: SSD; GPU: Unknown; Screen: 15.6; Touch: No","","AMD Ryzen 3","8","512.0"
"1826","Lenovo V15 G2 ALC AMD Ryzen 5 5500U/8GB/256GB SSD/15.6"" Negro","laptop","Lenovo","57280.12","Type: New. Model: V15; Storage Type: SSD; GPU: Unknown; Screen: 15.6; Touch: No","","AMD Ryzen 5","8","256.0"
"1827","Microsoft Surface Laptop Go 2 Intel Core i5-1135G7/8GB/128GB SSD/12.4"" TÃ¡ctil","laptop","Microsoft","83267.32","Type: New. Model: Surface Laptop; Storage Type: SSD; GPU: Unknown; Screen: 12.4; Touch: Yes","","Intel Core i5","8","128.0"
"1828","ASUS ROG Zephyrus G14 2023 GA402XV-N2041 AMD Ryzen 9 7940HS/32GB/1TB SSD/RTX 4060/14""","laptop","Asus","248935.72","Type: New. Model: ROG; Storage Type: SSD; GPU: RTX 4060; Screen: 14.0; Touch: No","","AMD Ryzen 9","32","1000.0"
"1829","ASUS ROG Flow X13 2023 GV302XV-MU006W AMD Ryzen 9 7940HS/16GB/1TB SSD/RTX 4060/13.4"" TÃ¡ctil","laptop","Asus","216451.72","Type: New. Model: ROG; Storage Type: SSD; GPU: RTX 4060; Screen: 13.4; Touch: Yes","","AMD Ryzen 9","16","1000.0"
"1830","MSI Raider GE78HX 13VH-066XES Intel Core i7-13700HX/32GB/1TB SSD/RTX 4080/17""","laptop","MSI","400527.72","Type: New. Model: Raider; Storage Type: SSD; GPU: RTX 4080; Screen: 17.0; Touch: No","","Intel Core i7","32","1000.0"
"1831","Alurin Flex Advance Intel Core i5-1155G7/8GB/500GB SSD/15.6"" + Windows 11 Home","laptop","Alurin","64968.0","Type: New. Model: Flex Advance; Storage Type: SSD; GPU: Unknown; Screen: 15.6; Touch: No","","Intel Core i5","8","500.0"
"1832","HP 250 G9 Intel Core i5-1235U/16GB/512GB SSD/15.6"" Plata","laptop","HP","65943.6","Type: New. Model: 250; Storage Type: SSD; GPU: Unknown; Screen: 15.6; Touch: No","","Intel Core i5","16","512.0"
"1833","HP ChromeBook 14b-na0013ns AMD Athlon Silver 3050C/4GB/64GB eMMC/14""","laptop","HP","45369.32","Type: New. Model: Chromebook; Storage Type: eMMC; GPU: Unknown; Screen: 14.0; Touch: No","","AMD Athlon","4","64.0"
"1834","Gigabyte AORUS 15X ASF-B3ES754SH Intel Core i9-13900HX/16GB/1TB SSD/RTX 4070/15.6""","laptop","Gigabyte","235942.12","Type: New. Model: Aorus; Storage Type: SSD; GPU: RTX 4070; Screen: 15.6; Touch: No","","Intel Core i9","16","1000.0"
"1835","Microsoft Surface Pro 9 Grafito Intel Evo Core i7-1255U/16GB/256GB SSD/13"" TÃ¡ctil","laptop","Microsoft","201292.52","Type: New. Model: Surface Pro; Storage Type: SSD; GPU: Unknown; Screen: 13.0; Touch: Yes","","Intel Evo Core i7","16","256.0"
"1836","Apple MacBook Pro Apple M2 Pro 10 NÃºcleos/32GB/512GB SSD/14.2"" Gris Espacial","laptop","Apple","294413.32","Type: New. Model: MacBook Pro; Storage Type: SSD; GPU: Unknown; Screen: 14.2; Touch: No","","Apple M2 Pro","32","512.0"
"1837","MSI Modern 15 B12M-025XES Intel Core i5-1235U/8GB/512GB SSD/15.6""","laptop","MSI","86515.72","Type: New. Model: Modern; Storage Type: SSD; GPU: Unknown; Screen: 15.6; Touch: No","","Intel Core i5","8","512.0"
"1838","MSI Stealth 14 Studio A13VF-049XES Intel Core i7-13700H/16GB/1TB SSD/RTX 4060/14""","laptop","MSI","233776.52","Type: New. Model: Stealth; Storage Type: SSD; GPU: RTX 4060; Screen: 14.0; Touch: No","","Intel Core i7","16","1000.0"
"1839","ASUS M515UA-R75BLHDSS1 AMD Ryzen 7 5700U/8GB/512GB SSD/15.6'' (PT)","laptop","Asus","74042.95","Type: New. Model: M515UA; Storage Type: SSD; GPU: Unknown; Screen: 15.6; Touch: No","","AMD Ryzen 7","8","512.0"
"1840","MSI Creator M16 B13UDX-684XES Intel Core i7-13700H/32GB/1TB SSD/RTX 3050/16""","laptop","MSI","183968.8","Type: New. Model: Creator; Storage Type: SSD; GPU: RTX 3050; Screen: 16.0; Touch: No","","Intel Core i7","32","1000.0"
"1841","ASUS ROG Flow Z13 2023 GZ301VU-MU006W Intel Core i9-13900H/16GB/1TB SSD/RTX 4050/13.4"" TÃ¡ctil","laptop","Asus","227279.72","Type: New. Model: ROG; Storage Type: SSD; GPU: RTX 4050; Screen: 13.4; Touch: Yes","","Intel Core i9","16","1000.0"
"1842","Apple MacBook Pro Apple M2 Pro 10 NÃºcleos/32GB/1TB SSD/14.2"" Gris Espacial","laptop","Apple","318236.0","Type: New. Model: MacBook Pro; Storage Type: SSD; GPU: Unknown; Screen: 14.2; Touch: No","","Apple M2 Pro","32","1000.0"
"1843","MSI Summit E16 Flip A13VET-084XES Intel Core i7-1360P/32GB/1TB SSD/RTX 4050/16"" TÃ¡ctil","laptop","MSI","227279.72","Type: New. Model: Summit; Storage Type: SSD; GPU: RTX 4050; Screen: 16.0; Touch: Yes","","Intel Core i7","32","1000.0"
"1844","HP Notebook 14S-dq0009ns Intel Celeron N4020/4GB/64GB eMMC/14""","laptop","HP","35624.12","Type: New. Model: Notebook; Storage Type: eMMC; GPU: Unknown; Screen: 14.0; Touch: No","","Intel Celeron","4","64.0"
"1845","Asus M515UA-EJ374 AMD Ryzen 5 5500U/8GB/512GB SSD/15.6""","laptop","Asus","43635.76","Type: New. Model: M515UA; Storage Type: SSD; GPU: Unknown; Screen: 15.6; Touch: No","","AMD Ryzen 5","8","512.0"
"1846","Lenovo V15 G2 ITL Intel Core i5-1135G7/8 GB/256 GB SSD/15.6""","laptop","Lenovo","49951.73","Type: New. Model: V15; Storage Type: SSD; GPU: Unknown; Screen: 15.6; Touch: No","","Intel Core i5","8","256.0"
"1847","Lenovo ThinkPad T480 Intel Core i5-8350U/16GB/256GB SSD/14""","laptop","Lenovo","62152.72","Type: Refurbished. Model: ThinkPad; Storage Type: SSD; GPU: Unknown; Screen: 14.0; Touch: No","","Intel Core i5","16","256.0"
"1848","ASUS ROG Strix Scar 16 2023 G634JZ-NM010W Intel Core i9-13980HX/32GB/2TB SSD/RTX 4080/16""","laptop","Asus","378872.8","Type: New. Model: ROG; Storage Type: SSD; GPU: RTX 4080; Screen: 16.0; Touch: No","","Intel Core i9","32","2000.0"
"1849","Microsoft Surface Laptop 5 AlcÃ¡ntara Intel Evo Core i5-1235U/8GB/512GB SSD/13.5"" TÃ¡ctil","laptop","Microsoft","153649.32","Type: New. Model: Surface Laptop; Storage Type: SSD; GPU: Unknown; Screen: 13.5; Touch: Yes","","Intel Evo Core i5","8","512.0"
"1850","Microsoft Surface Pro 9 Zafiro Intel Evo Core i5-1235U/8GB/256GB SSD/13"" TÃ¡ctil","laptop","Microsoft","140655.72","Type: New. Model: Surface Pro; Storage Type: SSD; GPU: Unknown; Screen: 13.0; Touch: Yes","","Intel Evo Core i5","8","256.0"
"1851","LG Gram 17ZD90R-G.AX75B Intel Evo Core i7-1360P/16GB/512GB SSD/17""","laptop","LG","183967.72","Type: New. Model: Gram; Storage Type: SSD; GPU: Unknown; Screen: 17.0; Touch: No","","Intel Evo Core i7","16","512.0"
"1852","HP 470 G9 Intel Core i7-1255U/16GB/512GB SSD/MX550/17.3""","laptop","HP","140764.0","Type: New. Model: 470; Storage Type: SSD; GPU: MX 550; Screen: 17.3; Touch: No","","Intel Core i7","16","512.0"
"1853","ASUS F1500EA-BQ3072 Intel Core i3-1115G4/8GB/512GB SSD/15.6""","laptop","Asus","40280.16","Type: New. Model: VivoBook; Storage Type: SSD; GPU: Unknown; Screen: 15.6; Touch: No","","Intel Core i3","8","512.0"
"1854","Razer Blade 16 Doble ResoluciÃ³n UHD+/FHD+ Intel Core i9-13950HX/32GB/2TB SSD/RTX 4090/16""","laptop","Razer","541292.8","Type: New. Model: Blade; Storage Type: SSD; GPU: RTX 4090; Screen: 16.0; Touch: No","","Intel Core i9","32","2000.0"
"1855","Asus Rog Strix G15 G513QR-HF118 AMD Ryzen 7 5800H/32GB/1TB SSD/RTX3070/15.6""","laptop","Asus","225115.2","Type: New. Model: ROG; Storage Type: SSD; GPU: RTX 3070; Screen: 15.6; Touch: No","","AMD Ryzen 7","32","1000.0"
"1856","Dell Vostro 3520 Intel Core i7-1255U/16 GB/512GB SSD/15.6"" (PT)","laptop","Dell","108040.7","Type: New. Model: Vostro; Storage Type: SSD; GPU: Unknown; Screen: 15.6; Touch: No","","Intel Core i7","16","512.0"
"1857","LG Gram 14ZB90Q Intel Core i5-1240P/16GB/512GB SSD/14""","laptop","LG","124413.72","Type: New. Model: Gram; Storage Type: SSD; GPU: Unknown; Screen: 14.0; Touch: No","","Intel Core i5","16","512.0"
"1858","Primux Ioxbook 15CA Intel Celeron N4000/8GB/256GB SSD/15.6""","laptop","Primux","24796.12","Type: New. Model: Ioxbook; Storage Type: SSD; GPU: Unknown; Screen: 15.6; Touch: No","","Intel Celeron","8","256.0"
"1859","HP 15S-FQ2173NS Intel Core i3-1115G4/8GB/256GB SSD/15.6""","laptop","HP","59806.29","Type: New. Model: 15S; Storage Type: SSD; GPU: Unknown; Screen: 15.6; Touch: No","","Intel Core i3","8","256.0"
"1860","Apple MacBook Pro Apple M2 Pro 12 NÃºcleos/16GB/512GB SSD/16.2"" Gris Espacial","laptop","Apple","295497.2","Type: New. Model: MacBook Pro; Storage Type: SSD; GPU: Unknown; Screen: 16.2; Touch: No","","Apple M2 Pro","16","512.0"
"1861","Microsoft Surface Pro 9 Grafito Intel Evo Core i5-1235U/8GB/256GB SSD/13"" TÃ¡ctil","laptop","Microsoft","140655.72","Type: New. Model: Surface Pro; Storage Type: SSD; GPU: Unknown; Screen: 13.0; Touch: Yes","","Intel Evo Core i5","8","256.0"
"1862","Alurin Go Intel Pentium N4200/8GB/256GB SSD/nOS/14.1""","laptop","Alurin","35722.65","Type: New. Model: Go; Storage Type: SSD; GPU: Unknown; Screen: 14.1; Touch: No","","Intel Pentium","8","256.0"
"1863","HP Spectre x360 14-ef0003ns Intel Evo Core i7-1255U/16GB/1TB SSD/13.5"" TÃ¡ctil","laptop","HP","183968.8","Type: New. Model: Spectre; Storage Type: SSD; GPU: Unknown; Screen: 13.5; Touch: Yes","","Intel Evo Core i7","16","1000.0"
"1864","LG Gram 15Z90R-G.AD78B Intel Evo Core i7-1360P/32GB/1TB SSD/15""","laptop","LG","208873.2","Type: New. Model: Gram; Storage Type: SSD; GPU: Unknown; Screen: 15.0; Touch: No","","Intel Evo Core i7","32","1000.0"
"1865","Samsung Galaxy Book3 Pro Intel Evo Core i7-1360P/16GB/512GB SSD/16""","laptop","Samsung","211144.92","Type: New. Model: Galaxy Book; Storage Type: SSD; GPU: Unknown; Screen: 16.0; Touch: No","","Intel Evo Core i7","16","512.0"
"1866","Lenovo ThinkPad L15 Gen 3 Intel Core i5-1235U/8GB/256GB SSD/15.6""","laptop","Lenovo","127227.92","Type: New. Model: ThinkPad; Storage Type: SSD; GPU: Unknown; Screen: 15.6; Touch: No","","Intel Core i5","8","256.0"
"1867","Lenovo IdeaPad Gaming 3 15ACH6-302 AMD Ryzen 5 5600H/8GB/256 SSD/GTX1650/15.6"" (PT)","laptop","Lenovo","90317.43","Type: New. Model: IdeaPad; Storage Type: SSD; GPU: GTX 1650; Screen: 15.6; Touch: No","","AMD Ryzen 5","8","256.0"
"1868","Alurin Flex Intel Core i3-10110U/8GB/128GB SSD/nOS/14""","laptop","Alurin","43203.72","Type: New. Model: Flex; Storage Type: SSD; GPU: Unknown; Screen: 14.0; Touch: No","","Intel Core i3","8","128.0"
"1869","Medion Akoya E15301 MD62123 AMD Ryzen 3 3200U/8GB/256 GB SSD/15.6""","laptop","Medion","57280.12","Type: New. Model: Akoya; Storage Type: SSD; GPU: Unknown; Screen: 15.6; Touch: No","","AMD Ryzen 3","8","256.0"
"1870","Microsoft Surface Laptop 4 Platino AMD Ryzen 7 4980U/8GB/256 GB SSD/15"" TÃ¡ctil","laptop","Microsoft","156897.72","Type: New. Model: Surface Laptop; Storage Type: SSD; GPU: Unknown; Screen: 15.0; Touch: Yes","","AMD Ryzen 7","8","256.0"
"1871","Razer Blade 16 QHD+ Intel Core i9-13950HX/16GB/1TB SSD/RTX 4060/16""","laptop","Razer","335559.72","Type: New. Model: Blade; Storage Type: SSD; GPU: RTX 4060; Screen: 16.0; Touch: No","","Intel Core i9","16","1000.0"
"1872","Razer Blade 16 QHD+ Intel Core i9-13950HX/16GB/1TB SSD/RTX 4070/16""","laptop","Razer","378872.8","Type: New. Model: Blade; Storage Type: SSD; GPU: RTX 4070; Screen: 16.0; Touch: No","","Intel Core i9","16","1000.0"
"1873","Alurin AMD R5 5500U 15.6"" 8 256 con SO","laptop","Alurin","54031.72","Type: New. Model: Alurin; Storage Type: Unknown; GPU: Unknown; Screen: 15.6; Touch: No","","AMD Radeon 5","8","256.0"
"1874","Alurin Flex Advance AMD Ryzen 5 5500U/8GB/500GB SSD/15.6"" + Windows 11 Home","laptop","Alurin","60528.52","Type: New. Model: Flex Advance; Storage Type: SSD; GPU: Unknown; Screen: 15.6; Touch: No","","AMD Ryzen 5","8","500.0"
"1875","Razer Blade 16 Dual UHD+FHD+ Intel Core i9-13950HX/32GB/1TB SSD/RTX 4070/16""","laptop","Razer","411462.92","Type: New. Model: Blade; Storage Type: SSD; GPU: RTX 4070; Screen: 16.0; Touch: No","","Intel Core i9","32","1000.0"
"1876","ASUS ZenBook 14 OLED UX3402VA-KM005W Intel Evo Core i7-1360P/16GB/512GB SSD/14""","laptop","Asus","136325.6","Type: New. Model: ZenBook; Storage Type: SSD; GPU: Unknown; Screen: 14.0; Touch: No","","Intel Evo Core i7","16","512.0"
"1877","Alurin Flex Advance Intel Core i5-1155G7/8GB/256GB SSD/15.6""","laptop","Alurin","47643.2","Type: New. Model: Flex Advance; Storage Type: SSD; GPU: Unknown; Screen: 15.6; Touch: No","","Intel Core i5","8","256.0"
"1878","Apple Macbook Air 2023 Apple M2/8GB/256GB SSD/GPU Deca Core/15.3"" Plata","laptop","Apple","173139.72","Type: New. Model: MacBook Air; Storage Type: SSD; GPU: Unknown; Screen: 15.3; Touch: No","","Apple M2","8","256.0"
"1879","HP 250 G9 Intel Core i3-1215U/8GB/512GB SSD/15.6""","laptop","HP","43106.27","Type: New. Model: 250; Storage Type: SSD; GPU: Unknown; Screen: 15.6; Touch: No","","Intel Core i3","8","512.0"
"1880","ASUS ROG Strix G17 G713PV-HX058 AMD Ryzen 9 7845HX/32GB/1TB SSD/RTX 4060/17.3""","laptop","Asus","227279.72","Type: Refurbished. Model: ROG; Storage Type: SSD; GPU: RTX 4060; Screen: 17.3; Touch: No","","AMD Ryzen 9","32","1000.0"
"1881","HP 15s-fq4106ns Intel Core i5-1155G7/8GB/256GB SSD/15.6""","laptop","HP","49194.85","Type: New. Model: 15S; Storage Type: SSD; GPU: Unknown; Screen: 15.6; Touch: No","","Intel Core i5","8","256.0"
"1882","HP 15S-FQ4059NS Intel Core i5-1155G7/8GB/512GB SSD/15.6""","laptop","HP","53578.03","Type: New. Model: 15S; Storage Type: SSD; GPU: Unknown; Screen: 15.6; Touch: No","","Intel Core i5","8","512.0"
"1883","Alurin Flex Advance AMD Ryzen 5 5500U/8GB/256GB SSD/15.6""","laptop","Alurin","43203.72","Type: New. Model: Flex Advance; Storage Type: SSD; GPU: Unknown; Screen: 15.6; Touch: No","","AMD Ryzen 5","8","256.0"
"1884","ASUS TUF Gaming F15 Fx506lhb-hn359 Intel Core i5-10300H/16GB/512GB SSD/GTX 1650/15.6""","laptop","Asus","77854.4","Type: New. Model: TUF; Storage Type: SSD; GPU: GTX 1650; Screen: 15.6; Touch: No","","Intel Core i5","16","512.0"
"1885","Alurin Intel Core I7 12th 15.6"" 16 500 con SO","laptop","Alurin","94095.32","Type: New. Model: Alurin; Storage Type: Unknown; GPU: Unknown; Screen: 15.6; Touch: No","","Intel Core i7","8","500.0"
"1886","HP 250 G9 Intel Core i7-1255U/16 GB/512GB SSD/15.6"" Plata","laptop","HP","89222.72","Type: New. Model: 250; Storage Type: SSD; GPU: Unknown; Screen: 15.6; Touch: No","","Intel Core i7","16","512.0"
"1887","Apple MacBook Pro Apple M2 Pro 12 NÃºcleos/32GB/1TB SSD/16.2"" Gris Espacial","laptop","Apple","378872.8","Type: New. Model: MacBook Pro; Storage Type: SSD; GPU: Unknown; Screen: 16.2; Touch: No","","Apple M2 Pro","32","1000.0"
"1888","Lenovo V15 G2 Intel Core i3-1115G4/8GB/256GB SSD/15.6"" Negro","laptop","Lenovo","53705.8","Type: New. Model: V15; Storage Type: SSD; GPU: Unknown; Screen: 15.6; Touch: No","","Intel Core i3","8","256.0"
"1889","MSI Raider GE78HX 13VG-040ES Intel Core i7-13700HX/32GB/1TB SSD/RTX 4070/17""","laptop","MSI","324731.72","Type: New. Model: Raider; Storage Type: SSD; GPU: RTX 4070; Screen: 17.0; Touch: No","","Intel Core i7","32","1000.0"
"1890","Lenovo ThinkBook 15p Intel Core i7-10750H/16GB/1TB SSD/GTX 1650Ti/15.6""","laptop","Lenovo","131993.32","Type: New. Model: ThinkBook; Storage Type: SSD; GPU: GTX 1650; Screen: 15.6; Touch: No","","Intel Core i7","16","1000.0"
"1891","Lenovo ThinkPad E15 Gen 4 Intel Core i7-1255U/16GB/512GB SSD/15.6""","laptop","Lenovo","151050.6","Type: New. Model: ThinkPad; Storage Type: SSD; GPU: Unknown; Screen: 15.6; Touch: No","","Intel Core i7","16","512.0"
"1892","ASUS ExpertBook B1 B1502CBA-EJ0425 Intel Core i5-1235U/16GB/512GB SSD/15.6""","laptop","Asus","75254.6","Type: New. Model: ExpertBook; Storage Type: SSD; GPU: Unknown; Screen: 15.6; Touch: No","","Intel Core i5","16","512.0"
"1893","MSI Creator Z16 HX Studio B13VFTO-027ES Intel Core i9-13950HX/64GB/2TB SSD/RTX 4060/16"" TÃ¡ctil","laptop","MSI","331478.65","Type: New. Model: Creator; Storage Type: SSD; GPU: RTX 4060; Screen: 16.0; Touch: Yes","","Intel Core i9","64","2000.0"
"1894","HP 250 G9 Intel Core i3-1215U/8 GB/512GB SSD/15.6""","laptop","HP","49050.84","Type: New. Model: 250; Storage Type: SSD; GPU: Unknown; Screen: 15.6; Touch: No","","Intel Core i3","8","512.0"
"1895","Acer Chromebook 317 Intel Celeron N4500/8GB/128GB eMMC/17.3""","laptop","Acer","54031.72","Type: New. Model: Chromebook; Storage Type: eMMC; GPU: Unknown; Screen: 17.3; Touch: No","","Intel Celeron","8","128.0"
"1896","Dynabook Toshiba Satellite Pro C50-G-10F Intel Core i7-10510U/8 GB/256GB SSD/15.6""","laptop","Dynabook Toshiba","75687.72","Type: New. Model: Satellite Pro; Storage Type: SSD; GPU: Unknown; Screen: 15.6; Touch: No","","Intel Core i7","8","256.0"
"1897","HP 15S-FQ2160NS Intel Core i3-1115G4/8GB/256GB SSD/15.6""","laptop","HP","42617.93","Type: New. Model: 15S; Storage Type: SSD; GPU: Unknown; Screen: 15.6; Touch: No","","Intel Core i3","8","256.0"
"1898","Dell XPS 13 9315 Intel Core i5-1230U/16GB/512GB SSD/13.4'' (PT)","laptop","Dell","223409.79","Type: New. Model: XPS; Storage Type: SSD; GPU: Unknown; Screen: 13.4; Touch: No","","Intel Core i5","16","512.0"
"1899","HP OMEN 17-ck2001ns Intel Core i7-13700HX/32GB/1TB SSD/RTX 4080/17.3""","laptop","HP","324732.8","Type: New. Model: Omen; Storage Type: SSD; GPU: RTX 4080; Screen: 17.3; Touch: No","","Intel Core i7","32","1000.0"
"1900","Lenovo Legion Pro 7 16IRX8 Intel Core i9-13900HX/32GB/1TB SSD/RTX 4070/16""","laptop","Lenovo","291166.0","Type: New. Model: Legion; Storage Type: SSD; GPU: RTX 4070; Screen: 16.0; Touch: No","","Intel Core i9","32","1000.0"
"1901","Acer ConceptD 3 CN316-73G-74FZ Intel Core i7-11800H/16GB/512GB SSD/GTX 1650/16""","laptop","Acer","194795.72","Type: New. Model: ConceptD; Storage Type: SSD; GPU: GTX 1650; Screen: 16.0; Touch: No","","Intel Core i7","16","512.0"
"1902","Lenovo V15 G3 IAP Intel Core i5-1235U/8GB/512GB SSD/15.6""","laptop","Lenovo","62791.57","Type: New. Model: V15; Storage Type: SSD; GPU: Unknown; Screen: 15.6; Touch: No","","Intel Core i5","8","512.0"
"1903","Acer Predator Helios 300 PH317-55 Intel Core i7-11800H/16GB/1TB SSD/RTX3060/17.3""","laptop","Acer","194795.72","Type: New. Model: Predator; Storage Type: SSD; GPU: RTX 3060; Screen: 17.3; Touch: No","","Intel Core i7","16","1000.0"
"1904","ASUS F515EA-BQ1625W Intel Core i3-1115G4/8GB/256GB/15.6""","laptop","Asus","44178.24","Type: New. Model: F515; Storage Type: Unknown; GPU: Unknown; Screen: 15.6; Touch: No","","Intel Core i3","8","256.0"
"1905","Acer Chromebook 516 GE CBG516-1H-72EW Intel Core i7-1260P/16GB/256GB SSD/16""","laptop","Acer","123332.0","Type: New. Model: Chromebook; Storage Type: SSD; GPU: Unknown; Screen: 16.0; Touch: No","","Intel Core i7","16","256.0"
"1906","Acer Nitro 5 AN515-45-R5ZJ AMD Ryzen 9 5900HX/16GB/1TB SSD/RTX 3080/15.6""","laptop","Acer","259764.8","Type: New. Model: Nitro; Storage Type: SSD; GPU: RTX 3080; Screen: 15.6; Touch: No","","AMD Ryzen 9","16","1000.0"
"1907","Dell Latitude 9510 Intel Core i5-10210U/8GB/256GB SSD/15""","laptop","Dell","173139.72","Type: New. Model: Latitude; Storage Type: SSD; GPU: Unknown; Screen: 15.0; Touch: No","","Intel Core i5","8","256.0"
"1908","Lenovo IdeaPad IP 5 Chrome 16IAU7 Intel Core i5-1235U/8GB/512GB SSD/16'' (PT)","laptop","Lenovo","137988.78","Type: New. Model: IdeaPad; Storage Type: SSD; GPU: Unknown; Screen: 16.0; Touch: No","","Intel Core i5","8","512.0"
"1909","Lenovo Legion 5 15ACH6-276 Ryzen 7 5800H/16GB/1TB SSD/RTX3060/15.6"" (PT)","laptop","Lenovo","168232.47","Type: New. Model: Legion; Storage Type: SSD; GPU: RTX 3060; Screen: 15.6; Touch: No","","AMD Ryzen 7","16","1000.0"
"1910","MSI Creator Pro M16 B13VI-1023ES Intel Core i7-13700H/16GB/1TB SSD/RTX A1000/16""","laptop","MSI","214416.06","Type: New. Model: Creator; Storage Type: SSD; GPU: RTX A1000; Screen: 16.0; Touch: No","","Intel Core i7","16","1000.0"
"1911","MSI Creator Pro M16 B13VI-1024XES Intel Core i7-13700H/16GB/1TB SSD/RTX A1000/16""","laptop","MSI","191918.72","Type: New. Model: Creator; Storage Type: SSD; GPU: RTX A1000; Screen: 16.0; Touch: No","","Intel Core i7","16","1000.0"
"1912","MSI Creator Pro M16 B13VK-1021ES Intel Core i7-13700H/32GB/1TB SSD/RTX 3000/16""","laptop","MSI","293161.6","Type: New. Model: Creator; Storage Type: SSD; GPU: RTX 3000; Screen: 16.0; Touch: No","","Intel Core i7","32","1000.0"
"1913","MSI Katana 17 B13VFK-087ES Intel Core i7-13620H/16GB/1TB SSD/RTX 4060/17.3""","laptop","MSI","216451.72","Type: New. Model: Katana; Storage Type: SSD; GPU: RTX 4060; Screen: 17.3; Touch: No","","Intel Core i7","16","1000.0"
"1914","ASUS ExpertBook B3 Flip B3402FEA-EC0765X Intel Core i5-1135G7/8GB/256GB SSD/14"" TÃ¡ctil","laptop","Asus","90846.92","Type: New. Model: ExpertBook; Storage Type: SSD; GPU: Unknown; Screen: 14.0; Touch: Yes","","Intel Core i5","8","256.0"
"1915","ASUS P1412CEA-EK1154X Intel Core i5-1135G7/16GB/512GB SSD/14""","laptop","Asus","70396.08","Type: New. Model: ExpertBook; Storage Type: SSD; GPU: Unknown; Screen: 14.0; Touch: No","","Intel Core i5","16","512.0"
"1916","Microsoft Surface Pro 9 Grafito Intel Evo Core i7-1255U/16GB/512GB SSD/13"" TÃ¡ctil","laptop","Microsoft","237024.92","Type: New. Model: Surface Pro; Storage Type: SSD; GPU: Unknown; Screen: 13.0; Touch: Yes","","Intel Evo Core i7","16","512.0"
"1917","Microsoft Surface Laptop Studio Intel Core i5-11300H/16GB/256GB SSD/14.4"" TÃ¡ctil Platino","laptop","Microsoft","183968.8","Type: New. Model: Surface Laptop; Storage Type: SSD; GPU: Unknown; Screen: 14.4; Touch: Yes","","Intel Core i5","16","256.0"
"1918","ASUS ExpertBook B1 B1502CBA-EJ0439 Intel Core i7-1255U/16GB/512GB SSD/15.6""","laptop","Asus","86624.0","Type: New. Model: ExpertBook; Storage Type: SSD; GPU: Unknown; Screen: 15.6; Touch: No","","Intel Core i7","16","512.0"
"1919","HP EliteBook 850 G4 i5-7300U/8GB/256GB SSD/15.6""","laptop","HP","73089.0","Type: Refurbished. Model: EliteBook; Storage Type: SSD; GPU: Unknown; Screen: 15.6; Touch: No","","Intel Core i5","8","256.0"
"1920","MSI Creator M16 A12UC-090XES Intel Core i7-12700H/16GB/1TB SSD/RTX 3050/16""","laptop","MSI","162311.72","Type: New. Model: Creator; Storage Type: SSD; GPU: RTX 3050; Screen: 16.0; Touch: No","","Intel Core i7","16","1000.0"
"1921","HP 15S-EQ2051NS AMD Ryzen 3 5300U/8GB/256GB SSD/15.6""","laptop","HP","46775.88","Type: New. Model: 15S; Storage Type: SSD; GPU: Unknown; Screen: 15.6; Touch: No","","AMD Ryzen 3","8","256.0"
"1922","HP ProBook 455 G10 AMD Ryzen 7 7730U/16GB/512GB SSD/15.6""","laptop","HP","97450.92","Type: New. Model: ProBook; Storage Type: SSD; GPU: Unknown; Screen: 15.6; Touch: No","","AMD Ryzen 7","16","512.0"
"1923","ASUS E510MA-EJ1188W Intel Celeron N4020/8GB/256GB SSD/15.6""","laptop","Asus","35731.32","Type: New. Model: E510; Storage Type: SSD; GPU: Unknown; Screen: 15.6; Touch: No","","Intel Celeron","8","256.0"
"1924","Alurin Go Intel Pentium N4200/8GB/256GB SSD/14.1""","laptop","Alurin","43203.72","Type: New. Model: Go; Storage Type: SSD; GPU: Unknown; Screen: 14.1; Touch: No","","Intel Pentium","8","256.0"
"1925","HP ProBook 450 G9 Intel Core i7-1255U/16GB/1TB SSD/15.6""","laptop","HP","142063.36","Type: New. Model: ProBook; Storage Type: SSD; GPU: Unknown; Screen: 15.6; Touch: No","","Intel Core i7","16","1000.0"
"1926","HP Victus 16-d1012np Intel Core i7-12700H/8GB/512GB SSD/RTX 3050Ti/16.1'' (PT)","laptop","HP","143959.34","Type: New. Model: Victus; Storage Type: SSD; GPU: RTX 3050; Screen: 16.1; Touch: No","","Intel Core i7","8","512.0"
"1927","Lenovo IdeaPad 3 15ITL6 Intel Core i5-1135G7/8 GB/512GBSSD/15.6""","laptop","Lenovo","64859.72","Type: New. Model: IdeaPad; Storage Type: SSD; GPU: Unknown; Screen: 15.6; Touch: No","","Intel Core i5","8","512.0"
"1928","Acer Extensa 15 EX215-54 Intel Core i5-1135G7/8GB/256GB SSD","laptop","Acer","56845.92","Type: New. Model: Extensa; Storage Type: SSD; GPU: Unknown; Screen: Unknown; Touch: No","","Intel Core i5","8","256.0"
"1929","MSI Modern 14 C12M-052ES Intel Core i7-1255U/16GB/1TB SSD/14""","laptop","MSI","124413.72","Type: New. Model: Modern; Storage Type: SSD; GPU: Unknown; Screen: 14.0; Touch: No","","Intel Core i7","16","1000.0"
"1930","Microsoft Surface Pro 6 Intel Core i5-8250U/8GB/256GB SSD/12.3"" TÃ¡ctil","laptop","Microsoft","146069.72","Type: Refurbished. Model: Surface Pro; Storage Type: SSD; GPU: Unknown; Screen: 12.3; Touch: Yes","","Intel Core i5","8","256.0"
"1931","MSI Creator Z16 HX Studio B13VGTO-032ES Intel Core i9-13950HX/64GB/1TB SSD/RTX 4070/16"" TÃ¡ctil","laptop","MSI","356134.0","Type: New. Model: Creator; Storage Type: SSD; GPU: RTX 4070; Screen: 16.0; Touch: Yes","","Intel Core i9","64","1000.0"
"1932","MSI Creator Z17 HX Studio A13VGT-041ES Intel Core i9-13950HX/64GB/2TB SSD/RTX 4070/17"" TÃ¡ctil","laptop","MSI","367609.52","Type: Refurbished. Model: Creator; Storage Type: SSD; GPU: RTX 4070; Screen: 17.0; Touch: Yes","","Intel Core i9","64","2000.0"
"1933","HP 250 G9 Intel Core i7-1255U/16GB/512GB SSD/15.6"" Gris","laptop","HP","85123.24","Type: New. Model: 250; Storage Type: SSD; GPU: Unknown; Screen: 15.6; Touch: No","","Intel Core i7","16","512.0"
"1934","ASUS Vivobook Pro 15 M6500QE AMD Ryzen 7-5800H/16GB/1TB SSD/RTX 3050Ti/15.6'' (PT)","laptop","Asus","162587.83","Type: New. Model: VivoBook; Storage Type: SSD; GPU: RTX 3050; Screen: 15.6; Touch: No","","AMD Ryzen 7","16","1000.0"
"1935","Apple MacBook Pro Apple M2 Pro 12 NÃºcleos/16GB/1TB SSD/16.2"" Gris Espacial","laptop","Apple","324732.8","Type: New. Model: MacBook Pro; Storage Type: SSD; GPU: Unknown; Screen: 16.2; Touch: No","","Apple M2 Pro","16","1000.0"
"1936","ASUS TUF GAMING A15 FA507NU-R77B46CS1 AMD Ryzen 7 7735HS/16GB/512GB SSD/RTX4060/15.6"" (PT)","laptop","Asus","162415.67","Type: New. Model: TUF; Storage Type: SSD; GPU: RTX 4060; Screen: 15.6; Touch: No","","AMD Ryzen 7","16","512.0"
"1937","Dell Latitude E5440 Intel Core i5-4310U/8GB/128GB SSD/14""","laptop","Dell","41038.12","Type: Refurbished. Model: Latitude; Storage Type: SSD; GPU: Unknown; Screen: 14.0; Touch: No","","Intel Core i5","8","128.0"
"1938","Lenovo ThinkPad T470 Intel Core i5-7300U/16GB/256GB SSD/14""","laptop","Lenovo","62261.0","Type: Refurbished. Model: ThinkPad; Storage Type: SSD; GPU: Unknown; Screen: 14.0; Touch: No","","Intel Core i5","16","256.0"
"1939","Samsung Galaxy Book3 Pro Intel Evo Core i7-1360P/16GB/512GB SSD/14""","laptop","Samsung","204540.92","Type: New. Model: Galaxy Book; Storage Type: SSD; GPU: Unknown; Screen: 14.0; Touch: No","","Intel Evo Core i7","16","512.0"
"1940","Lenovo Yoga Slim 7 Pro 14ARH7 AMD Ryzen 5 6600HS/8GB/512GB SSD/14""","laptop","Lenovo","106006.12","Type: New. Model: Yoga; Storage Type: SSD; GPU: Unknown; Screen: 14.0; Touch: No","","AMD Ryzen 5","8","512.0"
"1941","LG Gram 17Z90R-E.AD75B Intel Evo Core i7-1360P/32GB/512GB SSD/RTX 3050/17""","laptop","LG","259763.72","Type: New. Model: Gram; Storage Type: SSD; GPU: RTX 3050; Screen: 17.0; Touch: No","","Intel Evo Core i7","32","512.0"
"1942","HP EliteBook 840 G3 Intel Core i5-6200U/8GB/256GB SSD/14""","laptop","HP","22753.96","Type: Refurbished. Model: EliteBook; Storage Type: SSD; GPU: Unknown; Screen: 14.0; Touch: No","","Intel Core i5","8","256.0"
"1943","ASUS ROG Strix G16 G614JI-N4007 Intel Core i9-13980HX/32GB/1TB SSD/RTX 4070/16""","laptop","Asus","266261.6","Type: New. Model: ROG; Storage Type: SSD; GPU: RTX 4070; Screen: 16.0; Touch: No","","Intel Core i9","32","1000.0"
"1944","Lenovo V15 G2 ITL Intel Core i5-1135G7/8GB/512GB SSD/15.6"" Negro","laptop","Lenovo","55114.52","Type: New. Model: V15; Storage Type: SSD; GPU: Unknown; Screen: 15.6; Touch: No","","Intel Core i5","8","512.0"
"1945","Dynabook Toshiba Satellite Pro C50-J-12X Intel Core i3-1115G4/8GB/256GB SSD/15.6""","laptop","Dynabook Toshiba","73522.12","Type: New. Model: Satellite Pro; Storage Type: SSD; GPU: Unknown; Screen: 15.6; Touch: No","","Intel Core i3","8","256.0"
"1946","ASUS ROG Strix G17 G713PI-HX004 AMD Ryzen 9 7945HX/32GB/1TB SSD/RTX 4070/17.3""","laptop","Asus","270591.72","Type: Refurbished. Model: ROG; Storage Type: SSD; GPU: RTX 4070; Screen: 17.3; Touch: No","","AMD Ryzen 9","32","1000.0"
"1947","Gigabyte AORUS 15 9KF-E3ES383SD Intel Core i5-12500H/8GB/512GB SSD/RTX 4060/15.6""","laptop","Gigabyte","117684.12","Type: New. Model: Aorus; Storage Type: SSD; GPU: RTX 4060; Screen: 15.6; Touch: No","","Intel Core i5","8","512.0"
"1948","Medion Erazer Beast X40 Intel Core i9-13900HX/32GB/2TB SSD/RTX 4090/17""","laptop","Medion","411355.72","Type: New. Model: Beast; Storage Type: SSD; GPU: RTX 4090; Screen: 17.0; Touch: No","","Intel Core i9","32","2000.0"
"1949","MSI Prestige 16 A12UD-218ES Intel Core i7-1280P/32GB/1TB SSD/RTX 3050Ti/16""","laptop","MSI","208873.2","Type: New. Model: Prestige; Storage Type: SSD; GPU: RTX 3050; Screen: 16.0; Touch: No","","Intel Core i7","32","1000.0"
"1950","Lenovo Legion 5 15ACH6-990 AMD Ryzen 7 5800H/16GB/512GB SSD/RTX3070/15.6'' (PT)","laptop","Lenovo","127801.8","Type: Refurbished. Model: Legion; Storage Type: SSD; GPU: RTX 3070; Screen: 15.6; Touch: No","","AMD Ryzen 7","16","512.0"
"1951","Alurin Flex Advance Intel Core i5-1155G7/8GB/256GB SSD/14"" + Windows 11 Home","laptop","Alurin","58471.2","Type: New. Model: Flex Advance; Storage Type: SSD; GPU: Unknown; Screen: 14.0; Touch: No","","Intel Core i5","8","256.0"
"1952","HP OMEN 17-ck0013ns Intel Core i7-11800H/32GB/1TB SSD/RTX 3060/17.3""","laptop","HP","183968.8","Type: New. Model: Omen; Storage Type: SSD; GPU: RTX 3060; Screen: 17.3; Touch: No","","Intel Core i7","32","1000.0"
"1953","Alurin Flex Intel Core i3-10110U/8GB/256GB SSD/nOS/14""","laptop","Alurin","46549.57","Type: New. Model: Flex; Storage Type: SSD; GPU: Unknown; Screen: 14.0; Touch: No","","Intel Core i3","8","256.0"
"1954","Acer Aspire 3 A315-56-35X1 Intel Core i3-1005G1/8GB/256GB SSD/15.6""","laptop","Acer","41709.46","Type: New. Model: Aspire; Storage Type: SSD; GPU: Unknown; Screen: 15.6; Touch: No","","Intel Core i3","8","256.0"
"1955","Acer TravelMate P2 TMP215-53-58LP Intel Core i5-1135G7/8GB/256GB SSD/15.6""","laptop","Acer","78503.0","Type: New. Model: TravelMate; Storage Type: SSD; GPU: Unknown; Screen: 15.6; Touch: No","","Intel Core i5","8","256.0"
"1956","Acer Extensa 15 EX215-54-50GK Intel Core i5-1135G7/8GB/512GB SSD/15.6""","laptop","Acer","63776.92","Type: New. Model: Extensa; Storage Type: SSD; GPU: Unknown; Screen: 15.6; Touch: No","","Intel Core i5","8","512.0"
"1957","ASUS ExpertBook B1 B1502CBA-EJ0439W Intel Core i7-1255U/16GB/512GB SSD/15.6""","laptop","Asus","95826.72","Type: New. Model: ExpertBook; Storage Type: SSD; GPU: Unknown; Screen: 15.6; Touch: No","","Intel Core i7","16","512.0"
"1958","HP Chromebook x360 11 G3 Education Edition Intel Celeron N4020/4GB/32GB/11.6"" TÃ¡ctil","laptop","HP","30596.68","Type: New. Model: Chromebook; Storage Type: Unknown; GPU: Unknown; Screen: 11.6; Touch: Yes","","Intel Celeron","4","32.0"
"1959","LG Gram 14Z90R-G.AD78B Intel Evo Core i7-1360P/32GB/1TB SSD/14""","laptop","LG","216451.72","Type: New. Model: Gram; Storage Type: SSD; GPU: Unknown; Screen: 14.0; Touch: No","","Intel Evo Core i7","32","1000.0"
"1960","Acer Extensa 15 EX215-54-323B Intel Core i3-1115G4/8GB/256GB SSD/15.6""","laptop","Acer","46667.6","Type: New. Model: Extensa; Storage Type: SSD; GPU: Unknown; Screen: 15.6; Touch: No","","Intel Core i3","8","256.0"
"1961","LG Gram 16Z90R-E.AD75B Intel Evo Core i7-1360P/32GB/512GB SSD/RTX 3050/16""","laptop","LG","254349.72","Type: New. Model: Gram; Storage Type: SSD; GPU: RTX 3050; Screen: 16.0; Touch: No","","Intel Evo Core i7","32","512.0"
"1962","Microsoft Surface Laptop 5 Platino Intel Evo Core i7-1255U/8GB/256GB SSD/15"" TÃ¡ctil","laptop","Microsoft","165560.12","Type: New. Model: Surface Laptop; Storage Type: SSD; GPU: Unknown; Screen: 15.0; Touch: Yes","","Intel Evo Core i7","8","256.0"
"1963","HP EliteBook 840 G5 Intel Core i7-8550U/16GB/512GB SSD/14""","laptop","HP","63668.64","Type: Refurbished. Model: EliteBook; Storage Type: SSD; GPU: Unknown; Screen: 14.0; Touch: No","","Intel Core i7","16","512.0"
"1964","Dynabook Toshiba PortÃ©gÃ© X30L-K-108 Intel Core i7-1260P/16GB/512GB SSD/13.3""","laptop","Dynabook Toshiba","195446.48","Type: New. Model: PortÃ©gÃ©; Storage Type: SSD; GPU: Unknown; Screen: 13.3; Touch: No","","Intel Core i7","16","512.0"
"1965","Lenovo ThinkPad T440 Intel Core i5-4300U/8GB/256GB SSD/14""","laptop","Lenovo","43203.72","Type: Refurbished. Model: ThinkPad; Storage Type: SSD; GPU: Unknown; Screen: 14.0; Touch: No","","Intel Core i5","8","256.0"
"1966","Dynabook Toshiba Tecra A50-J-1F8 Intel Core i5-1135G7/8GB/256GB SSD/15.6""","laptop","Dynabook Toshiba","97344.8","Type: New. Model: Tecra; Storage Type: SSD; GPU: Unknown; Screen: 15.6; Touch: No","","Intel Core i5","8","256.0"
"1967","ASUS Zenbook 14 OLED UM3402YA-KM063W AMD Ryzen 5 5625U/16GB/512GB SSD/14""","laptop","Asus","92687.68","Type: New. Model: ZenBook; Storage Type: SSD; GPU: Unknown; Screen: 14.0; Touch: No","","AMD Ryzen 5","16","512.0"
"1968","Alurin Flex Intel Core i3-10110U/8GB/512GB SSD/14""","laptop","Alurin","57280.12","Type: New. Model: Flex; Storage Type: SSD; GPU: Unknown; Screen: 14.0; Touch: No","","Intel Core i3","8","512.0"
"1969","Apple MacBook Pro Apple M2 Pro 12 NÃºcleos/16GB/1TB SSD/14.2"" Plata","laptop","Apple","297661.72","Type: New. Model: MacBook Pro; Storage Type: SSD; GPU: Unknown; Screen: 14.2; Touch: No","","Apple M2 Pro","16","1000.0"
"1970","HP EliteBook 850 G5 i5-8250U/8GB/256GB SSD/15.6""","laptop","HP","97344.8","Type: Refurbished. Model: EliteBook; Storage Type: SSD; GPU: Unknown; Screen: 15.6; Touch: No","","Intel Core i5","8","256.0"
"1971","Apple MacBook Pro Apple M2 Pro 12 NÃºcleos/16GB/512GB SSD/16.2"" Plata","laptop","Apple","301992.92","Type: New. Model: MacBook Pro; Storage Type: SSD; GPU: Unknown; Screen: 16.2; Touch: No","","Apple M2 Pro","16","512.0"
"1972","Thomson Neo White Intel Celeron N4020/4GB/64GB eMMC/14.1""","laptop","Thomson","21769.69","Type: New. Model: Neo; Storage Type: eMMC; GPU: Unknown; Screen: 14.1; Touch: No","","Intel Celeron","4","64.0"
"1973","ASUS VivoBook F515EA-BQ3063 Intel Core i5-1135G7/8GB/512GB SSD/15.6""","laptop","Asus","54682.48","Type: New. Model: VivoBook; Storage Type: SSD; GPU: Unknown; Screen: 15.6; Touch: No","","Intel Core i5","8","512.0"
"1974","Alurin Flex Advance AMD Ryzen 5 5500U/16GB/500GB SSD/15.6""","laptop","Alurin","54031.72","Type: New. Model: Flex Advance; Storage Type: SSD; GPU: Unknown; Screen: 15.6; Touch: No","","AMD Ryzen 5","16","500.0"
"1975","ASUS VivoBook 15 F1500EA-EJ3100 Intel Core i3-1115G4/8GB/256GB SSD/15.6""","laptop","Asus","38439.4","Type: New. Model: VivoBook; Storage Type: SSD; GPU: Unknown; Screen: 15.6; Touch: No","","Intel Core i3","8","256.0"
"1976","ASUS Zenbook 14 OLED UM3402YA-KM094W AMD Ryzen 7 5825U/16GB/512GB SSD/14""","laptop","Asus","129827.72","Type: New. Model: ZenBook; Storage Type: SSD; GPU: Unknown; Screen: 14.0; Touch: No","","AMD Ryzen 7","16","512.0"
"1977","Acer ConceptD 3 Pro CN316-73P-79PD Intel Core i7-11800H/16GB/1TB SSD/T1200/16""","laptop","Acer","205623.72","Type: New. Model: ConceptD; Storage Type: SSD; GPU: T 1200; Screen: 16.0; Touch: No","","Intel Core i7","16","1000.0"
"1978","Lenovo V15 G2 ITL Intel Core i7-1165G7/16GB/512GB SSD/15.6""","laptop","Lenovo","104923.32","Type: New. Model: V15; Storage Type: SSD; GPU: Unknown; Screen: 15.6; Touch: No","","Intel Core i7","16","512.0"
"1979","Lenovo ThinkPad T15p Gen 2 Intel Core i7-11800H/16GB/512GB SSD/GTX 1650/15.6""","laptop","Lenovo","220782.92","Type: New. Model: ThinkPad; Storage Type: SSD; GPU: GTX 1650; Screen: 15.6; Touch: No","","Intel Core i7","16","512.0"
"1980","ASUS ExpertBook P1512CEA-EJ0084X Intel Core i7-1165G7/16GB/512GB SSD/15.6""","laptop","Asus","93120.8","Type: New. Model: ExpertBook; Storage Type: SSD; GPU: Unknown; Screen: 15.6; Touch: No","","Intel Core i7","16","512.0"
"1981","Lenovo ThinkPad L14 Gen 2 Intel Core i5-1145G7/16 GB/256GB SSD/14""","laptop","Lenovo","94095.32","Type: New. Model: ThinkPad; Storage Type: SSD; GPU: Unknown; Screen: 14.0; Touch: No","","Intel Core i5","16","256.0"
"1982","Acer Predator Helios 300 PH317-55-77GT Intel Core i7-11800H/32GB/1TB SSD/RTX3070/17.3""","laptop","Acer","153453.33","Type: Refurbished. Model: Predator; Storage Type: SSD; GPU: RTX 3070; Screen: 17.3; Touch: No","","Intel Core i7","32","1000.0"
"1983","MSI Modern 14 C5M-023XES AMD Ryzen 5 5625U/8GB/512GB SSD/14""","laptop","MSI","71404.16","Type: Refurbished. Model: Modern; Storage Type: SSD; GPU: Unknown; Screen: 14.0; Touch: No","","AMD Ryzen 5","8","512.0"
"1984","HP 15S-EQ1134NS AMD 3020e/8GB/256GB SSD/15.6""","laptop","HP","32593.36","Type: New. Model: 15S; Storage Type: SSD; GPU: Unknown; Screen: 15.6; Touch: No","","AMD 3020e","8","256.0"
"1985","HP Pavilion Aero 13-be1006ns AMD Ryzen 7 5825U/16GB/512GB SSD/13.3""","laptop","HP","71864.35","Type: Refurbished. Model: Pavilion; Storage Type: SSD; GPU: Unknown; Screen: 13.3; Touch: No","","AMD Ryzen 7","16","512.0"
"1986","Dynabook Toshiba Tecra A50-K-14S Intel Core i7-1260P/16GB/512GB SSD/15.6""","laptop","Dynabook Toshiba","177254.36","Type: New. Model: Tecra; Storage Type: SSD; GPU: Unknown; Screen: 15.6; Touch: No","","Intel Core i7","16","512.0"
"1987","Apple MacBook Pro Apple M2 Max/32GB/1TB SSD/14.2"" Plata","laptop","Apple","368043.72","Type: New. Model: MacBook Pro; Storage Type: SSD; GPU: Unknown; Screen: 14.2; Touch: No","","Apple M2","32","1000.0"
"1988","ASUS ExpertBook B1 B1402CBA-EB0862 Intel Core i7-1255U/16GB/512GB SSD/14""","laptop","Asus","86624.0","Type: New. Model: ExpertBook; Storage Type: SSD; GPU: Unknown; Screen: 14.0; Touch: No","","Intel Core i7","16","512.0"
"1989","Apple Macbook Pro Intel CoreÂ i7/16GB/512GB SSD/RadeonÂ Pro 5300M/16"" Gris Espacial","laptop","Apple","118424.75","Type: Refurbished. Model: MacBook Pro; Storage Type: SSD; GPU: Radeon Pro 5300M; Screen: 16.0; Touch: No","","Intel Core i7","16","512.0"
"1990","Lenovo V15 IGL Intel Celeron N4020/4GB/128GB SSD/15.6""","laptop","Lenovo","30210.12","Type: New. Model: V15; Storage Type: SSD; GPU: Unknown; Screen: 15.6; Touch: No","","Intel Celeron","4","128.0"
"1991","ASUS TUF Dash F15 FX517ZE Intel Core i7-12650H/16GB/512GB SSD/RTX 3050Ti/15.6'' (PT)","laptop","Asus","160430.9","Type: New. Model: TUF; Storage Type: SSD; GPU: RTX 3050; Screen: 15.6; Touch: No","","Intel Core i7","16","512.0"
"1992","Dell Latitude 3520 Intel Core i5-1135G7/8 GB/256GB SSD/15.6""","laptop","Dell","95178.12","Type: New. Model: Latitude; Storage Type: SSD; GPU: Unknown; Screen: 15.6; Touch: No","","Intel Core i5","8","256.0"
"1993","LG Ultra 16U70Q AMD Ryzen 5 5625U/8GB/512GB SSD/16""","laptop","LG","104923.32","Type: New. Model: Ultra; Storage Type: SSD; GPU: Unknown; Screen: 16.0; Touch: No","","AMD Ryzen 5","8","512.0"
"1994","Lenovo Yoga Slim 7 Pro 14IAP7 Intel Evo Core i5-1240P/8GB/512GB SSD/14""","laptop","Lenovo","106006.12","Type: New. Model: Yoga; Storage Type: SSD; GPU: Unknown; Screen: 14.0; Touch: No","","Intel Evo Core i5","8","512.0"
"1995","MSI Katana GF66 11UC-045XES Intel Core i7-11800H/16 GB/1TB SSD/RTX3050/15.6""","laptop","MSI","129827.72","Type: New. Model: Katana; Storage Type: SSD; GPU: RTX 3050; Screen: 15.6; Touch: No","","Intel Core i7","16","1000.0"
"1996","Medion Erazer Beast X40 Intel Core i9-13900HX/32GB/1TB SSD/RTX 4080/17""","laptop","Medion","346388.8","Type: New. Model: Beast; Storage Type: SSD; GPU: RTX 4080; Screen: 17.0; Touch: No","","Intel Core i9","32","1000.0"
"1997","Medion Erazer Major X10 Intel Core i7-12700H/16GB/1TB SSD/Intel Arc A730M/16""","laptop","Medion","183967.72","Type: New. Model: Erazer; Storage Type: SSD; GPU: A 730M; Screen: 16.0; Touch: No","","Intel Core i7","16","1000.0"
"1998","Razer Blade 17 FullHD 360Hz Intel Core i7-12800H/16GB/1TB SSD/RTX 3070Ti/17.3""","laptop","Razer","378980.0","Type: New. Model: Blade; Storage Type: SSD; GPU: RTX 3070; Screen: 17.3; Touch: No","","Intel Core i7","16","1000.0"
"1999","ASUS ROG Zephyrus G14 2023 GA402XY-NC019W AMD Ryzen 9 7940HS/32GB/1TB SSD/RTX 4090/14""","laptop","Asus","497979.72","Type: New. Model: ROG; Storage Type: SSD; GPU: RTX 4090; Screen: 14.0; Touch: No","","AMD Ryzen 9","32","1000.0"
"2000","Apple Macbook Air 2023 Apple M2/8GB/512GB SSD/GPU Deca Core/15.3"" Blanco Estrella","laptop","Apple","198044.12","Type: New. Model: MacBook Air; Storage Type: SSD; GPU: Unknown; Screen: 15.3; Touch: No","","Apple M2","8","512.0"
"2001","Apple Macbook Air 2023 Apple M2/8GB/512GB SSD/GPU Deca Core/15.3"" Plata","laptop","Apple","198044.12","Type: New. Model: MacBook Air; Storage Type: SSD; GPU: Unknown; Screen: 15.3; Touch: No","","Apple M2","8","512.0"
"2002","Microsoft Surface Laptop Studio Intel Core i5-11300H/16GB/512GB SSD/14.4"" TÃ¡ctil Platino","laptop","Microsoft","205623.72","Type: New. Model: Surface Laptop; Storage Type: SSD; GPU: Unknown; Screen: 14.4; Touch: Yes","","Intel Core i5","16","512.0"
"2003","Razer Blade 15 Advanced Model QHD Intel Core i7-12800H/32 GB/1TB SSD/RTX 3080Ti/15.6""","laptop","Razer","443839.72","Type: New. Model: Blade; Storage Type: SSD; GPU: RTX 3080; Screen: 15.6; Touch: No","","Intel Core i7","32","1000.0"
"2004","Razer Blade 17 4K 144Hz Intel Core i9-12900H/32GB/1TB SSD/RTX 3070Ti/17.3""","laptop","Razer","487258.92","Type: New. Model: Blade; Storage Type: SSD; GPU: RTX 3070; Screen: 17.3; Touch: No","","Intel Core i9","32","1000.0"
"2005","Razer Blade 17 QHD 240Hz Intel Core i9-12900H/16GB/1TB SSD/RTX 3070Ti/17.3""","laptop","Razer","422290.92","Type: New. Model: Blade; Storage Type: SSD; GPU: RTX 3070; Screen: 17.3; Touch: No","","Intel Core i9","16","1000.0"
"2006","Samsung Galaxy Book3 Ultra Intel Evo Core i7-13700H/16GB/1TB SSD/RTX 4050/16""","laptop","Samsung","324732.8","Type: New. Model: Galaxy Book; Storage Type: SSD; GPU: RTX 4050; Screen: 16.0; Touch: No","","Intel Evo Core i7","16","1000.0"
"2007","Dell Latitude E7470  Intel Core i5-6200U/16GB/256GB SSD/14""","laptop","Dell","54031.72","Type: Refurbished. Model: Latitude; Storage Type: SSD; GPU: Unknown; Screen: 14.0; Touch: No","","Intel Core i5","16","256.0"
"2008","Razer Blade 14 165Hz AMD Ryzen 9 6900HX/16GB/1TB SSD/RTX 3070Ti/14""","laptop","Razer","314010.92","Type: Refurbished. Model: Blade; Storage Type: SSD; GPU: RTX 3070; Screen: 14.0; Touch: No","","AMD Ryzen 9","16","1000.0"
"2009","Lenovo IdeaPad Flex 5 13ITL6 Chromebook 13ITL6 Intel Core i3-1115G4/8GB/256GB SSD/13.3"" TÃ¡ctil","laptop","Lenovo","75687.72","Type: New. Model: IdeaPad; Storage Type: SSD; GPU: Unknown; Screen: 13.3; Touch: Yes","","Intel Core i3","8","256.0"
"2010","ASUS VivoBook 15 F1502ZA-EJ1112W Intel Core i7-1255U/16GB/512GB SSD/15.6""","laptop","Asus","81751.4","Type: New. Model: VivoBook; Storage Type: SSD; GPU: Unknown; Screen: 15.6; Touch: No","","Intel Core i7","16","512.0"
"2011","ASUS ExpertBook B1 B1500CEAE-EJ3404W Intel Core i5-1135G7/8GB/1TB SSD/15.6""","laptop","Asus","85432.92","Type: New. Model: ExpertBook; Storage Type: SSD; GPU: Unknown; Screen: 15.6; Touch: No","","Intel Core i5","8","1000.0"
"2012","Lenovo 300e Intel Celeron N4120/4GB/128GB SSD/11.6"" TÃ¡ctil","laptop","Lenovo","48834.28","Type: New. Model: Chromebook; Storage Type: SSD; GPU: Unknown; Screen: 11.6; Touch: Yes","","Intel Celeron","4","128.0"
"2013","HP 250 G9 Intel Core i5-1235U/8GB/512GB SSD/15.6""","laptop","HP","61718.52","Type: New. Model: 250; Storage Type: SSD; GPU: Unknown; Screen: 15.6; Touch: No","","Intel Core i5","8","512.0"
"2014","ASUS VivoBook 14 F1402ZA-EK645 Intel Core i7-1255U/16GB/512GB SSD/14""","laptop","Asus","85432.92","Type: New. Model: VivoBook; Storage Type: SSD; GPU: Unknown; Screen: 14.0; Touch: No","","Intel Core i7","16","512.0"
"2015","ASUS TUF Gaming F15 TUF507ZC4-HN040 Intel Core i7-12700H/16GB/512GB SSD/RTX 3050/15.6""","laptop","Asus","98533.72","Type: New. Model: TUF; Storage Type: SSD; GPU: RTX 3050; Screen: 15.6; Touch: No","","Intel Core i7","16","512.0"
"2016","Denver Electronics NBD-14105SSDES Intel Celeron N4020/4GB/64GB+256GB SSD/14""","laptop","Denver","35726.99","Type: New. Model: Electronics; Storage Type: SSD; GPU: Unknown; Screen: 14.0; Touch: No","","Intel Celeron","4","256.0"
"2017","HP 15S-FQ5044NS Intel Core i7-1255U/8GB/512GB SSD/15.6""","laptop","HP","79045.48","Type: New. Model: 15S; Storage Type: SSD; GPU: Unknown; Screen: 15.6; Touch: No","","Intel Core i7","8","512.0"
"2018","Microsoft Surface Pro 9 Platino Intel Evo Core i7-1255U/16GB/1TB SSD/13"" TÃ¡ctil","laptop","Microsoft","273840.12","Type: New. Model: Surface Pro; Storage Type: SSD; GPU: Unknown; Screen: 13.0; Touch: Yes","","Intel Evo Core i7","16","1000.0"
"2019","ASUS ROG FLOW Z13  GZ301VU-93D45PB1 Intel Core i9-13900H/16GB/1TB SSD/RTX4050/13.4"" TÃ¡til (PT)","laptop","Asus","262107.98","Type: New. Model: ROG; Storage Type: SSD; GPU: Unknown; Screen: 13.4; Touch: Yes","","Intel Core i9","16","1000.0"
"2020","Samsung Galaxy Book3 Ultra Intel Evo Core i9-13900H/32GB/1TB SSD/RTX 4070/16""","laptop","Samsung","400528.8","Type: New. Model: Galaxy Book; Storage Type: SSD; GPU: RTX 4070; Screen: 16.0; Touch: No","","Intel Evo Core i9","32","1000.0"
"2021","Lenovo ThinkPad L13 Gen 3 Intel Core i7-1255U/16GB/512GB SSD/13.3""","laptop","Lenovo","144398.96","Type: New. Model: ThinkPad; Storage Type: SSD; GPU: Unknown; Screen: 13.3; Touch: No","","Intel Core i7","16","512.0"
"2022","HP 15S-FQ4073NS Intel Core i5-1155G7/8GB/1TB SSD/15.6""","laptop","HP","81101.72","Type: New. Model: 15S; Storage Type: SSD; GPU: Unknown; Screen: 15.6; Touch: No","","Intel Core i5","8","1000.0"
"2023","Dynabook Toshiba Satellite Pro C50-G-10E Intel Core i5-10210U/8GB/512GB SSD/15.6""","laptop","Dynabook Toshiba","80018.92","Type: New. Model: Satellite Pro; Storage Type: SSD; GPU: Unknown; Screen: 15.6; Touch: No","","Intel Core i5","8","512.0"
"2024","HP ProBook 450 G9 Intel Core i5-1235U/16GB/512GB SSD/15.6""","laptop","HP","112719.48","Type: New. Model: ProBook; Storage Type: SSD; GPU: Unknown; Screen: 15.6; Touch: No","","Intel Core i5","16","512.0"
"2025","Lenovo ThinkPad T490s Intel Core i5-8265U/8GB/256GB SSD/14""","laptop","Lenovo","86515.72","Type: Refurbished. Model: ThinkPad; Storage Type: SSD; GPU: Unknown; Screen: 14.0; Touch: No","","Intel Core i5","8","256.0"
"2026","LG Gram 15Z90R-G.AA75B Intel Evo Core i7-1360P/16GB/512GB SSD/15""","laptop","LG","183967.72","Type: New. Model: Gram; Storage Type: SSD; GPU: Unknown; Screen: 15.0; Touch: No","","Intel Evo Core i7","16","512.0"
"2027","ASUS VivoBook 15 F1500EA-EJ3107 Intel Core i5-1135G7/8GB/256GB SSD/15.6""","laptop","Asus","49184.02","Type: New. Model: VivoBook; Storage Type: SSD; GPU: Unknown; Screen: 15.6; Touch: No","","Intel Core i5","8","256.0"
"2028","Microsoft Surface Pro 7+ Intel Core i5-1135G7/8GB/256GB SSD/12.3"" TÃ¡ctil Platino","laptop","Microsoft","123781.36","Type: New. Model: Surface Pro; Storage Type: SSD; GPU: Unknown; Screen: 12.3; Touch: Yes","","Intel Core i5","8","256.0"
"2029","Apple MacBook Pro Apple M2 Pro 12 NÃºcleos/32GB/1TB SSD/14.2"" Gris Espacial","laptop","Apple","355050.12","Type: New. Model: MacBook Pro; Storage Type: SSD; GPU: Unknown; Screen: 14.2; Touch: No","","Apple M2 Pro","32","1000.0"
"2030","ASUS VivoBook 15 F1500EA-EJ3167W Intel Core i5-1135G7/8GB/512GB SSD/15.6""","laptop","Asus","54356.56","Type: New. Model: VivoBook; Storage Type: SSD; GPU: Unknown; Screen: 15.6; Touch: No","","Intel Core i5","8","512.0"
"2031","HP 15S-FQ2161NS Intel Core i3-1115G4/8GB/256GB SSD/15.6""","laptop","HP","45138.68","Type: New. Model: 15S; Storage Type: SSD; GPU: Unknown; Screen: 15.6; Touch: No","","Intel Core i3","8","256.0"
"2032","HP Chromebook 11 G9 Intel Celeron N4500/4GB/32GB/11.6""","laptop","HP","24919.56","Type: New. Model: Chromebook; Storage Type: Unknown; GPU: Unknown; Screen: 11.6; Touch: No","","Intel Celeron","4","32.0"
"2033","Acer Extensa 15 EX215-22 AMD Ryzen 5 3500U/8GB/512GB SSD/15.6""","laptop","Acer","41039.2","Type: New. Model: Extensa; Storage Type: SSD; GPU: Unknown; Screen: 15.6; Touch: No","","AMD Ryzen 5","8","512.0"
"2034","Microsoft Surface Laptop Studio Intel Core i7-11370H/16GB/512GB SSD/RTX 3050Ti/14.4"" TÃ¡ctil Platino","laptop","Microsoft","238108.8","Type: New. Model: Surface Laptop; Storage Type: SSD; GPU: RTX 3050; Screen: 14.4; Touch: Yes","","Intel Core i7","16","512.0"
"2035","Alurin Flex Advance Intel Core i5-1155G7/8GB/256GB/15.6"" + Windows 11 Home","laptop","Alurin","59445.72","Type: New. Model: Flex Advance; Storage Type: Unknown; GPU: Unknown; Screen: 15.6; Touch: No","","Intel Core i5","8","256.0"
"2036","Medion Erazer Beast X30 Intel Core i7-12700H/32GB/1TB SSD/RTX 3070 Ti/17.3""","laptop","Medion","281419.72","Type: New. Model: Beast; Storage Type: SSD; GPU: RTX 3070; Screen: 17.3; Touch: No","","Intel Core i7","32","1000.0"
"2037","Acer Aspire Vero Green Intel Core i7-1195G7/8GB/512GB SSD/15.6""+ RatÃ³n InalÃ¡mbrico 1200 DPI Gris + Funda Protectora","laptop","Acer","135242.8","Type: New. Model: Aspire; Storage Type: SSD; GPU: Unknown; Screen: 15.6; Touch: No","","Intel Core i7","8","512.0"
"2038","MSI Modern 14 C12M-078XES Intel Core i5-1235U/8GB/512GB SSD/14""","laptop","MSI","86515.72","Type: New. Model: Modern; Storage Type: SSD; GPU: Unknown; Screen: 14.0; Touch: No","","Intel Core i5","8","512.0"
"2039","Thomson Neo Intel Core i5-8259U/8GB/512GB SSD/15.6""","laptop","Thomson","43203.72","Type: New. Model: Neo; Storage Type: SSD; GPU: Unknown; Screen: 15.6; Touch: No","","Intel Core i5","8","512.0"
"2040","Alurin Flex Advance Intel Core i5-1155G7/16GB/500GB SSD/15.6""","laptop","Alurin","58364.0","Type: New. Model: Flex Advance; Storage Type: SSD; GPU: Unknown; Screen: 15.6; Touch: No","","Intel Core i5","16","500.0"
"2041","Lenovo ThinkBook 15 G2 ITL Intel Core i7-1165G7/16GB/512GB SSD/15.6"" Gris","laptop","Lenovo","129827.72","Type: New. Model: ThinkBook; Storage Type: SSD; GPU: Unknown; Screen: 15.6; Touch: No","","Intel Core i7","16","512.0"
"2042","ASUS F515EA-EJ3048W Intel Core i5-1135G7/8GB/512GB SSD/15.6""","laptop","Asus","65943.6","Type: New. Model: F515; Storage Type: SSD; GPU: Unknown; Screen: 15.6; Touch: No","","Intel Core i5","8","512.0"
"2043","ASUS VivoBook F1500EA-EJ2535W Intel Core i3-1115G4/8GB/512GB SSD/15.6""","laptop","Asus","48715.17","Type: New. Model: VivoBook; Storage Type: SSD; GPU: Unknown; Screen: 15.6; Touch: No","","Intel Core i3","8","512.0"
"2044","Acer Aspire 3 A315-56-566L Intel Core i5-1035G1/8GB/256GB SSD/15.6""","laptop","Acer","57280.12","Type: New. Model: Aspire; Storage Type: SSD; GPU: Unknown; Screen: 15.6; Touch: No","","Intel Core i5","8","256.0"
"2045","HP 255 G9 AMD Ryzen 3 5425U/8GB/512GB SSD/15.6""","laptop","HP","53634.33","Type: New. Model: 255; Storage Type: SSD; GPU: Unknown; Screen: 15.6; Touch: No","","AMD Ryzen 3","8","512.0"
"2046","Apple MacBook Pro Apple M2 Pro 12 NÃºcleos/32GB/512GB SSD/16.2"" Gris Espacial","laptop","Apple","355050.12","Type: New. Model: MacBook Pro; Storage Type: SSD; GPU: Unknown; Screen: 16.2; Touch: No","","Apple M2 Pro","32","512.0"
"2047","HP 250 G9 Intel Core i5-1235U/16 GB/512GB SSD/15.6""","laptop","HP","95343.79","Type: New. Model: 250; Storage Type: SSD; GPU: Unknown; Screen: 15.6; Touch: No","","Intel Core i5","16","512.0"
"2048","Acer Extensa 15 EX215-54-57ZW Intel Core i5-1135G7/16GB/512GB SSD/15.6""","laptop","Acer","72620.15","Type: New. Model: Extensa; Storage Type: SSD; GPU: Unknown; Screen: 15.6; Touch: No","","Intel Core i5","16","512.0"
"2049","HP 14S-FQ0004NS AMD Athlon Silver 3050U/8GB/512GB SSD/14""","laptop","HP","45910.72","Type: New. Model: 14S; Storage Type: SSD; GPU: Unknown; Screen: 14.0; Touch: No","","AMD Athlon","8","512.0"
"2050","PcCom Revolt 3050 Intel Core i5-13500H/16GB/500GB SSD/RTX 3050/15.6"" + Windows 11 Home","laptop","PcCom","144001.57","Type: New. Model: Revolt; Storage Type: SSD; GPU: RTX 3050; Screen: 15.6; Touch: No","","Intel Core i5","16","500.0"
"2051","PcCom Revolt 3050 Intel Core i7-13700H/16GB/500GB/RTX 3050/15.6"" + Windows 11 Home","laptop","PcCom","160243.57","Type: New. Model: Revolt; Storage Type: Unknown; GPU: RTX 3050; Screen: 15.6; Touch: No","","Intel Core i7","16","500.0"
"2052","PcCom Revolt 4050 Intel Core i5-13500H/16GB/500GB SSD/RTX 4050/15.6Â","laptop","PcCom","146167.17","Type: New. Model: Revolt; Storage Type: SSD; GPU: RTX 4050; Screen: 15.6; Touch: No","","Intel Core i5","16","500.0"
"2053","PcCom Revolt 4050 Intel Core i5-13500H/16GB/500GB SSD/RTX 4050/15.6â + Windows 11 Home","laptop","PcCom","160243.57","Type: New. Model: Revolt; Storage Type: SSD; GPU: RTX 4050; Screen: 15.6; Touch: No","","Intel Core i5","16","500.0"
"2054","PcCom Revolt 4060 Intel Core i5-13500H/16GB/500GB SSD/RTX 4060/15.6â + Windows 11 Home","laptop","PcCom","181899.57","Type: New. Model: Revolt; Storage Type: SSD; GPU: RTX 4060; Screen: 15.6; Touch: No","","Intel Core i5","16","500.0"
"2055","PcCom Revolt 4060 Intel Core i7-13700H/16GB/500GB SSD/RTX 4060/15.6Â","laptop","PcCom","184065.17","Type: New. Model: Revolt; Storage Type: SSD; GPU: RTX 4060; Screen: 15.6; Touch: No","","Intel Core i7","16","500.0"
"2056","Microsoft Surface Laptop 5 Negro Intel Evo Core i7-1255U/16GB/512GB SSD/15"" TÃ¡ctil","laptop","Microsoft","225114.12","Type: New. Model: Surface Laptop; Storage Type: SSD; GPU: Unknown; Screen: 15.0; Touch: Yes","","Intel Evo Core i7","16","512.0"
"2057","Alurin Flex Advance Intel Core i5-1155G7/16GB/500GB SSD/15.6"" + Windows 11 Home","laptop","Alurin","69190.92","Type: New. Model: Flex Advance; Storage Type: SSD; GPU: Unknown; Screen: 15.6; Touch: No","","Intel Core i5","16","500.0"
"2058","ASUS VivoBook Flip 14 TP401MA-EC444WS Intel Celeron N4020/4GB/128GB EMMC/14"" TÃ¡ctil","laptop","Asus","37356.6","Type: New. Model: VivoBook; Storage Type: eMMC; GPU: Unknown; Screen: 14.0; Touch: Yes","","Intel Celeron","4","128.0"
"2059","Lenovo V15 Intel Core i5-1135G7/8GB/256GB SSD/15.6""","laptop","Lenovo","77853.32","Type: New. Model: V15; Storage Type: SSD; GPU: Unknown; Screen: 15.6; Touch: No","","Intel Core i5","8","256.0"
"2060","Samsung Galaxy Book3 360 Intel Evo Core i7-1360P/16GB/512GB SSD/15.6"" TÃ¡ctil","laptop","Samsung","200790.1","Type: New. Model: Galaxy Book; Storage Type: SSD; GPU: Unknown; Screen: 15.6; Touch: Yes","","Intel Evo Core i7","16","512.0"
"2061","ASUS VivoBook 15 F1500EA-EJ3149W Intel Core i7-1165G7/8GB/512GB SSD/15.6""","laptop","Asus","68004.17","Type: New. Model: VivoBook; Storage Type: SSD; GPU: Unknown; Screen: 15.6; Touch: No","","Intel Core i7","8","512.0"
"2062","HP ProBook 455 G10 AMD Ryzen 7 7730U/32GB/1TB SSD/15.6""","laptop","HP","108171.72","Type: New. Model: ProBook; Storage Type: SSD; GPU: Unknown; Screen: 15.6; Touch: No","","AMD Ryzen 7","32","1000.0"
"2063","LG Gram 17 16Z90P Intel Core i7-1165G7/16GB/512GB SSD/17""","laptop","LG","201293.6","Type: New. Model: Gram; Storage Type: SSD; GPU: Unknown; Screen: 17.0; Touch: No","","Intel Core i7","16","512.0"
"2064","PcCom Revolt 4060 Intel Core i7-13700H/16GB/500GB SSD/RTX 4060/15.6Â + Windows 11 Home","laptop","PcCom","200307.17","Type: New. Model: Revolt; Storage Type: SSD; GPU: RTX 4060; Screen: 15.6; Touch: No","","Intel Core i7","16","500.0"
"2065","Medion Classmate Pro E14409 MD62389 Intel Core i3-1005G1/8GB/256GB SSD/14""","laptop","Medion","46452.12","Type: New. Model: Classmate Pro; Storage Type: SSD; GPU: Unknown; Screen: 14.0; Touch: No","","Intel Core i3","8","256.0"
"2066","LG Gram 14T90Q-G.AA78B Intel Evo Core i7-12800HE/16GB/1TB SSD/14"" TÃ¡ctil","laptop","LG","205624.8","Type: New. Model: Gram; Storage Type: SSD; GPU: Unknown; Screen: 14.0; Touch: Yes","","Intel Evo Core i7","16","1000.0"
"2067","Lenovo Legion Pro 7 16IRX8H Intel Core i9-13900HX/32GB/1TB SSD/RTX 4090/16""","laptop","Lenovo","454667.72","Type: New. Model: Legion; Storage Type: SSD; GPU: RTX 4090; Screen: 16.0; Touch: No","","Intel Core i9","32","1000.0"
"2068","Lenovo V15 G3 IAP Intel Core i3-1215U/8GB/512GB SSD/15.6""","laptop","Lenovo","50350.2","Type: New. Model: V15; Storage Type: SSD; GPU: Unknown; Screen: 15.6; Touch: No","","Intel Core i3","8","512.0"
"2069","PcCom Revolt 4060 Intel Core i5-13500H/16GB/500GB SSD/RTX 4060/15.6â","laptop","PcCom","167823.17","Type: New. Model: Revolt; Storage Type: SSD; GPU: RTX 4060; Screen: 15.6; Touch: No","","Intel Core i5","16","500.0"
"2070","HP 15S-EQ1163NS AMD 3020e/8GB/256GB SSD/15.6""","laptop","HP","39630.48","Type: New. Model: 15S; Storage Type: SSD; GPU: Unknown; Screen: 15.6; Touch: No","","AMD 3020e","8","256.0"
"2071","Acer Aspire 3 A315-34 Intel Celeron N4020/8GB/256GB SSD/15.6""","laptop","Acer","38873.6","Type: New. Model: Aspire; Storage Type: SSD; GPU: Unknown; Screen: 15.6; Touch: No","","Intel Celeron","8","256.0"
"2072","Dell Vostro 3420 Intel Core i5-1135G7/8 GB/512GB SSD/14""","laptop","Dell","80452.04","Type: New. Model: Vostro; Storage Type: SSD; GPU: Unknown; Screen: 14.0; Touch: No","","Intel Core i5","8","512.0"
"2073","HP 15S-FQ3008NS Intel Celeron N4500/8GB/256GB SSD/15.6""","laptop","HP","35023.17","Type: New. Model: 15S; Storage Type: SSD; GPU: Unknown; Screen: 15.6; Touch: No","","Intel Celeron","8","256.0"
"2074","MSI Prestige 15 A10SC-007ES Intel Core i7-10710U/32GB/1TB SSD/GTX 1650/15.6""","laptop","MSI","216451.72","Type: New. Model: Prestige; Storage Type: SSD; GPU: GTX 1650; Screen: 15.6; Touch: No","","Intel Core i7","32","1000.0"
"2075","PcCom Revolt 3050 Intel Core i7-13700H/16GB/1TB SSD/RTX 3050/15.6â","laptop","PcCom","156995.17","Type: New. Model: Revolt; Storage Type: SSD; GPU: RTX 3050; Screen: 15.6; Touch: No","","Intel Core i7","16","1000.0"
"2076","Lenovo ThinkPad E15 Gen 4 Intel Core i7-1255U/16GB/512GB SSD/MX550/15.6""","laptop","Lenovo","152153.97","Type: New. Model: ThinkPad; Storage Type: SSD; GPU: MX 550; Screen: 15.6; Touch: No","","Intel Core i7","16","512.0"
"2077","ASUS F1500EA-EJ2369W Intel Core i7-1165G7/8GB/512GB SSD/15.6""","laptop","Asus","91929.72","Type: New. Model: VivoBook; Storage Type: SSD; GPU: Unknown; Screen: 15.6; Touch: No","","Intel Core i7","8","512.0"
"2078","ASUS ROG Strix SCAR 17 SE G733CX-LL045W Intel Core i9-12950HX/64GB/1TB+1TB SSD/RTX 3080Ti/17.3""","laptop","Asus","465496.8","Type: New. Model: ROG; Storage Type: SSD; GPU: RTX 3080; Screen: 17.3; Touch: No","","Intel Core i9","64","1000.0"
"2079","MSI Prestige 13 Evo A12M-010ES Intel Core i7-1280P/16GB/512GB SSD/13.3""","laptop","MSI","93936.15","Type: Refurbished. Model: Prestige; Storage Type: SSD; GPU: Unknown; Screen: 13.3; Touch: No","","Intel Core i7","16","512.0"
"2080","Microsoft Surface Laptop 4 Platino AMD Ryzen 5 4680U/8 GB/256 GB SSD/13.5"" TÃ¡ctil","laptop","Microsoft","122248.12","Type: New. Model: Surface Laptop; Storage Type: SSD; GPU: Unknown; Screen: 13.5; Touch: Yes","","AMD Ryzen 5","8","256.0"
"2081","HP 17-CN0018NS Intel Celeron N4120/4GB/128GB SSD/17.3""","laptop","HP","42337.48","Type: New. Model: 17; Storage Type: SSD; GPU: Unknown; Screen: 17.3; Touch: No","","Intel Celeron","4","128.0"
"2082","Acer Aspire 5 A515-45-R35H AMD Ryzen 7 5700U/8GB/512GB SSD/15.6""","laptop","Acer","87599.6","Type: New. Model: Aspire; Storage Type: SSD; GPU: Unknown; Screen: 15.6; Touch: No","","AMD Ryzen 7","8","512.0"
"2083","Acer ConceptD 3 Pro CN316-73P-77Y4 Intel Core i7-11800H/16 GB/1TB SSD/T1200/16""","laptop","Acer","159345.93","Type: New. Model: ConceptD; Storage Type: SSD; GPU: T 1200; Screen: 16.0; Touch: No","","Intel Core i7","16","1000.0"
"2084","Dell XPS 13 9315 Intel Core i7-1250U/16GB/512GB SSD/13.4'' TÃ¡til (PT)","laptop","Dell","231689.96","Type: New. Model: XPS; Storage Type: SSD; GPU: Unknown; Screen: 13.4; Touch: Yes","","Intel Core i7","16","512.0"
"2085","HP 250 G9 Intel Core i7-1255U/16GB/512GB SSD/15.6""","laptop","HP","114451.96","Type: New. Model: 250; Storage Type: SSD; GPU: Unknown; Screen: 15.6; Touch: No","","Intel Core i7","16","512.0"
"2086","HP ProBook 635 Aero G7 AMD Ryzen 5 Pro 4650U/8GB/256GB SSD/13.3""","laptop","HP","115751.32","Type: New. Model: ProBook; Storage Type: SSD; GPU: Unknown; Screen: 13.3; Touch: No","","AMD Ryzen 5","8","256.0"
"2087","MSI Pulse 17 B13VGK-435PT Intel Core i7-13700H/16GB/1TB SSD/RTX 4070/17.3'' (PT)","laptop","MSI","249379.67","Type: New. Model: Pulse; Storage Type: SSD; GPU: RTX 4070; Screen: 17.3; Touch: No","","Intel Core i7","16","1000.0"
"2088","Microsoft Surface Laptop 4 Negro AMD Ryzen 7 4980U/8GB/512 GB SSD/15"" TÃ¡ctil","laptop","Microsoft","178553.72","Type: New. Model: Surface Laptop; Storage Type: SSD; GPU: Unknown; Screen: 15.0; Touch: Yes","","AMD Ryzen 7","8","512.0"
"2089","Microsoft Surface Laptop 5 Negro Intel Evo Core i7-1255U/8GB/512GB SSD/15"" TÃ¡ctil","laptop","Microsoft","189381.72","Type: New. Model: Surface Laptop; Storage Type: SSD; GPU: Unknown; Screen: 15.0; Touch: Yes","","Intel Evo Core i7","8","512.0"
"2090","Microsoft Surface Laptop Studio Intel Core i7-11370H/32GB/2TB SSD/RTX 3050Ti/14.4"" TÃ¡ctil Platino","laptop","Microsoft","346387.72","Type: New. Model: Surface Laptop; Storage Type: SSD; GPU: RTX 3050; Screen: 14.4; Touch: Yes","","Intel Core i7","32","2000.0"
"2091","PcCom Revolt 3050 Intel Core i7-13700H/16GB/500GB/RTX 3050/15.6""","laptop","PcCom","146167.17","Type: New. Model: Revolt; Storage Type: Unknown; GPU: RTX 3050; Screen: 15.6; Touch: No","","Intel Core i7","16","500.0"
"2092","Acer Predator Triton 500 SE PT516-51s-75K6 Intel Core i7-11800H/32GB/1TB SSD/RTX 3080/16""","laptop","Acer","296578.92","Type: New. Model: Predator; Storage Type: SSD; GPU: RTX 3080; Screen: 16.0; Touch: No","","Intel Core i7","32","1000.0"
"2093","HP Zbook Firefly 16 G9 Intel Core i7-1260P/16 GB/512GB SSD/16""","laptop","HP","176171.56","Type: New. Model: Zbook; Storage Type: SSD; GPU: Unknown; Screen: 16.0; Touch: No","","Intel Core i7","16","512.0"
"2094","Lenovo ThinkPad E14 Gen 4 Intel Core i7-1255U/16GB/512GB SSD/14""","laptop","Lenovo","164044.2","Type: New. Model: ThinkPad; Storage Type: SSD; GPU: Unknown; Screen: 14.0; Touch: No","","Intel Core i7","16","512.0"
"2095","PcCom Revolt 3050 Intel Core i7-13700H/16GB/1TB SSD/RTX 3050/15.6Â + Windows 11 Home","laptop","PcCom","173237.17","Type: New. Model: Revolt; Storage Type: SSD; GPU: RTX 3050; Screen: 15.6; Touch: No","","Intel Core i7","16","1000.0"
"2096","ASUS F515EA-BQ1154X Intel Core i5-1135G7/8GB/512GB SSD/15.6""","laptop","Asus","87599.6","Type: New. Model: F515; Storage Type: SSD; GPU: Unknown; Screen: 15.6; Touch: No","","Intel Core i5","8","512.0"
"2097","Acer Extensa 15 EX215-54-55M9 Intel Core i5-1135G7/8GB/1TB SSD/15.6""","laptop","Acer","63219.28","Type: New. Model: Extensa; Storage Type: SSD; GPU: Unknown; Screen: 15.6; Touch: No","","Intel Core i5","8","1000.0"
"2098","Primux Ioxbook C15 Intel Celeron N4020/4GB/128GB SSD/15.6""","laptop","Primux","29514.96","Type: New. Model: Ioxbook; Storage Type: SSD; GPU: Unknown; Screen: 15.6; Touch: No","","Intel Celeron","4","128.0"
"2099","Razer Blade 14 165Hz AMD Ryzen 9 6900HX/16GB/1TB SSD/RTX 3080Ti/14""","laptop","Razer","444538.13","Type: New. Model: Blade; Storage Type: SSD; GPU: RTX 3080; Screen: 14.0; Touch: No","","AMD Ryzen 9","16","1000.0"
"2100","ASUS ZenBook 14 OLED UM3402YA-KM428WS AMD Ryzen 7 7730U/16GB/512GB SSD/14""","laptop","Asus","114343.68","Type: New. Model: ZenBook; Storage Type: SSD; GPU: Unknown; Screen: 14.0; Touch: No","","AMD Ryzen 7","16","512.0"
"2101","HP 255 G8 AMD Ryzen 3 5300U/8GB/1TB SSD/15.6""","laptop","HP","50999.88","Type: New. Model: 255; Storage Type: SSD; GPU: Unknown; Screen: 15.6; Touch: No","","AMD Ryzen 3","8","1000.0"
"2102","Lenovo ThinkPad L380 Intel Core i3-8130U/8GB/256GB SSD/13.3""","laptop","Lenovo","45369.32","Type: Refurbished. Model: ThinkPad; Storage Type: SSD; GPU: Unknown; Screen: 13.3; Touch: No","","Intel Core i3","8","256.0"
"2103","PcCom Revolt 4060 Intel Core i7-13700H/16GB/1TB SSD/RTX 4060/15.6Â + Windows 11 Home","laptop","PcCom","211135.17","Type: New. Model: Revolt; Storage Type: SSD; GPU: RTX 4060; Screen: 15.6; Touch: No","","Intel Core i7","16","1000.0"
"2104","ASUS ExpertBook B1 B1402CBA-EB0861W Intel Core i5-1235U/16GB/512GB SSD/14""","laptop","Asus","86624.0","Type: New. Model: ExpertBook; Storage Type: SSD; GPU: Unknown; Screen: 14.0; Touch: No","","Intel Core i5","16","512.0"
"2105","ASUS Zenbook UM425QA AMD Ryzen 7 5800H 16GB/1TB SSD/14""(PT)","laptop","Asus","149168.69","Type: New. Model: ZenBook; Storage Type: SSD; GPU: Unknown; Screen: 14.0; Touch: No","","AMD Ryzen 7","16","1000.0"
"2106","HP ProBook 440 G9 Intel Core i7-1255U/16GB/1TB SSD/14""","laptop","HP","131504.98","Type: New. Model: ProBook; Storage Type: SSD; GPU: Unknown; Screen: 14.0; Touch: No","","Intel Core i7","16","1000.0"
"2107","Acer TravelMate P2 TMP214-53-594U Intel Core i5-1135G7/16GB/512GB SSD/14""","laptop","Acer","100159.0","Type: New. Model: TravelMate; Storage Type: SSD; GPU: Unknown; Screen: 14.0; Touch: No","","Intel Core i5","16","512.0"
"2108","Dell XPS 15 9520 Intel Core i7-12700H/16GB/1TB SSD/RTX3050 Ti/15.6""","laptop","Dell","251101.32","Type: New. Model: XPS; Storage Type: SSD; GPU: RTX 3050; Screen: 15.6; Touch: No","","Intel Core i7","16","1000.0"
"2109","Alurin Flex Advance Intel Core i5-1155G7/8GB/500GB SSD/14"" + Windows 11 Home","laptop","Alurin","63885.2","Type: New. Model: Flex Advance; Storage Type: SSD; GPU: Unknown; Screen: 14.0; Touch: No","","Intel Core i5","8","500.0"
"2110","LG Gram 17Z90Q Intel Core i7-1260P/32GB/512GB SSD/RTX 2050/17""","laptop","LG","239190.52","Type: New. Model: Gram; Storage Type: SSD; GPU: RTX 2050; Screen: 17.0; Touch: No","","Intel Core i7","32","512.0"
"2111","Lenovo ThinkPad T480 Intel Core i5-7200U/8GB/256GB SSD/14""","laptop","Lenovo","68757.8","Type: Refurbished. Model: ThinkPad; Storage Type: SSD; GPU: Unknown; Screen: 14.0; Touch: No","","Intel Core i5","8","256.0"
"2112","Acer TravelMate P2 TMP215-53-5887 Intel Core i5-1135G7/8GB/512GB SSD/15.6""","laptop","Acer","83436.24","Type: New. Model: TravelMate; Storage Type: SSD; GPU: Unknown; Screen: 15.6; Touch: No","","Intel Core i5","8","512.0"
"2113","Dell Latitude E7450 Intel Core i5-5300U/8GB/256GB SSD/14""","laptop","Dell","48616.64","Type: Refurbished. Model: Latitude; Storage Type: SSD; GPU: Unknown; Screen: 14.0; Touch: No","","Intel Core i5","8","256.0"
"2114","Lenovo ThinkBook 15 G4 IAP Intel Core i7-1255U/16GB/512GB SSD/15.6""","laptop","Lenovo","129607.91","Type: New. Model: ThinkBook; Storage Type: SSD; GPU: Unknown; Screen: 15.6; Touch: No","","Intel Core i7","16","512.0"
"2115","HP 15S-FQ4100NS Intel Core i5-1155G7/8GB/512GB SSD/15.6""","laptop","HP","64524.05","Type: New. Model: 15S; Storage Type: SSD; GPU: Unknown; Screen: 15.6; Touch: No","","Intel Core i5","8","512.0"
"2116","HP 15S-FQ5028NS Intel Core i5-1235U/16GB/512GB SSD/15.6""+ Microsoft 365 Personal 12 Meses Descarga Digital","laptop","HP","92145.2","Type: New. Model: 15S; Storage Type: SSD; GPU: Unknown; Screen: 15.6; Touch: No","","Intel Core i5","16","512.0"
"2117","Lenovo ThinkPad L450 Intel Core i5-4300U/8GB/256GB SSD/14""","laptop","Lenovo","25878.92","Type: Refurbished. Model: ThinkPad; Storage Type: SSD; GPU: Unknown; Screen: 14.0; Touch: No","","Intel Core i5","8","256.0"
"2118","Apple MacBook Pro Intel Core i7/16GB/512GB SSD/Radeon Pro 560X/15.4"" Plata","laptop","Apple","105798.22","Type: Refurbished. Model: MacBook Pro; Storage Type: SSD; GPU: Radeon Pro RX 560X; Screen: 15.4; Touch: No","","Intel Core i7","16","512.0"
"2119","ASUS F1500EA-EJ3528 Intel Core i3-1115G4/8GB/512GB SSD/15.6""","laptop","Asus","43119.26","Type: New. Model: VivoBook; Storage Type: SSD; GPU: Unknown; Screen: 15.6; Touch: No","","Intel Core i3","8","512.0"
"2120","ASUS TUF GAMING A15 FA507XI-R97B47CS1 AMD Ryzen 9 7940HS/16GB/1TB SSD/RTX4070/15.6"" (PT)","laptop","Asus","218494.96","Type: New. Model: TUF; Storage Type: SSD; GPU: RTX 4070; Screen: 15.6; Touch: No","","AMD Ryzen 9","16","1000.0"
"2121","ASUS BR1100FKA-BP1185XA Intel Celeron N4500/4GB/128GB SSD/11.6"" TÃ¡ctil","laptop","Asus","53634.33","Type: New. Model: BR; Storage Type: SSD; GPU: Unknown; Screen: 11.6; Touch: Yes","","Intel Celeron","4","128.0"
"2122","ASUS ROG Flow X16 GV601RM-M6074W AMD Ryzen 9 6900HS/16GB/1TB SSD/RTX 3060/16"" TÃ¡ctil","laptop","Asus","300294.01","Type: New. Model: ROG; Storage Type: SSD; GPU: RTX 3060; Screen: 16.0; Touch: Yes","","AMD Ryzen 9","16","1000.0"
"2123","MSI Vector GP66HX 12UHS-204XES Intel Core i7-12800HX/32GB/1TB SSD/RTX 3080Ti/15.6""","laptop","MSI","378871.72","Type: Refurbished. Model: Vector; Storage Type: SSD; GPU: RTX 3080; Screen: 15.6; Touch: No","","Intel Core i7","32","1000.0"
"2124","Alurin Flex Advance Intel Core i5-1155G7/16GB/500GB SSD/14""","laptop","Alurin","57388.4","Type: Refurbished. Model: Flex Advance; Storage Type: SSD; GPU: Unknown; Screen: 14.0; Touch: No","","Intel Core i5","16","500.0"
"2125","ASUS ROG Flow X16 2023 GV601VV-NF015W Intel Core i9-13900H/16GB/1TB SSD/RTX 4060/16'' TÃ¡ctil","laptop","Asus","281420.8","Type: New. Model: ROG; Storage Type: SSD; GPU: RTX 4060; Screen: 16.0; Touch: Yes","","Intel Core i9","16","1000.0"
"2126","ASUS Zenbook UM425QA-R55BLHDCP1 AMD Ryzen 5 5600H 16GB/512GB SSD/14""(PT)","laptop","Asus","125292.95","Type: New. Model: ZenBook; Storage Type: SSD; GPU: Unknown; Screen: 14.0; Touch: No","","AMD Ryzen 5","16","512.0"
"2127","MSI Creator Pro Z16P B12UMST-094ES Intel Core i7-12700H/32GB/1TB SSD/RTX A5500/16"" TÃ¡ctil","laptop","MSI","476323.72","Type: New. Model: Creator; Storage Type: SSD; GPU: RTX A5500; Screen: 16.0; Touch: Yes","","Intel Core i7","32","1000.0"
"2128","Lenovo V15 Gen 2 ALC AMD Ryzen 3 5300U/8GB/256GB SSD/15.6""","laptop","Lenovo","38969.97","Type: New. Model: V15; Storage Type: SSD; GPU: Unknown; Screen: 15.6; Touch: No","","AMD Ryzen 3","8","256.0"
"2129","ASUS VivoBook S OLED K3402ZA-KM079W Intel Evo Core i7-12700H/16GB/512GB SSD/14""","laptop","Asus","156951.86","Type: New. Model: VivoBook; Storage Type: SSD; GPU: Unknown; Screen: 14.0; Touch: No","","Intel Evo Core i7","16","512.0"
"2130","Acer ConceptD 3 Ezel Pro CC315-73P-73PA Intel Core i7-11800H/16GB/1TB SSD/T1200/15.6"" TÃ¡ctil","laptop","Acer","238876.51","Type: New. Model: ConceptD; Storage Type: SSD; GPU: T 1200; Screen: 15.6; Touch: Yes","","Intel Core i7","16","1000.0"
"2131","MSI Stealth 15 A13VF-060XES Intel Core i7-13620H/32GB/1TB SSD/RTX 4060/15.6''","laptop","MSI","236527.91","Type: New. Model: Stealth; Storage Type: SSD; GPU: RTX 4060; Screen: 15.6; Touch: No","","Intel Core i7","32","1000.0"
"2132","ASUS E510MA-EJ972 Intel Celeron N4020/8GB/256GB SSD/15.6""","laptop","Asus","30859.8","Type: New. Model: E510; Storage Type: SSD; GPU: Unknown; Screen: 15.6; Touch: No","","Intel Celeron","8","256.0"
"2133","Lenovo ThinkPad X250 Intel Core i5-5300U/8GB/256GB SSD/12.5""","laptop","Lenovo","38871.44","Type: Refurbished. Model: 250; Storage Type: SSD; GPU: Unknown; Screen: 12.5; Touch: No","","Intel Core i5","8","256.0"
"2134","ASUS F515EA-EJ1564W Intel Core i3-1115G4/8GB/256GB SSD/15.6""","laptop","Asus","42402.45","Type: New. Model: F515; Storage Type: SSD; GPU: Unknown; Screen: 15.6; Touch: No","","Intel Core i3","8","256.0"
"2135","Dynabook Toshiba Satellite Pro C40-G-120 Intel Core i7-10510U/8GB/256GB SSD/14""","laptop","Dynabook Toshiba","82915.41","Type: New. Model: Satellite Pro; Storage Type: SSD; GPU: Unknown; Screen: 14.0; Touch: No","","Intel Core i7","8","256.0"
"2136","ASUS VivoBook 15 F1502ZA-EJ1119W Intel Core i7-1255U/8GB/512GB SSD/15.6""","laptop","Asus","68758.88","Type: New. Model: VivoBook; Storage Type: SSD; GPU: Unknown; Screen: 15.6; Touch: No","","Intel Core i7","8","512.0"
"2137","Dell Latitude 5430 Intel Core i7-1255U/16GB/512GB SSD/14""","laptop","Dell","155165.24","Type: New. Model: Latitude; Storage Type: SSD; GPU: Unknown; Screen: 14.0; Touch: No","","Intel Core i7","16","512.0"
"2138","Microsoft Surface Pro 7 Intel Core i5-1035G4/16GB/256 GB SSD/12.3"" Platino","laptop","Microsoft","120336.98","Type: Refurbished. Model: Surface Pro; Storage Type: SSD; GPU: Unknown; Screen: 12.3; Touch: No","","Intel Core i5","16","256.0"
"2139","Lenovo ThinkPad T480 Intel Core i5-8250U/8GB/256GB SSD/14""","laptop","Lenovo","68757.8","Type: Refurbished. Model: ThinkPad; Storage Type: SSD; GPU: Unknown; Screen: 14.0; Touch: No","","Intel Core i5","8","256.0"
"2140","ASUS VivoBook F515EA-EJ3060W Intel Core i7-1165G7/16GB/512/GB SSD/15.6""","laptop","Asus","95631.81","Type: New. Model: VivoBook; Storage Type: SSD; GPU: Unknown; Screen: 15.6; Touch: No","","Intel Core i7","16","512.0"
"2141","HP EliteBook x360 830 G6 Intel Core i5-8265U/8GB/256GB SSD/13.3"" TÃ¡ctil","laptop","HP","60095.4","Type: Refurbished. Model: EliteBook; Storage Type: SSD; GPU: Unknown; Screen: 13.3; Touch: Yes","","Intel Core i5","8","256.0"
"2142","Lenovo ThinkBook 14s Yoga G2 Intel Core i7-1255U/16GB/512GB SSD/14"" TÃ¡ctil","laptop","Lenovo","159586.31","Type: New. Model: ThinkBook; Storage Type: SSD; GPU: Unknown; Screen: 14.0; Touch: Yes","","Intel Core i7","16","512.0"
"2143","Medion Akoya S15447 Intel Core i5-10210U/8 GB/256 GB SSD/15.6""","laptop","Medion","78772.62","Type: New. Model: Akoya; Storage Type: SSD; GPU: Unknown; Screen: 15.6; Touch: No","","Intel Core i5","8","256.0"
"2144","Dell Vostro 3420 Intel Core i7-1165G7/16 GB/512GB SSD/14""","laptop","Dell","115209.92","Type: New. Model: Vostro; Storage Type: SSD; GPU: Unknown; Screen: 14.0; Touch: No","","Intel Core i7","16","512.0"
"2145","LG Gram 16T90Q-G Intel Core i7-1260P/16GB/1TB SSD/16"" TÃ¡ctil","laptop","LG","216451.72","Type: Refurbished. Model: Gram; Storage Type: SSD; GPU: Unknown; Screen: 16.0; Touch: Yes","","Intel Core i7","16","1000.0"
"2146","Microsoft Surface Pro 9 Bosque Intel Evo Core i5-1235U/8GB/256GB SSD/13"" TÃ¡ctil","laptop","Microsoft","151916.84","Type: New. Model: Surface Pro; Storage Type: SSD; GPU: Unknown; Screen: 13.0; Touch: Yes","","Intel Evo Core i5","8","256.0"
"2147","Apple MacBook Pro Intel Core i5/8GB/128GB/13"" Plateado","laptop","Apple","65401.12","Type: Refurbished. Model: MacBook Pro; Storage Type: Unknown; GPU: Unknown; Screen: 13.0; Touch: No","","Intel Core i5","8","128.0"
"2148","ASUS Vivobook  F1605EA-51BLHDSS1 Intel Core i5-1135G7/12GB/512GB SSD/16.0"" (PT)","laptop","Asus","90090.04","Type: New. Model: VivoBook; Storage Type: SSD; GPU: Unknown; Screen: 16.0; Touch: No","","Intel Core i5","12","512.0"
"2149","Gigabyte AORUS 5 KE4-72ES314SD Intel Core i7-12700H/16GB/1TB SSD/RTX 3060/15.6""","laptop","Gigabyte","173139.72","Type: Refurbished. Model: Aorus; Storage Type: SSD; GPU: RTX 3060; Screen: 15.6; Touch: No","","Intel Core i7","16","1000.0"
"2150","ASUS ExpertBook B1 B1502CBA-EJ0438W Intel Core i5-1235U/16GB/512GB SSD/15.6""","laptop","Asus","86624.0","Type: New. Model: ExpertBook; Storage Type: SSD; GPU: Unknown; Screen: 15.6; Touch: No","","Intel Core i5","16","512.0"
"2151","ASUS ZenBook 13 OLED UX325EA-KG261 Intel Core i5-1135G7/8GB/512GB SSD/13.3""","laptop","Asus","88681.32","Type: New. Model: ZenBook; Storage Type: SSD; GPU: Unknown; Screen: 13.3; Touch: No","","Intel Core i5","8","512.0"
"2152","HP ENVY 17-cr0004np Intel Core i7-1260P/16GB/512GB SSD/17.3"" (PT)","laptop","HP","157395.81","Type: New. Model: Envy; Storage Type: SSD; GPU: Unknown; Screen: 17.3; Touch: No","","Intel Core i7","16","512.0"
"2153","Dell Latitude 7320 Detachable Intel Evo Core i7-1180G7/16GB/512GB SSD/13"" TÃ¡ctil","laptop","Dell","175513.22","Type: New. Model: Latitude; Storage Type: SSD; GPU: Unknown; Screen: 13.0; Touch: Yes","","Intel Evo Core i7","16","512.0"
"2154","Acer Aspire 3 A315-56-56XH Intel Core i5-1035G1/8GB/512GB SSD/15.6""","laptop","Acer","59877.76","Type: New. Model: Aspire; Storage Type: SSD; GPU: Unknown; Screen: 15.6; Touch: No","","Intel Core i5","8","512.0"
"2155","HP 250 G8 59T50EA Intel Core i3-1115G4/8GB/512GB SSD/15.6""","laptop","HP","59445.72","Type: New. Model: 250; Storage Type: SSD; GPU: Unknown; Screen: 15.6; Touch: No","","Intel Core i3","8","512.0"
"2156","Lenovo ThinkPad T470 Intel Core i5-7300U/8GB/512GB SSD/14""","laptop","Lenovo","56157.26","Type: Refurbished. Model: ThinkPad; Storage Type: SSD; GPU: Unknown; Screen: 14.0; Touch: No","","Intel Core i5","8","512.0"
"2157","HP 15S-FQ3013NS Intel Celeron N4500/8GB/256GB SSD/15.6""","laptop","HP","50378.35","Type: New. Model: 15S; Storage Type: SSD; GPU: Unknown; Screen: 15.6; Touch: No","","Intel Celeron","8","256.0"
"2158","HP 470 G9 Intel Core i5-1235U/16GB/512GB SSD/MX550/17.3""","laptop","HP","131235.36","Type: New. Model: 470; Storage Type: SSD; GPU: MX 550; Screen: 17.3; Touch: No","","Intel Core i5","16","512.0"
"2159","Lenovo IdeaPad 5 15ITL05 Intel Core i5-1135G7/16GB/512GB SSD/15.6""","laptop","Lenovo","86515.72","Type: New. Model: IdeaPad; Storage Type: SSD; GPU: Unknown; Screen: 15.6; Touch: No","","Intel Core i5","16","512.0"
"2160","ASUS TUF Gaming F15 TUF506HC-HN088 Intel Core i5-11400H/16GB/512GB SSD/RTX 3050/15.6""","laptop","Asus","83267.32","Type: New. Model: TUF; Storage Type: SSD; GPU: RTX 3050; Screen: 15.6; Touch: No","","Intel Core i5","16","512.0"
"2161","Acer Swift 3 SF313-53 Intel Evo Core i7-1165G7/16GB/1TB SSD/13.5""","laptop","Acer","145872.65","Type: New. Model: Swift; Storage Type: SSD; GPU: Unknown; Screen: 13.5; Touch: No","","Intel Evo Core i7","16","1000.0"
"2162","Apple Macbook Pro Intel CoreÂ i9/16GB/1TB SSD/RadeonÂ Pro 5500M/16"" Gris Espacial","laptop","Apple","205623.72","Type: Refurbished. Model: MacBook Pro; Storage Type: SSD; GPU: Radeon Pro 5500M; Screen: 16.0; Touch: No","","Intel Core i9","16","1000.0"
"2163","Lenovo ThinkPad X1 Carbon Intel Core i7-8565U/16GB/1TB SSD/14""","laptop","Lenovo","88573.04","Type: Refurbished. Model: ThinkPad; Storage Type: SSD; GPU: Unknown; Screen: 14.0; Touch: No","","Intel Core i7","16","1000.0"
"2164","MSI Creator M16 B13VE-681ES Intel Core i7-13700H/32GB/1TB SSD/RTX 4050/16""","laptop","MSI","227624.05","Type: New. Model: Creator; Storage Type: SSD; GPU: RTX 4050; Screen: 16.0; Touch: No","","Intel Core i7","32","1000.0"
"2165","PcCom Revolt 4060 Intel Core i7-13700H/32GB/1TB SSD/RTX 4060/15.6Â","laptop","PcCom","205721.17","Type: New. Model: Revolt; Storage Type: SSD; GPU: RTX 4060; Screen: 15.6; Touch: No","","Intel Core i7","32","1000.0"
"2166","Acer TravelMate P2 TMP214-52-P5SM Intel Pentium Gold 6405U/8GB/256GB SSD/14""","laptop","Acer","51431.92","Type: New. Model: TravelMate; Storage Type: SSD; GPU: Unknown; Screen: 14.0; Touch: No","","Intel Pentium","8","256.0"
"2167","Medion Akoya E15301 AMD Ryzen 3 3200U/8 GB/256 GB SSD/15.6""","laptop","Medion","35462.78","Type: New. Model: Akoya; Storage Type: SSD; GPU: Unknown; Screen: 15.6; Touch: No","","AMD Ryzen 3","8","256.0"
"2168","ASUS Rog Strix G17 G713QR-K4189 AMD Ryzen 7 5800H/32GB/1TB SSD/RTX 3070/17.3""","laptop","Asus","286881.36","Type: New. Model: ROG; Storage Type: SSD; GPU: RTX 3070; Screen: 17.3; Touch: No","","AMD Ryzen 7","32","1000.0"
"2169","ASUS ZenBook 14 UX3402ZA-KP490W Intel Core i5-1240P/16GB/512GB SSD/14""","laptop","Asus","91638.45","Type: New. Model: ZenBook; Storage Type: SSD; GPU: Unknown; Screen: 14.0; Touch: No","","Intel Core i5","16","512.0"
"2170","HP 15S-FQ2180NS Intel Core i3-1115G4/8GB/512GB SSD/15.6""","laptop","HP","44918.88","Type: New. Model: 15S; Storage Type: SSD; GPU: Unknown; Screen: 15.6; Touch: No","","Intel Core i3","8","512.0"
"2171","HP 250 G9 Intel Core i3-1215U/8GB/256 GB SSD/15.6""","laptop","HP","43243.78","Type: New. Model: 250; Storage Type: SSD; GPU: Unknown; Screen: 15.6; Touch: No","","Intel Core i3","8","256.0"
"2172","Lenovo ThinkBook 15 G2 ITL Intel Core i5-1135G7/16 GB/512GB SSD/15.6""","laptop","Lenovo","115751.32","Type: New. Model: ThinkBook; Storage Type: SSD; GPU: Unknown; Screen: 15.6; Touch: No","","Intel Core i5","16","512.0"
"2173","Lenovo 300w Gen 3 AMD 3015e/4GB/128GB SSD/11.6"" TÃ¡ctil","laptop","Lenovo","49969.05","Type: New. Model: 300w; Storage Type: SSD; GPU: Unknown; Screen: 11.6; Touch: Yes","","AMD 3015e","4","128.0"
"2174","Apple MacBook Pro Apple M2 Pro 12 NÃºcleos/16GB/1TB SSD/16.2"" Plata","laptop","Apple","324732.8","Type: New. Model: MacBook Pro; Storage Type: SSD; GPU: Unknown; Screen: 16.2; Touch: No","","Apple M2 Pro","16","1000.0"
"2175","HP 15S-EQ2135NS AMD Ryzen 7 5700U/12GB/512GB SSD/15.6""","laptop","HP","66397.3","Type: New. Model: 15S; Storage Type: SSD; GPU: Unknown; Screen: 15.6; Touch: No","","AMD Ryzen 7","12","512.0"
"2176","ASUS VivoBook F1605PA-MB147 Intel Core i7-11370H/8GB/512GB SSD/16""","laptop","Asus","64966.92","Type: New. Model: VivoBook; Storage Type: SSD; GPU: Unknown; Screen: 16.0; Touch: No","","Intel Core i7","8","512.0"
"2177","HP Victus 16-E0099NS AMD Ryzen 7 5800H/8GB/512GB SSD/RX 5500M/16.1""","laptop","HP","93578.82","Type: New. Model: Victus; Storage Type: SSD; GPU: Radeon Pro 5500M; Screen: 16.1; Touch: No","","AMD Ryzen 7","8","512.0"
"2178","MSI Modern 15 B12M-042ES i7-1255U/16GB/1TB SSD/15.6""","laptop","MSI","129827.72","Type: Refurbished. Model: Modern; Storage Type: SSD; GPU: Unknown; Screen: 15.6; Touch: No","","Intel Core i7","16","1000.0"
"2179","Microsoft Surface Pro 7 Intel Core i5-1035G4/8 GB/256 GB/12.3"" Negra","laptop","Microsoft","146069.72","Type: New. Model: Surface Pro; Storage Type: Unknown; GPU: Unknown; Screen: 12.3; Touch: No","","Intel Core i5","8","256.0"
"2180","HP 15S-FQ4037NS Intel Core i7-1195G7/16GB/512GB SSD/15.6""","laptop","HP","75308.74","Type: New. Model: 15S; Storage Type: SSD; GPU: Unknown; Screen: 15.6; Touch: No","","Intel Core i7","16","512.0"
"2181","MSI Stealth 14 Studio A13VG-048ES Intel Core i7-13700H/32GB/1TB SSD/RTX 4070/14""","laptop","MSI","292247.72","Type: New. Model: Stealth; Storage Type: SSD; GPU: RTX 4070; Screen: 14.0; Touch: No","","Intel Core i7","32","1000.0"
"2182","ASUS Laptop M515DA AMD Ryzen 5 3500U/12GB/512GB SSD/15.6'' (PT)","laptop","Asus","76609.18","Type: New. Model: M515; Storage Type: SSD; GPU: Unknown; Screen: 15.6; Touch: No","","AMD Ryzen 5","12","512.0"
"2183","LG Gram UltraSlim 15Z90RT-G.AD75B Intel Evo Core i7-1360P/32GB/512GB SSD/15"" OLED","laptop","LG","227279.72","Type: New. Model: Gram; Storage Type: SSD; GPU: Unknown; Screen: 15.0; Touch: No","","Intel Evo Core i7","32","512.0"
"2184","MSI Creator M16 A12UD-232ES Intel Core i7-12700H/16GB/1TB SSD/RTX 3050Ti/16""","laptop","MSI","189381.72","Type: Refurbished. Model: Creator; Storage Type: SSD; GPU: RTX 3050; Screen: 16.0; Touch: No","","Intel Core i7","16","1000.0"
"2185","HP ProBook 640 G8 Intel Core i5-1135G7/8GB/256GB SSD/14""","laptop","HP","82762.74","Type: New. Model: ProBook; Storage Type: SSD; GPU: Unknown; Screen: 14.0; Touch: No","","Intel Core i5","8","256.0"
"2186","Dell Latitude 3420 Intel Core i7-1165G7/16GB/512GB SSD/14""","laptop","Dell","108171.72","Type: New. Model: Latitude; Storage Type: SSD; GPU: Unknown; Screen: 14.0; Touch: No","","Intel Core i7","16","512.0"
"2187","HP 15S-EQ2070NS AMD Ryzen 7 5700U/12GB/512GB SSD/15.6""","laptop","HP","69407.48","Type: New. Model: 15S; Storage Type: SSD; GPU: Unknown; Screen: 15.6; Touch: No","","AMD Ryzen 7","12","512.0"
"2188","Medion Akoya E15303 AMD Ryzen 5 4500U/8GB/256GB SSD/15.6""","laptop","Medion","61028.77","Type: New. Model: Akoya; Storage Type: SSD; GPU: Unknown; Screen: 15.6; Touch: No","","AMD Ryzen 5","8","256.0"
"2189","MSI Summit E13 FlipEvo A12MT-030ES Intel Core i7-1280P/32GB/1TB SSD/13.4"" TÃ¡ctil","laptop","MSI","205623.72","Type: New. Model: Summit; Storage Type: SSD; GPU: Unknown; Screen: 13.4; Touch: Yes","","Intel Core i7","32","1000.0"
"2190","Thomson Neo Black Intel Celeron N4020/4GB/64GB eMMC/14.1""","laptop","Thomson","24994.27","Type: New. Model: Neo; Storage Type: eMMC; GPU: Unknown; Screen: 14.1; Touch: No","","Intel Celeron","4","64.0"
"2191","PcCom Revolt 3050 Intel Core i5-13500H/16GB/500GB SSD/RTX 3050/15.6""","laptop","PcCom","129925.17","Type: New. Model: Revolt; Storage Type: SSD; GPU: RTX 3050; Screen: 15.6; Touch: No","","Intel Core i5","16","500.0"
"2192","PcCom Revolt 3060 Intel Core i7-12700H/32GB/1TB SSD/RTX 3060/15.6""/Windows 11 Home","laptop","PcCom","194905.08","Type: New. Model: Revolt; Storage Type: SSD; GPU: RTX 3060; Screen: 15.6; Touch: No","","Intel Core i7","32","1000.0"
"2193","LG Gram 17Z90R-G.AD78B Intel Evo Core i7-1360P/32GB/1TB SSD/17""","laptop","LG","238107.72","Type: New. Model: Gram; Storage Type: SSD; GPU: Unknown; Screen: 17.0; Touch: No","","Intel Evo Core i7","32","1000.0"
"2194","HP 15S-EQ2073NS AMD Ryzen 5 5500U/8GB/512GB SSD/15.6""","laptop","HP","51932.17","Type: New. Model: 15S; Storage Type: SSD; GPU: Unknown; Screen: 15.6; Touch: No","","AMD Ryzen 5","8","512.0"
"2195","Lenovo ThinkBook 15 G4 IAP Intel Core i5-1235U/16GB/512GB SSD/15.6""","laptop","Lenovo","116292.72","Type: New. Model: ThinkBook; Storage Type: SSD; GPU: Unknown; Screen: 15.6; Touch: No","","Intel Core i5","16","512.0"
"2196","ASUS ExpertBook B1 B1502CBA-EJ0425X Intel Core i5-1235U/16GB/512GB SSD/15.6""","laptop","Asus","94095.32","Type: New. Model: ExpertBook; Storage Type: SSD; GPU: Unknown; Screen: 15.6; Touch: No","","Intel Core i5","16","512.0"
"2197","Lenovo ThinkPad L14 Gen 3 Intel Core i5-1235U/16GB/512GB SSD/14""","laptop","Lenovo","138814.96","Type: New. Model: ThinkPad; Storage Type: SSD; GPU: Unknown; Screen: 14.0; Touch: No","","Intel Core i5","16","512.0"
"2198","HP 15s-fq4108ns i7-1195G7 Intel Core i7-1195G7/8GB/512GB SSD/15.6""","laptop","HP","68294.36","Type: New. Model: 15S; Storage Type: SSD; GPU: Unknown; Screen: 15.6; Touch: No","","Intel Core i7","8","512.0"
"2199","MSI Modern 15 A5M-010XES AMD Ryzen 5 5500U/8GB/512GB SSD/15.6""","laptop","MSI","77988.67","Type: New. Model: Modern; Storage Type: SSD; GPU: Unknown; Screen: 15.6; Touch: No","","AMD Ryzen 5","8","512.0"
"2200","HP 250 G8 Intel Core i5-1135G7/8 GB/512 GB SSD/15.6""","laptop","HP","59445.72","Type: New. Model: 250; Storage Type: SSD; GPU: Unknown; Screen: 15.6; Touch: No","","Intel Core i5","8","512.0"
"2201","Apple MacBook Air Intel Core i5/16GB/512GB SSD/13.3"" Gris Espacial","laptop","Apple","162203.44","Type: Refurbished. Model: MacBook Air; Storage Type: SSD; GPU: Unknown; Screen: 13.3; Touch: No","","Intel Core i5","16","512.0"
"2202","LG Ultra 16U70Q AMD Ryzen 7 5825U/16GB/512GB SSD/16""","laptop","LG","140655.72","Type: New. Model: Ultra; Storage Type: SSD; GPU: Unknown; Screen: 16.0; Touch: No","","AMD Ryzen 7","16","512.0"
"2203","Lenovo Yoga 7 14ITL5 Intel Evo Core i7-1165G7/16 GB/512GB SSD/14"" TÃ¡ctil","laptop","Lenovo","180935.88","Type: New. Model: Yoga; Storage Type: SSD; GPU: Unknown; Screen: 14.0; Touch: Yes","","Intel Evo Core i7","16","512.0"
"2204","HP 15S-FQ4019NS Intel Core i5-1155G7/8GB/512GB SSD/15.6""","laptop","HP","61591.83","Type: New. Model: 15S; Storage Type: SSD; GPU: Unknown; Screen: 15.6; Touch: No","","Intel Core i5","8","512.0"
"2205","HP 250 G8 2W9A0EA Intel Core i3-1115G4/8GB/256GB SSD/15.6""","laptop","HP","60267.57","Type: New. Model: 250; Storage Type: SSD; GPU: Unknown; Screen: 15.6; Touch: No","","Intel Core i3","8","256.0"
"2206","Lenovo IdeaPad 3 Gen 6 14ITL6 Intel Core i5-1135G7/8GB/512GB SSD/14""","laptop","Lenovo","91388.32","Type: New. Model: IdeaPad; Storage Type: SSD; GPU: Unknown; Screen: 14.0; Touch: No","","Intel Core i5","8","512.0"
"2207","ASUS ROG Strix SCAR 17 2023 G733PY-LL002 AMD Ryzen 9 7945HX/32GB/1TB SSD/RTX 4090/17.3""","laptop","Asus","352796.81","Type: Refurbished. Model: ROG; Storage Type: SSD; GPU: RTX 4090; Screen: 17.3; Touch: No","","AMD Ryzen 9","32","1000.0"
"2208","Lenovo Thinkpad E15 Gen 4 Intel Core i5-1235U/16GB/512GB SSD/15.6""","laptop","Lenovo","115751.32","Type: New. Model: ThinkPad; Storage Type: SSD; GPU: Unknown; Screen: 15.6; Touch: No","","Intel Core i5","16","512.0"
"2209","Lenovo V15 G2 ALC AMD Ryzen 7 5700U/8GB/512GB SSD/15.6""","laptop","Lenovo","61179.28","Type: New. Model: V15; Storage Type: SSD; GPU: Unknown; Screen: 15.6; Touch: No","","AMD Ryzen 7","8","512.0"
"2210","HP OMEN 16-c0030np AMD Ryzen 7-5800H/16GB/512GB SSD/RTX 3070/16.1'' (PT)","laptop","HP","171149.53","Type: New. Model: Omen; Storage Type: SSD; GPU: RTX 3070; Screen: 16.1; Touch: No","","AMD Ryzen 7","16","512.0"
"2211","Lenovo IdeaPad Flex 5 13ITL6 Chromebook 13ITL6 Intel Core i5-1135G7/8GB/256GB SSD/13.3"" TÃ¡ctil","laptop","Lenovo","84351.2","Type: New. Model: IdeaPad; Storage Type: SSD; GPU: Unknown; Screen: 13.3; Touch: Yes","","Intel Core i5","8","256.0"
"2212","Lenovo Yoga Slim 9 14IAP7 Intel Evo Core i7-1280P/16 GB/1TB SSD/14"" TÃ¡ctil","laptop","Lenovo","214286.12","Type: New. Model: Yoga; Storage Type: SSD; GPU: Unknown; Screen: 14.0; Touch: Yes","","Intel Evo Core i7","16","1000.0"
"2213","Lenovo Yoga Slim 9 14IAP7 Intel Evo Core i7-1280P/16GB/1TB SSD/14"" TÃ¡ctil","laptop","Lenovo","227279.72","Type: New. Model: Yoga; Storage Type: SSD; GPU: Unknown; Screen: 14.0; Touch: Yes","","Intel Evo Core i7","16","1000.0"
"2214","MSI Modern 15 B12M-043XES Intel Core i7-1255U/16GB/1TB SSD/15.6""","laptop","MSI","113585.72","Type: Refurbished. Model: Modern; Storage Type: SSD; GPU: Unknown; Screen: 15.6; Touch: No","","Intel Core i7","16","1000.0"
"2215","Acer ConceptD 3 Pro CN314-73P-77XL Intel Core i7-11800H/16GB/1TB SSD/T1200/14""","laptop","Acer","205623.72","Type: New. Model: ConceptD; Storage Type: SSD; GPU: T 1200; Screen: 14.0; Touch: No","","Intel Core i7","16","1000.0"
"2216","Acer Nitro 5 AN515-46-R80A AMD Ryzen 5 6600H/16GB/512GB SSD/RTX 3050Ti/15.6""","laptop","Acer","168808.52","Type: New. Model: Nitro; Storage Type: SSD; GPU: RTX 3050; Screen: 15.6; Touch: No","","AMD Ryzen 5","16","512.0"
"2217","HP ChromeBook 14b-na0005ns AMD Athlon Silver 3050C/4GB/64GB eMMC/14""","laptop","HP","43203.72","Type: New. Model: Chromebook; Storage Type: eMMC; GPU: Unknown; Screen: 14.0; Touch: No","","AMD Athlon","4","64.0"
"2218","MSI Pulse GL66 12UGK-465ES Intel Core i7-12700H/16GB/1TB SSD/RTX 3070/15.6""","laptop","MSI","227279.72","Type: New. Model: Pulse; Storage Type: SSD; GPU: RTX 3070; Screen: 15.6; Touch: No","","Intel Core i7","16","1000.0"
"2219","Microsoft Surface Laptop 5 Platino Intel Evo Core i7-1255U/16GB/512GB SSD/15"" TÃ¡ctil","laptop","Microsoft","225114.12","Type: New. Model: Surface Laptop; Storage Type: SSD; GPU: Unknown; Screen: 15.0; Touch: Yes","","Intel Evo Core i7","16","512.0"
"2220","Razer Blade 15 Advanced Model QHD Intel Core i7-11800H/16 GB/1TB SSD/RTX 3070/15.6""","laptop","Razer","303184.0","Type: New. Model: Blade; Storage Type: SSD; GPU: RTX 3070; Screen: 15.6; Touch: No","","Intel Core i7","16","1000.0"
"2221","Razer Blade 15 OLED QHD Intel Core i9-12900H/16GB/1TB SSD/RTX 3070Ti/15.6""","laptop","Razer","400527.72","Type: New. Model: Blade; Storage Type: SSD; GPU: RTX 3070; Screen: 15.6; Touch: No","","Intel Core i9","16","1000.0"
"2222","Razer Blade 17 FullHD 360Hz Intel Core i7-12800H/32GB/1TB SSD/RTX 3080Ti/17.3""","laptop","Razer","465602.92","Type: New. Model: Blade; Storage Type: SSD; GPU: RTX 3080; Screen: 17.3; Touch: No","","Intel Core i7","32","1000.0"
"2223","Samsung Galaxy Book2 Intel Core i5-1235U/8 GB/256GB SSD/15.6""","laptop","Samsung","91930.8","Type: New. Model: Galaxy Book; Storage Type: SSD; GPU: Unknown; Screen: 15.6; Touch: No","","Intel Core i5","8","256.0"
"2224","Samsung Galaxy Book2 Pro Intel Evo Core i5-1240P/16GB/512GB SSD/13.3""","laptop","Samsung","146069.72","Type: New. Model: Galaxy Book; Storage Type: SSD; GPU: Unknown; Screen: 13.3; Touch: No","","Intel Evo Core i5","16","512.0"
"2225","Samsung Galaxy Book3 Pro Intel Evo Core i7-1360P/16GB/512GB SSD/16"" + Microsoft 365 Personal 12 Meses Descarga Digital","laptop","Samsung","222081.2","Type: New. Model: Galaxy Book; Storage Type: SSD; GPU: Unknown; Screen: 16.0; Touch: No","","Intel Evo Core i7","16","512.0"
"2226","HP ZBook Firefly 16 G9 Intel Core i7-1265U/32GB/1TB SSD/QUADRO T500/16""","laptop","HP","232737.03","Type: New. Model: Zbook; Storage Type: SSD; GPU: T 500; Screen: 16.0; Touch: No","","Intel Core i7","32","1000.0"
"2227","Lenovo Yoga Slim 7 ProX 14IAH7 Intel Evo Core i7-12700H/16GB/512GB SSD/14.5""","laptop","Lenovo","169025.08","Type: New. Model: Yoga; Storage Type: SSD; GPU: Unknown; Screen: 14.5; Touch: No","","Intel Evo Core i7","16","512.0"
"2228","Acer ConceptD 7 Ezel CC715-72G-72AS Intel Core i7-11800H/32GB/1TB SSD/RTX 3080/15.6"" TÃ¡ctil","laptop","Acer","399661.48","Type: New. Model: ConceptD; Storage Type: SSD; GPU: RTX 3080; Screen: 15.6; Touch: Yes","","Intel Core i7","32","1000.0"
"2229","HP ProBook 650 G4 Intel Core i5-8250U/8GB/256GB SSD/15.6""","laptop","HP","73624.99","Type: Refurbished. Model: ProBook; Storage Type: SSD; GPU: Unknown; Screen: 15.6; Touch: No","","Intel Core i5","8","256.0"
"2230","HP ZBook Studio G9 Intel Core i7-12700H/32GB/512GB SSD/RTX A1000/16""","laptop","HP","310347.8","Type: New. Model: Zbook; Storage Type: SSD; GPU: RTX A1000; Screen: 16.0; Touch: No","","Intel Core i7","32","512.0"
"2231","Apple MacBook Air i5/4GB/128GB/13.3""","laptop","Apple","32375.72","Type: Refurbished. Model: MacBook Air; Storage Type: Unknown; GPU: Unknown; Screen: 13.3; Touch: No","","Intel Core i5","4","128.0"
"2232","Lenovo ThinkPad E15 Gen 2 Intel Core i7-1165G7/16GB/512GB SSD/15.6""","laptop","Lenovo","105452.81","Type: Refurbished. Model: ThinkPad; Storage Type: SSD; GPU: Unknown; Screen: 15.6; Touch: No","","Intel Core i7","16","512.0"
"2233","Microsoft Surface Pro 9 Platino Intel Evo Core i5-1235U/16GB/256GB SSD/13"" TÃ¡ctil","laptop","Microsoft","192521.84","Type: New. Model: Surface Pro; Storage Type: SSD; GPU: Unknown; Screen: 13.0; Touch: Yes","","Intel Evo Core i5","16","256.0"
"2234","Samsung Galaxy Book3 360 Intel Evo Core i5/16GB/512GB SSD/13.3"" TÃ¡ctil + Microsoft 365 Personal 12 Meses Descarga Digital","laptop","Samsung","169025.08","Type: New. Model: Galaxy Book; Storage Type: SSD; GPU: Unknown; Screen: 13.3; Touch: Yes","","Intel Evo Core i5","16","512.0"
"2235","Apple MacBook Air i5/8GB/128GB/13.3"" Plata","laptop","Apple","35921.89","Type: Refurbished. Model: MacBook Air; Storage Type: Unknown; GPU: Unknown; Screen: 13.3; Touch: No","","Intel Core i5","8","128.0"
"2236","Razer Blade 16 QHD+ Intel Core i9-13950HX/32GB/1TB SSD/RTX 4080/16""","laptop","Razer","454766.25","Type: New. Model: Blade; Storage Type: SSD; GPU: RTX 4080; Screen: 16.0; Touch: No","","Intel Core i9","32","1000.0"
"2237","HP 15S-FQ3012NS Intel Celeron N4500/8GB/512GB SSD/15.6""","laptop","HP","42445.76","Type: New. Model: 15S; Storage Type: SSD; GPU: Unknown; Screen: 15.6; Touch: No","","Intel Celeron","8","512.0"
"2238","Samsung Galaxy Book2 Business Intel Core i7-1260P/16GB/512GB SSD/14""","laptop","Samsung","173139.72","Type: New. Model: Galaxy Book; Storage Type: SSD; GPU: Unknown; Screen: 14.0; Touch: No","","Intel Core i7","16","512.0"
"2239","ASUS ExpertBook B1 B1502CBA-EJ0433 Intel Core i3-1215U/8GB/256GB SSD/15.6""","laptop","Asus","48291.8","Type: New. Model: ExpertBook; Storage Type: SSD; GPU: Unknown; Screen: 15.6; Touch: No","","Intel Core i3","8","256.0"
"2240","Deep Gaming Nubian 17 Intel Core i7-13700H/32GB/1TB SSD/RTX 3050/17.3""","laptop","Deep Gaming","167726.8","Type: New. Model: Nubian; Storage Type: SSD; GPU: RTX 3050; Screen: 17.3; Touch: No","","Intel Core i7","32","1000.0"
"2241","HP Essential 250 G8 Intel Core i3-1115G4/8GB/256GB SSD/15.6""","laptop","HP","89993.67","Type: New. Model: 250; Storage Type: SSD; GPU: Unknown; Screen: 15.6; Touch: No","","Intel Core i3","8","256.0"
"2242","HP ProBook 440 G9 Intel Core i5-1235U/8GB/256GB SSD/14""","laptop","HP","94110.48","Type: New. Model: ProBook; Storage Type: SSD; GPU: Unknown; Screen: 14.0; Touch: No","","Intel Core i5","8","256.0"
"2243","Lenovo V15 IIL Intel Core i3-1005G1/8GB/512GB SSD/15.6""","laptop","Lenovo","83765.41","Type: New. Model: V15; Storage Type: SSD; GPU: Unknown; Screen: 15.6; Touch: No","","Intel Core i3","8","512.0"
"2244","MSI Katana GF66 12UC-873XES Intel Core i5-12450H/16GB/512GB SSD/RTX 3050/15.6""","laptop","MSI","94751.5","Type: New. Model: Katana; Storage Type: SSD; GPU: RTX 3050; Screen: 15.6; Touch: No","","Intel Core i5","16","512.0"
"2245","MSI Pulse GL66 12UEK-034ES Intel Core i7-12700H/32GB/1TB SSD/RTX 3060/15.6""","laptop","MSI","240064.34","Type: New. Model: Pulse; Storage Type: SSD; GPU: RTX 3060; Screen: 15.6; Touch: No","","Intel Core i7","32","1000.0"
"2246","Dell Vostro 5620 Intel Core i7-1260P/16GB/512GB SSD/16""","laptop","Dell","118298.07","Type: New. Model: Vostro; Storage Type: SSD; GPU: Unknown; Screen: 16.0; Touch: No","","Intel Core i7","16","512.0"
"2247","ASUS F515EA-BQ3062X Intel Core i3-1115G4/8GB/512GB SSD/15.6""","laptop","Asus","59618.97","Type: New. Model: F515; Storage Type: SSD; GPU: Unknown; Screen: 15.6; Touch: No","","Intel Core i3","8","512.0"
"2248","HP 15S-EQ1137NS AMD Athlon Silver 3050U/8GB/256GB SSD/15.6""","laptop","HP","42339.65","Type: New. Model: 15S; Storage Type: SSD; GPU: Unknown; Screen: 15.6; Touch: No","","AMD Athlon","8","256.0"
"2249","HP 15S-EQ1148NS AMD Athlon Silver 3050U/8GB/512GB/15.6""","laptop","HP","43961.68","Type: New. Model: 15S; Storage Type: Unknown; GPU: Unknown; Screen: 15.6; Touch: No","","AMD Athlon","8","512.0"
"2250","HP 15S-EQ1160NS AMD 3020e/4GB/128GB SSD/15.6""","laptop","HP","41336.97","Type: New. Model: 15S; Storage Type: SSD; GPU: Unknown; Screen: 15.6; Touch: No","","AMD 3020e","4","128.0"
"2251","HP 15S-FQ4104NS Intel Core i5-1155G7/8GB/256GB SSD/15.6""","laptop","HP","53578.03","Type: New. Model: 15S; Storage Type: SSD; GPU: Unknown; Screen: 15.6; Touch: No","","Intel Core i5","8","256.0"
"2252","HP EliteBook 840 G8 Intel Core i5-1135G7/8 GB/256GB SSD/14""","laptop","HP","81289.04","Type: New. Model: EliteBook; Storage Type: SSD; GPU: Unknown; Screen: 14.0; Touch: No","","Intel Core i5","8","256.0"
"2253","HP Victus 16-e1017ns AMD Ryzen 5 6600H/16GB/512GB SSD/RTX 3050/16.1""","laptop","HP","121273.6","Type: New. Model: Victus; Storage Type: SSD; GPU: RTX 3050; Screen: 16.1; Touch: No","","AMD Ryzen 5","16","512.0"
"2254","Lenovo ThinkPad L15 Gen 2 Intel Core i5-1145G7/16GB/256GB SSD/15.6""","laptop","Lenovo","104923.32","Type: New. Model: ThinkPad; Storage Type: SSD; GPU: Unknown; Screen: 15.6; Touch: No","","Intel Core i5","16","256.0"
"2255","Apple MacBook Air Intel Core i5/8GB/512GB SSD/13.3"" Plata","laptop","Apple","96910.6","Type: Refurbished. Model: MacBook Air; Storage Type: SSD; GPU: Unknown; Screen: 13.3; Touch: No","","Intel Core i5","8","512.0"
"2256","MSI Raider GE78HX 13VI-063ES Intel Core i9-13980HX/64GB/2TB SSD/RTX 4090/17""","laptop","MSI","562947.72","Type: New. Model: Raider; Storage Type: SSD; GPU: RTX 4090; Screen: 17.0; Touch: No","","Intel Core i9","64","2000.0"
"2257","Medion Classmate Pro E14409 MD62157 Intel Core i3-1005G1/4GB/128GB SSD/14""","laptop","Medion","29626.49","Type: New. Model: Classmate Pro; Storage Type: SSD; GPU: Unknown; Screen: 14.0; Touch: No","","Intel Core i3","4","128.0"
"2258","Lenovo V15 G2 ALC AMD Ryzen 7-5700U/8GB/256GB SSD/15.6""","laptop","Lenovo","68107.04","Type: New. Model: V15; Storage Type: SSD; GPU: Unknown; Screen: 15.6; Touch: No","","AMD Ryzen 7","8","256.0"
"2259","HP Victus 16-E0073NS AMD Ryzen 7 5800H/8GB/512GB SSD/RX 5500M/16.1""","laptop","HP","106330.96","Type: New. Model: Victus; Storage Type: SSD; GPU: Radeon Pro 5500M; Screen: 16.1; Touch: No","","AMD Ryzen 7","8","512.0"
"2260","Acer Aspire 3 A315-56-519X Intel Core i5-1035G1/8GB/256GB SSD/15.6""","laptop","Acer","51417.84","Type: New. Model: Aspire; Storage Type: SSD; GPU: Unknown; Screen: 15.6; Touch: No","","Intel Core i5","8","256.0"
"2261","Asus ZenBook Flip 13 UX363JA-EM189T Intel Core i5-1035G4/16GB/512GB SSD/13.3"" TÃ¡ctil","laptop","Asus","73456.07","Type: Refurbished. Model: ZenBook; Storage Type: SSD; GPU: Unknown; Screen: 13.3; Touch: Yes","","Intel Core i5","16","512.0"
"2262","Dell Vostro 3420 Intel Core i5-1135G7/8GB/256GB SSD/14"" (PT)","laptop","Dell","75510.14","Type: New. Model: Vostro; Storage Type: SSD; GPU: Unknown; Screen: 14.0; Touch: No","","Intel Core i5","8","256.0"
"2263","Lenovo IdeaPad Flex 5 14ITL05 Intel Core i5-1135G7/8GB/512GB SSD/14"" TÃ¡ctil","laptop","Lenovo","86515.72","Type: Refurbished. Model: IdeaPad; Storage Type: SSD; GPU: Unknown; Screen: 14.0; Touch: Yes","","Intel Core i5","8","512.0"
"2264","ASUS VivoBook Flip 14 TP401MA-EC448W Intel Celeron N4020/4GB/256GB SSD/14"" TÃ¡ctil","laptop","Asus","43096.52","Type: New. Model: VivoBook; Storage Type: SSD; GPU: Unknown; Screen: 14.0; Touch: Yes","","Intel Celeron","4","256.0"
"2265","Asus Chromebook C204MA-GJ0342 Intel Celeron N4020/4GB/32GB eMMC/11.6""","laptop","Asus","25905.99","Type: New. Model: Chromebook; Storage Type: eMMC; GPU: Unknown; Screen: 11.6; Touch: No","","Intel Celeron","4","32.0"
"2266","HP 15S-EQ1126NS AMD Athlon Silver 3050U/8GB/256GB SSD/15.6""","laptop","HP","41608.76","Type: New. Model: 15S; Storage Type: SSD; GPU: Unknown; Screen: 15.6; Touch: No","","AMD Athlon","8","256.0"
"2267","HP 255 G7 AMD Ryzen 3 3200U/8 GB/256GB SSD/15.6""","laptop","HP","60227.5","Type: New. Model: 255; Storage Type: SSD; GPU: Unknown; Screen: 15.6; Touch: No","","AMD Ryzen 3","8","256.0"
"2268","Lenovo 100e Intel Celeron N4000/4GB/128GB SSD/11.6""","laptop","Lenovo","37898.0","Type: New. Model: 100e; Storage Type: SSD; GPU: Unknown; Screen: 11.6; Touch: No","","Intel Celeron","4","128.0"
"2269","Lenovo ThinkPad P16s Gen 1 Intel Core i7-1260P/32GB/1TB SSD/Quadro T550/16""","laptop","Lenovo","278821.0","Type: New. Model: ThinkPad; Storage Type: SSD; GPU: T 550; Screen: 16.0; Touch: No","","Intel Core i7","32","1000.0"
"2270","Lenovo Thinkpad P17 Gen 2 Intel Core i7-11850H/32GB/1TB SSD/RTX A3000/17.3""","laptop","Lenovo","378640.0","Type: New. Model: ThinkPad; Storage Type: SSD; GPU: RTX A3000; Screen: 17.3; Touch: No","","Intel Core i7","32","1000.0"
"2271","MSI Katana 17 B13VEK-298ES Intel Core i7-13620H/16GB/1TB SSD/RTX 4050/17.3""","laptop","MSI","162047.52","Type: New. Model: Katana; Storage Type: SSD; GPU: RTX 4050; Screen: 17.3; Touch: No","","Intel Core i7","16","1000.0"
"2272","Microsoft Surface Go 3 Business 4G LTE Intel Core i3-10100Y/8 GB/128GB SSD/10.5"" TÃ¡ctil Platino","laptop","Microsoft","92426.73","Type: New. Model: Surface Go; Storage Type: SSD; GPU: Unknown; Screen: 10.5; Touch: Yes","","Intel Core i3","8","128.0"
"2273","Vant Moove3-14 Intel Core i5-1135G7/16GB/500GB SSD/14""","laptop","Vant","69947.8","Type: New. Model: Moove; Storage Type: SSD; GPU: Unknown; Screen: 14.0; Touch: No","","Intel Core i5","16","500.0"
"2274","MSI Pulse GL66 12UEK-086XES Intel Core i7-12700H/16GB/1TB SSD/RTX 3060/15.6""","laptop","MSI","178553.72","Type: Refurbished. Model: Pulse; Storage Type: SSD; GPU: RTX 3060; Screen: 15.6; Touch: No","","Intel Core i7","16","1000.0"
"2275","Asus F515JA-BR1164T Intel Core i3-1005G1/8GB/256GB SSD/15.6""","laptop","Asus","70420.98","Type: New. Model: F515; Storage Type: SSD; GPU: Unknown; Screen: 15.6; Touch: No","","Intel Core i3","8","256.0"
"2276","Lenovo ThinkBook 13s G4 Intel Core i5-1240P/16GB/512GB SSD/13.3""","laptop","Lenovo","141912.85","Type: New. Model: ThinkBook; Storage Type: SSD; GPU: Unknown; Screen: 13.3; Touch: No","","Intel Core i5","16","512.0"
"2277","ASUS ExpertBook B1 B1502CBA-EJ0426X Intel Core i7-1255U/16GB/512GB SSD/15.6""","laptop","Asus","102923.39","Type: New. Model: ExpertBook; Storage Type: SSD; GPU: Unknown; Screen: 15.6; Touch: No","","Intel Core i7","16","512.0"
"2278","Asus ROG Zephyrus M GU603HR-K8009T Intel Core i7-11800H/32GB/1TB SSD/RTX 3070/16""","laptop","Asus","281419.72","Type: Refurbished. Model: ROG; Storage Type: SSD; GPU: RTX 3070; Screen: 16.0; Touch: No","","Intel Core i7","32","1000.0"
"2279","HP 250 G9 Intel Celeron N4500/8GB/256GB SSD/15.6""","laptop","HP","38725.26","Type: New. Model: 250; Storage Type: SSD; GPU: Unknown; Screen: 15.6; Touch: No","","Intel Celeron","8","256.0"
"2280","HP 250 G9 Intel Core i3-1215U/8GB/256GB SSD/15.6""","laptop","HP","68654.93","Type: New. Model: 250; Storage Type: SSD; GPU: Unknown; Screen: 15.6; Touch: No","","Intel Core i3","8","256.0"
"2281","HP EliteBook 860 G9 Intel Core i7-1255U/32GB/1TB SSD/16""","laptop","HP","187903.7","Type: New. Model: EliteBook; Storage Type: SSD; GPU: Unknown; Screen: 16.0; Touch: No","","Intel Core i7","32","1000.0"
"2282","Alurin Flex Advance Intel Core i5-1155G7/16GB/500GB SSD/14"" + Windows 11 Home","laptop","Alurin","68109.2","Type: New. Model: Flex Advance; Storage Type: SSD; GPU: Unknown; Screen: 14.0; Touch: No","","Intel Core i5","16","500.0"
"2283","Lenovo ThinkPad T480s Intel Core i7-8565U/8GB/256GB SSD/14""","laptop","Lenovo","77089.95","Type: Refurbished. Model: ThinkPad; Storage Type: SSD; GPU: Unknown; Screen: 14.0; Touch: No","","Intel Core i7","8","256.0"
"2284","Apple MacBook Air Intel Core i5/8GB/128GB SSD/13"" Plata","laptop","Apple","42355.89","Type: Refurbished. Model: MacBook Air; Storage Type: SSD; GPU: Unknown; Screen: 13.0; Touch: No","","Intel Core i5","8","128.0"
"2285","Lenovo IdeaPad Flex 5 14ALC05 AMD Ryzen 7 5700U/16GB/512GB SSD/14""","laptop","Lenovo","114560.24","Type: New. Model: IdeaPad; Storage Type: SSD; GPU: Unknown; Screen: 14.0; Touch: No","","AMD Ryzen 7","16","512.0"
"2286","MSI Creator Z17 HX Studio A13VGT-044ES Intel Core i9-13950HX/32GB/1TB SSD/RTX 4070/17"" TÃ¡ctil","laptop","MSI","343826.9","Type: New. Model: Creator; Storage Type: SSD; GPU: RTX 4070; Screen: 17.0; Touch: Yes","","Intel Core i9","32","1000.0"
"2287","MSI Katana 17 B13VEK-294XES Intel Core i7-13620H/16GB/1TB SSD/RTX 4050/17.3""","laptop","MSI","162047.52","Type: New. Model: Katana; Storage Type: SSD; GPU: RTX 4050; Screen: 17.3; Touch: No","","Intel Core i7","16","1000.0"
"2288","Lenovo IdeaPad D330-10IGM Intel Celeron N4000/4GB/64GB eMMC/10.1"" TÃ¡ctil","laptop","Lenovo","35082.72","Type: New. Model: IdeaPad; Storage Type: eMMC; GPU: Unknown; Screen: 10.1; Touch: Yes","","Intel Celeron","4","64.0"
"2289","Microsoft Surface Laptop 5 Negro Intel Evo Core i7-1265U/16GB/512GB SSD/15"" TÃ¡ctil","laptop","Microsoft","250126.8","Type: New. Model: Surface Laptop; Storage Type: SSD; GPU: Unknown; Screen: 15.0; Touch: Yes","","Intel Evo Core i7","16","512.0"
"2290","Microsoft Surface Laptop Studio Intel Core i7-11370H/32GB/1TB SSD/RTX 3050Ti/14.4"" TÃ¡ctil Platino","laptop","Microsoft","303075.72","Type: New. Model: Surface Laptop; Storage Type: SSD; GPU: RTX 3050; Screen: 14.4; Touch: Yes","","Intel Core i7","32","1000.0"
"2291","HP 15S-eq2093ns AMD Ryzen 3 5300U/8GB/512GB SSD/15.6""","laptop","HP","50939.24","Type: New. Model: 15S; Storage Type: SSD; GPU: Unknown; Screen: 15.6; Touch: No","","AMD Ryzen 3","8","512.0"
"2292","Lenovo Legion Pro 7 16IRX8H Intel Core i9-13900HX/32GB/1TB SSD/RTX 4080/16""","laptop","Lenovo","496001.44","Type: New. Model: Legion; Storage Type: SSD; GPU: RTX 4080; Screen: 16.0; Touch: No","","Intel Core i9","32","1000.0"
"2293","Lenovo V14 Intel Core i3-10110U/8GB/256GB SSD/14""","laptop","Lenovo","52461.66","Type: New. Model: V14; Storage Type: SSD; GPU: Unknown; Screen: 14.0; Touch: No","","Intel Core i3","8","256.0"
"2294","ASUS VivoBook F1500EA-EJ3066W Intel Core i7-1165G7/8GB RAM/512GB SSD/15.6""","laptop","Asus","67675.0","Type: New. Model: VivoBook; Storage Type: SSD; GPU: Unknown; Screen: 15.6; Touch: No","","Intel Core i7","8","512.0"
"2295","ASUS ZenBook 14 UM3402YA-KP287 AMD Ryzen 5 5625U/16GB/512GB SSD/14""","laptop","Asus","87989.41","Type: New. Model: ZenBook; Storage Type: SSD; GPU: Unknown; Screen: 14.0; Touch: No","","AMD Ryzen 5","16","512.0"
"2296","ASUS ProArt StudioBook Pro 16 OLED W7600Z3A-L2022X Intel Core i7-12700H/32GB/1TB SSD/RTX A3000/16""","laptop","Asus","308164.88","Type: New. Model: ProArt; Storage Type: SSD; GPU: RTX A3000; Screen: 16.0; Touch: No","","Intel Core i7","32","1000.0"
"2297","Acer Predator Helios 300 PH315-54 Intel Core i7-11800H/16GB/1TB SSD/RTX 3070/15.6""","laptop","Acer","200209.72","Type: New. Model: Predator; Storage Type: SSD; GPU: RTX 3070; Screen: 15.6; Touch: No","","Intel Core i7","16","1000.0"
"2298","Dell Latitude 5330 Intel Core i5-1235U/16GB/512GB SSD/13.3""","laptop","Dell","116020.94","Type: New. Model: Latitude; Storage Type: SSD; GPU: Unknown; Screen: 13.3; Touch: No","","Intel Core i5","16","512.0"
"2299","Dell Latitude 7490 Intel Core i5-8350U/8GB/512GB SSD/14""","laptop","Dell","75687.72","Type: Refurbished. Model: Latitude; Storage Type: SSD; GPU: Unknown; Screen: 14.0; Touch: No","","Intel Core i5","8","512.0"
"2300","Lenovo ThinkPad P15 Gen 1 Intel Core i7-10750H/16GB/512GB SSD/Quadro T2000/15.6""","laptop","Lenovo","180828.68","Type: New. Model: ThinkPad; Storage Type: SSD; GPU: T 2000; Screen: 15.6; Touch: No","","Intel Core i7","16","512.0"
"2301","Asus VivoBook F1605PA-MB145 Intel Core i5-11300H/8GB/256GB SSD/16""","laptop","Asus","50880.77","Type: New. Model: VivoBook; Storage Type: SSD; GPU: Unknown; Screen: 16.0; Touch: No","","Intel Core i5","8","256.0"
"2302","Acer Nitro 5 AN517-54-9875 Intel Core i9-11900H/16GB/512GB SSD/RTX 3060/17.3""","laptop","Acer","161953.31","Type: New. Model: Nitro; Storage Type: SSD; GPU: RTX 3060; Screen: 17.3; Touch: No","","Intel Core i9","16","512.0"
"2303","Alurin Go Start Intel Celeron N4020/8GB/256GB SSD/14"" + Windows 11 Home","laptop","Alurin","36706.92","Type: New. Model: Go; Storage Type: SSD; GPU: Unknown; Screen: 14.0; Touch: No","","Intel Celeron","8","256.0"
"2304","Asus ROG Zephyrus G15 GA503QR-HQ007T AMD Ryzen 7 5800HS/16GB/1TB SSD/RTX 3070/15.6""","laptop","Asus","173248.0","Type: Refurbished. Model: ROG; Storage Type: SSD; GPU: RTX 3070; Screen: 15.6; Touch: No","","AMD Ryzen 7","16","1000.0"
"2305","HP 15S-FQ4089NS Intel Core i5-1155G7/16GB/512GB SSD/15.6""","laptop","HP","74457.66","Type: New. Model: 15S; Storage Type: SSD; GPU: Unknown; Screen: 15.6; Touch: No","","Intel Core i5","16","512.0"
"2306","LG Gram UltraSlim 15Z90RT-G.AA75B Intel Evo Core i7-1360P/16GB/512GB SSD/15"" OLED","laptop","LG","235598.87","Type: New. Model: Gram; Storage Type: SSD; GPU: Unknown; Screen: 15.0; Touch: No","","Intel Evo Core i7","16","512.0"
"2307","Lenovo ThinkPad L13 Gen 2 AMD Ryzen 5 Pro 5650U/8GB/256GB SSD/13.3""","laptop","Lenovo","86515.72","Type: New. Model: ThinkPad; Storage Type: SSD; GPU: Unknown; Screen: 13.3; Touch: No","","AMD Ryzen 5","8","256.0"
"2308","ASUS ExpertBook B5 Flip B5402FEA-HY0119X Intel Core i5-1155G7/16GB/512GB SSD/14"" TÃ¡ctil","laptop","Asus","129827.72","Type: New. Model: ExpertBook; Storage Type: SSD; GPU: Unknown; Screen: 14.0; Touch: Yes","","Intel Core i5","16","512.0"
"2309","Dell Latitude 5510 Intel Core i5-10210U/8GB/256GB SSD/15.6""","laptop","Dell","108171.72","Type: Refurbished. Model: Latitude; Storage Type: SSD; GPU: Unknown; Screen: 15.6; Touch: No","","Intel Core i5","8","256.0"
"2310","HP 15S-EQ2131NS AMD Ryzen 3 5300U/8GB/256GB SSD/15.6""","laptop","HP","42381.87","Type: New. Model: 15S; Storage Type: SSD; GPU: Unknown; Screen: 15.6; Touch: No","","AMD Ryzen 3","8","256.0"
"2311","HP 255 G9 AMD Ryzen 5 5625U/8GB/512GB SSD/15.6""","laptop","HP","53923.44","Type: New. Model: 255; Storage Type: SSD; GPU: Unknown; Screen: 15.6; Touch: No","","AMD Ryzen 5","8","512.0"
"2312","HP ProBook 450 G9 Intel Core i5-1235U/8GB/256GB SSD/15.6""","laptop","HP","92621.63","Type: New. Model: ProBook; Storage Type: SSD; GPU: Unknown; Screen: 15.6; Touch: No","","Intel Core i5","8","256.0"
"2313","Lenovo Legion 5 15IAH7H Intel Core i7-12700H/16GB/512GB SSD/RTX 3060/15.6""","laptop","Lenovo","198152.4","Type: New. Model: Legion; Storage Type: SSD; GPU: RTX 3060; Screen: 15.6; Touch: No","","Intel Core i7","16","512.0"
"2314","Lenovo ThinkPad E14 Gen 4 Intel Core i5-1235U/8GB/256GB SSD/14""","laptop","Lenovo","111311.84","Type: New. Model: ThinkPad; Storage Type: SSD; GPU: Unknown; Screen: 14.0; Touch: No","","Intel Core i5","8","256.0"
"2315","Lenovo ThinkPad P15v Gen 3 Intel Core i7-12700H/16GB/512GB SSD/Quadro T600/15.6""","laptop","Lenovo","244820.0","Type: New. Model: ThinkPad; Storage Type: SSD; GPU: T 600; Screen: 15.6; Touch: No","","Intel Core i7","16","512.0"
"2316","Lenovo Yoga 7 14ARB7 AMD Ryzen 7 6800U/16GB/512GB SSD/14"" TÃ¡ctil","laptop","Lenovo","155706.64","Type: New. Model: Yoga; Storage Type: SSD; GPU: Unknown; Screen: 14.0; Touch: Yes","","AMD Ryzen 7","16","512.0"
"2317","Prixton Netbook Pro Intel Celeron N4020/4GB/128GB/15.6""","laptop","Prixton","26739.75","Type: New. Model: Netbook Pro; Storage Type: Unknown; GPU: Unknown; Screen: 15.6; Touch: No","","Intel Celeron","4","128.0"
"2318","Apple MacBook Pro Intel Core i5 1.4GHz/8GB/256GB SSD/13.3"" Plata","laptop","Apple","82206.18","Type: Refurbished. Model: MacBook Pro; Storage Type: SSD; GPU: Unknown; Screen: 13.3; Touch: No","","Intel Core i5","8","256.0"
"2319","ASUS ExpertBook P1412CEA-EK0298XA Intel Core i3-1115G4/8GB/256GB SSD/14""","laptop","Asus","55345.16","Type: New. Model: ExpertBook; Storage Type: SSD; GPU: Unknown; Screen: 14.0; Touch: No","","Intel Core i3","8","256.0"
"2320","ASUS VivoBook 16 F1605PA-MB104 Intel Core i5-11300H/8GB/512GB SSD/16""","laptop","Asus","54140.0","Type: New. Model: VivoBook; Storage Type: SSD; GPU: Unknown; Screen: 16.0; Touch: No","","Intel Core i5","8","512.0"
"2321","Acer Extensa 15 EX215-22-R3V0 AMD Ryzen 5 3500U/8GB/256GB SSD/15.6""","laptop","Acer","47534.92","Type: New. Model: Extensa; Storage Type: SSD; GPU: Unknown; Screen: 15.6; Touch: No","","AMD Ryzen 5","8","256.0"
"2322","Dell Vostro 15 AMD Ryzen 5 5625U/8GB/256GB SSD/15.6""","laptop","Dell","57387.32","Type: Refurbished. Model: Vostro; Storage Type: SSD; GPU: Unknown; Screen: 15.6; Touch: No","","AMD Ryzen 5","8","256.0"
"2323","MSI Vector GP77 13VG-068XPT Intel Core  i7-13700H/32GB/1TB SSD/RTX4070/17.3"" (PT)","laptop","MSI","288084.35","Type: New. Model: Vector; Storage Type: SSD; GPU: RTX 4070; Screen: 17.3; Touch: No","","Intel Core i7","32","1000.0"
"2324","Lenovo V15 G2-ITL Intel Core i5-1135G7/8GB/512GB SSD/15.6""","laptop","Lenovo","87728.46","Type: New. Model: V15; Storage Type: SSD; GPU: Unknown; Screen: 15.6; Touch: No","","Intel Core i5","8","512.0"
"2325","Lenovo ThinkPad L13 Gen 2 Intel Core i5-1135G7/8GB/256GB SSD/13.3""","laptop","Lenovo","109186.3","Type: Refurbished. Model: ThinkPad; Storage Type: SSD; GPU: Unknown; Screen: 13.3; Touch: No","","Intel Core i5","8","256.0"
"2326","HP 15S-FQ4074NS Intel Core  i5-1155G7/8GB/1TB SSD/15.6""","laptop","HP","77420.2","Type: New. Model: 15S; Storage Type: SSD; GPU: Unknown; Screen: 15.6; Touch: No","","Intel Core i5","8","1000.0"
"2327","ASUS ZenBook 14 UM3402YA-KP286 AMD Ryzen 5 5625U/8GB/512GB SSD/14""","laptop","Asus","81803.37","Type: New. Model: ZenBook; Storage Type: SSD; GPU: Unknown; Screen: 14.0; Touch: No","","AMD Ryzen 5","8","512.0"
"2328","Dell Vostro 5320 Intel Evo Core i7-1260P/16GB/512GB SSD/13.3""","laptop","Dell","131668.48","Type: New. Model: Vostro; Storage Type: SSD; GPU: Unknown; Screen: 13.3; Touch: No","","Intel Evo Core i7","16","512.0"
"2329","Lenovo ThinkPad P1 Gen 3 Intel Core i7-10750H/16GB/512GB SSD/Quadro T1000/15.6""","laptop","Lenovo","201075.96","Type: New. Model: ThinkPad; Storage Type: SSD; GPU: T 1000; Screen: 15.6; Touch: No","","Intel Core i7","16","512.0"
"2330","Apple MacBook Pro Apple M1 Pro/16GB/1TB SSD/14.2"" Gris Espacial","laptop","Apple","297661.72","Type: Refurbished. Model: MacBook Pro; Storage Type: SSD; GPU: Unknown; Screen: 14.2; Touch: No","","Apple M1 Pro","16","1000.0"
"2331","ASUS Chromebook CX9400CEA-KC0172 Intel Core i5-1135G7/8GB/256GB SSD/14""","laptop","Asus","123821.43","Type: New. Model: Chromebook; Storage Type: SSD; GPU: Unknown; Screen: 14.0; Touch: No","","Intel Core i5","8","256.0"
"2332","ASUS F515EA Intel Core i5-1135G7/12GB/512GB SSD/15.6'' (PT)","laptop","Asus","89307.18","Type: New. Model: F515; Storage Type: SSD; GPU: Unknown; Screen: 15.6; Touch: No","","Intel Core i5","12","512.0"
"2333","ASUS TUF Gaming A15 TUF507NV-LP042 AMD Ryzen 7 7735HS/16GB/1TB SSD/RTX 4060/15.6""","laptop","Asus","144554.88","Type: New. Model: TUF; Storage Type: SSD; GPU: RTX 4060; Screen: 15.6; Touch: No","","AMD Ryzen 7","16","1000.0"
"2334","Dell Vostro 3510 Intel Core i7-1165G7/16GB/512GB SSD/15.6""","laptop","Dell","100933.2","Type: Refurbished. Model: Vostro; Storage Type: SSD; GPU: Unknown; Screen: 15.6; Touch: No","","Intel Core i7","16","512.0"
"2335","HP 15S-FQ3001NS Intel Celeron N4500/4GB/128GB SSD/15.6""","laptop","HP","42813.91","Type: New. Model: 15S; Storage Type: SSD; GPU: Unknown; Screen: 15.6; Touch: No","","Intel Celeron","4","128.0"
"2336","HP 15S-eq2126ns AMD Ryzen 3 5300U/8GB/256GB SSD/15.6""","laptop","HP","57280.12","Type: New. Model: 15S; Storage Type: SSD; GPU: Unknown; Screen: 15.6; Touch: No","","AMD Ryzen 3","8","256.0"
"2337","HP EliteBook 830 G9 Intel Core i5-1235U/16GB/512GB SSD/13.3""","laptop","HP","148917.48","Type: New. Model: EliteBook; Storage Type: SSD; GPU: Unknown; Screen: 13.3; Touch: No","","Intel Core i5","16","512.0"
"2338","Lenovo 100w Gen 3 AMD 3015e/4GB/128GB eMMC/11.6""","laptop","Lenovo","42987.16","Type: New. Model: 100w; Storage Type: eMMC; GPU: Unknown; Screen: 11.6; Touch: No","","AMD 3015e","4","128.0"
"2339","Lenovo IdeaPad 3 Gen 7 AMD Ryzen 7 5825U/16GB/512GB SSD/17.3""","laptop","Lenovo","123107.86","Type: New. Model: IdeaPad; Storage Type: SSD; GPU: Unknown; Screen: 17.3; Touch: No","","AMD Ryzen 7","16","512.0"
"2340","Lenovo ThinkPad T14 Gen 3 Intel Core i7-1260P/16GB/512GB SSD/14""","laptop","Lenovo","202656.85","Type: New. Model: ThinkPad; Storage Type: SSD; GPU: Unknown; Screen: 14.0; Touch: No","","Intel Core i7","16","512.0"
"2341","Medion Akoya E15301 AMD Ryzen 5 3500U/8 GB/256 GB SSD/15.6""","laptop","Medion","43310.92","Type: New. Model: Akoya; Storage Type: SSD; GPU: Unknown; Screen: 15.6; Touch: No","","AMD Ryzen 5","8","256.0"
"2342","Primux IoxBook 15R3A AMD Ryzen 3-3200U/8GB/256GB SSD/15.6""","laptop","Primux","64904.11","Type: New. Model: Ioxbook; Storage Type: SSD; GPU: Unknown; Screen: 15.6; Touch: No","","AMD Ryzen 3","8","256.0"
"2343","HP 255 G8 AMD Ryzen 5 5500U/16 GB/512 GB SSD/15.6""","laptop","HP","64427.68","Type: New. Model: 255; Storage Type: SSD; GPU: Unknown; Screen: 15.6; Touch: No","","AMD Ryzen 5","16","512.0"
"2344","Lenovo IdeaPad Duet 3 Chrome 11Q727 Qualcomm Snapdragon 7c Gen 2/8GB/128GB eMMC/10.95"" TÃ¡ctil","laptop","Lenovo","57496.68","Type: New. Model: IdeaPad; Storage Type: eMMC; GPU: Unknown; Screen: 10.95; Touch: Yes","","Qualcomm Snapdragon 7","8","128.0"
"2345","Lenovo V15 G2 ITL Intel Core i7-1165G7/8GB/512GB SSD/15.6""","laptop","Lenovo","76770.52","Type: New. Model: V15; Storage Type: SSD; GPU: Unknown; Screen: 15.6; Touch: No","","Intel Core i7","8","512.0"
"2346","ASUS ROG Flow X16 GV601RW-M5041W AMD Ryzen 9 6900HS/32GB/1TB SSD/RTX 3070Ti/16"" TÃ¡ctil","laptop","Asus","357215.72","Type: Refurbished. Model: ROG; Storage Type: SSD; GPU: RTX 3070; Screen: 16.0; Touch: Yes","","AMD Ryzen 9","32","1000.0"
"2347","Apple MacBook Pro Intel Core i5/16Gb/512GB SSD/13.3"" Gris Espacial","laptop","Apple","141039.03","Type: Refurbished. Model: MacBook Pro; Storage Type: SSD; GPU: Unknown; Screen: 13.3; Touch: No","","Intel Core i5","16","512.0"
"2348","Apple Macbook Pro Intel CoreÂ i7/16GB/512GB SSD/RadeonÂ Pro 5300M/16"" Plata","laptop","Apple","118424.75","Type: Refurbished. Model: MacBook Pro; Storage Type: SSD; GPU: Radeon Pro 5300M; Screen: 16.0; Touch: No","","Intel Core i7","16","512.0"
"2349","Lenovo Legion Pro 5 16IRX8 Intel Core i7-13700HX/32GB/1TB SSD/RTX 4060/16""","laptop","Lenovo","238108.8","Type: New. Model: Legion; Storage Type: SSD; GPU: RTX 4060; Screen: 16.0; Touch: No","","Intel Core i7","32","1000.0"
"2350","ASUS ExpertBook B1 B1402CBA-EB0822X Intel Core i5-1235U/16GB/512GB SSD/14""","laptop","Asus","87888.71","Type: New. Model: ExpertBook; Storage Type: SSD; GPU: Unknown; Screen: 14.0; Touch: No","","Intel Core i5","16","512.0"
"2351","Asus VivoBook S15 S533FA-BQ108T Intel Core i5-10210U/8GB/256GB SSD/15.6""","laptop","Asus","69190.92","Type: New. Model: VivoBook; Storage Type: SSD; GPU: Unknown; Screen: 15.6; Touch: No","","Intel Core i5","8","256.0"
"2352","Dell Latitude 5330 Intel Core i7-1265U/16GB/512GB SSD/13.3""","laptop","Dell","137135.54","Type: New. Model: Latitude; Storage Type: SSD; GPU: Unknown; Screen: 13.3; Touch: No","","Intel Core i7","16","512.0"
"2353","HP 15S-EQ2085NS AMD Ryzen 5 5500U/8GB/512GB SSD/15.6""","laptop","HP","58090.05","Type: New. Model: 15S; Storage Type: SSD; GPU: Unknown; Screen: 15.6; Touch: No","","AMD Ryzen 5","8","512.0"
"2354","HP 15S-FQ4107NS Intel Core i5-1155G7/8GB/512GB SSD/15.6""","laptop","HP","59770.56","Type: New. Model: 15S; Storage Type: SSD; GPU: Unknown; Screen: 15.6; Touch: No","","Intel Core i5","8","512.0"
"2355","PcCom Revolt 4060 Intel Core i7-13700H/16GB/1TB SSD/RTX 4060/15.6Â","laptop","PcCom","194893.17","Type: New. Model: Revolt; Storage Type: SSD; GPU: RTX 4060; Screen: 15.6; Touch: No","","Intel Core i7","16","1000.0"
"2356","Apple Macbook Pro Intel CoreÂ i9/32GB/2TB SSD/RadeonÂ Pro 5500M/16"" Gris Espacial","laptop","Apple","298311.4","Type: Refurbished. Model: MacBook Pro; Storage Type: SSD; GPU: Radeon Pro 5500M; Screen: 16.0; Touch: No","","Intel Core i9","32","2000.0"
"2357","HP Pavilion 15-EH1007NS AMD Ryzen 5 5500U/16GB/512GB SSD/15.6""","laptop","HP","72656.96","Type: New. Model: Pavilion; Storage Type: SSD; GPU: Unknown; Screen: 15.6; Touch: No","","AMD Ryzen 5","16","512.0"
"2358","Microsoft Surface Pro 7 Intel Core i5-1035G4/8GB/256 GB SSD/12.3"" Platino","laptop","Microsoft","93770.48","Type: Refurbished. Model: Surface Pro; Storage Type: SSD; GPU: Unknown; Screen: 12.3; Touch: No","","Intel Core i5","8","256.0"
"2359","Samsung Chromebook 4 XE310XBA-K01ES Intel Celeron N4000/4GB/32GB eMMC/11.6""","laptop","Samsung","39619.65","Type: New. Model: Chromebook; Storage Type: eMMC; GPU: Unknown; Screen: 11.6; Touch: No","","Intel Celeron","4","32.0"
"2360","Acer Extensa 15 EX215-52-53XM Intel Core i5-1035G1/8GB/256GB SSD/15.6""","laptop","Acer","53528.22","Type: New. Model: Extensa; Storage Type: SSD; GPU: Unknown; Screen: 15.6; Touch: No","","Intel Core i5","8","256.0"
"2361","MSI Prestige 16 A12UD-221XES Intel Core i7-1280P/16GB/1TB SSD/RTX 3050Ti/16"" + M31 RatÃ³n Ãptico 3600DPI","laptop","MSI","207032.44","Type: New. Model: Prestige; Storage Type: SSD; GPU: RTX 3050; Screen: 16.0; Touch: No","","Intel Core i7","16","1000.0"
"2362","ASUS VivoBook 17 F1704VA-AU080W Intel Core i5-1335U/16GB/512GB SSD/17.3""","laptop","Asus","93357.93","Type: New. Model: VivoBook; Storage Type: SSD; GPU: Unknown; Screen: 17.3; Touch: No","","Intel Core i5","16","512.0"
"2363","Apple MacBook Pro Intel Core i5/8GB/512GB SSD/13"" Plata","laptop","Apple","92696.34","Type: Refurbished. Model: MacBook Pro; Storage Type: SSD; GPU: Unknown; Screen: 13.0; Touch: No","","Intel Core i5","8","512.0"
"2364","HP 15S-EQ2101NS AMD Ryzen 5 5500U/8GB/256GB SSD/15.6""","laptop","HP","51785.99","Type: New. Model: 15S; Storage Type: SSD; GPU: Unknown; Screen: 15.6; Touch: No","","AMD Ryzen 5","8","256.0"
"2365","HP 15S-EQ2110NS AMD Ryzen 3 5300U/8GB/512GB SSD/15.6""","laptop","HP","43895.63","Type: New. Model: 15S; Storage Type: SSD; GPU: Unknown; Screen: 15.6; Touch: No","","AMD Ryzen 3","8","512.0"
"2366","HP 15S-FQ4102NS Intel Core i7-1195G7/8GB/512GB SSD/15.6""","laptop","HP","79546.82","Type: New. Model: 15S; Storage Type: SSD; GPU: Unknown; Screen: 15.6; Touch: No","","Intel Core i7","8","512.0"
"2367","HP 255 G9 AMD Ryzen 5 5625U/8GB/512 GB SSD/15.6""","laptop","HP","54955.35","Type: New. Model: 255; Storage Type: SSD; GPU: Unknown; Screen: 15.6; Touch: No","","AMD Ryzen 5","8","512.0"
"2368","Lenovo ThinkBook 13s G4 IAP Intel Core i7-1260P/16GB/512GB SSD/13.3""","laptop","Lenovo","139485.21","Type: New. Model: ThinkBook; Storage Type: SSD; GPU: Unknown; Screen: 13.3; Touch: No","","Intel Core i7","16","512.0"
"2369","ASUS VivoBook Pro 15 OLED K3500PC-L1293 Intel Core i5-11300H/16 GB/512GB SSD/RTX 3050/15.6""","laptop","Asus","118999.72","Type: Refurbished. Model: VivoBook; Storage Type: SSD; GPU: RTX 3050; Screen: 15.6; Touch: No","","Intel Core i5","16","512.0"
"2370","Lenovo V15 G3 IAP Intel Core i7-1255U/8GB/512GB SSD/15.6""","laptop","Lenovo","97809.32","Type: New. Model: V15; Storage Type: SSD; GPU: Unknown; Screen: 15.6; Touch: No","","Intel Core i7","8","512.0"
"2371","Microsoft Surface Pro 9 Platino Intel Evo Core i5-1235U/8GB/256GB SSD/13"" TÃ¡ctil","laptop","Microsoft","140106.74","Type: New. Model: Surface Pro; Storage Type: SSD; GPU: Unknown; Screen: 13.0; Touch: Yes","","Intel Evo Core i5","8","256.0"
"2372","Apple MacBook Air Intel Core i5 1.6GHz/8GB/256GB SSD/13.3"" Retina Plata","laptop","Apple","71005.69","Type: Refurbished. Model: MacBook Air; Storage Type: SSD; GPU: Unknown; Screen: 13.3; Touch: No","","Intel Core i5","8","256.0"
"2373","Apple MacBook Air Intel Core i5/16GB/512GB SSD/13.3"" Dorado Rosa","laptop","Apple","95826.72","Type: Refurbished. Model: MacBook Air; Storage Type: SSD; GPU: Unknown; Screen: 13.3; Touch: No","","Intel Core i5","16","512.0"
"2374","Apple MacBook Pro Apple M1/8GB/256GB SSD/13.3"" Gris Espacial","laptop","Apple","111502.41","Type: Refurbished. Model: MacBook Pro; Storage Type: SSD; GPU: Unknown; Screen: 13.3; Touch: No","","Apple M1","8","256.0"
"2375","HP ProBook 430 G5 Intel Core i5-8250U/8GB/256GB SSD/13.3""","laptop","HP","44719.64","Type: Refurbished. Model: ProBook; Storage Type: SSD; GPU: Unknown; Screen: 13.3; Touch: No","","Intel Core i5","8","256.0"
"2376","Dell Latitude 5530 Intel Core i7-1255U/16GB/512GB SSD/15.6""","laptop","Dell","144468.26","Type: New. Model: Latitude; Storage Type: SSD; GPU: Unknown; Screen: 15.6; Touch: No","","Intel Core i7","16","512.0"
"2377","Lenovo ThinkBook 16 G4+ IAP Intel Core i7-1255U/16GB/512GB SSD/16""","laptop","Lenovo","133550.39","Type: New. Model: ThinkBook; Storage Type: SSD; GPU: Unknown; Screen: 16.0; Touch: No","","Intel Core i7","16","512.0"
"2378","Lenovo V17 G3 IAP Intel Core i5-1235U/16GB/512GB SSD/17.3""","laptop","Lenovo","108238.85","Type: New. Model: V17; Storage Type: SSD; GPU: Unknown; Screen: 17.3; Touch: No","","Intel Core i5","16","512.0"
"2379","Samsung Chromebook Go Intel Celeron N4500/4GB/64GB eMMC/14""","laptop","Samsung","39984.56","Type: New. Model: Chromebook; Storage Type: eMMC; GPU: Unknown; Screen: 14.0; Touch: No","","Intel Celeron","4","64.0"
"2380","ASUS ROG Strix G17  G713PV-R97B46CB1 AMD Ryzen 9 7945HX/16GB/1TB SSD/RTX4060/17.3"" (PT)","laptop","Asus","238548.42","Type: New. Model: ROG; Storage Type: SSD; GPU: RTX 4060; Screen: 17.3; Touch: No","","AMD Ryzen 9","16","1000.0"
"2381","Asus Rog Strix G15 G513QY-HQ008 AMD Ryzen 9 5900HX/16GB/1TB SSD/RX6800M/15.6""","laptop","Asus","135197.33","Type: Refurbished. Model: ROG; Storage Type: SSD; GPU: Unknown; Screen: 15.6; Touch: No","","AMD Ryzen 9","16","1000.0"
"2382","Apple MacBook Pro Intel Core i5 1.4GHz/8GB/256GB SSD/13.3"" Gris Espacial","laptop","Apple","82206.18","Type: Refurbished. Model: MacBook Pro; Storage Type: SSD; GPU: Unknown; Screen: 13.3; Touch: No","","Intel Core i5","8","256.0"
"2383","Lenovo ThinkPad P14s Gen 3 Intel Core i7-1260P/32GB/1TB SSD/Quadro T550/14""","laptop","Lenovo","274922.92","Type: New. Model: ThinkPad; Storage Type: SSD; GPU: T 550; Screen: 14.0; Touch: No","","Intel Core i7","32","1000.0"
"2384","Acer Aspire 3 A317-53G-54LF Intel Core i5-1135G7/8GB/512GB SSD/MX350/17.3""","laptop","Acer","77233.96","Type: Refurbished. Model: Aspire; Storage Type: SSD; GPU: Unknown; Screen: 17.3; Touch: No","","Intel Core i5","8","512.0"
"2385","HP 15S-fq4015ns Intel Core i5-1155G7/8GB/512GB SSD/15.6""","laptop","HP","57408.97","Type: New. Model: 15S; Storage Type: SSD; GPU: Unknown; Screen: 15.6; Touch: No","","Intel Core i5","8","512.0"
"2386","HP Victus 16-E0069NS AMD Ryzen 5 5600H/8GB/512GB SSD/GTX 1650/16.1""","laptop","HP","91548.57","Type: New. Model: Victus; Storage Type: SSD; GPU: GTX 1650; Screen: 16.1; Touch: No","","AMD Ryzen 5","8","512.0"
"2387","MSI Katana 17 B13VFK-439PT Intel Core i7-13620H/16GB/1TB SSD/RTX 4060/17.3'' (PT)","laptop","MSI","208746.52","Type: New. Model: Katana; Storage Type: SSD; GPU: RTX 4060; Screen: 17.3; Touch: No","","Intel Core i7","16","1000.0"
"2388","ASUS F415EA-EK1464 Intel Core i3-1115G4/8GB/256GB SSD/14""","laptop","Asus","51068.1","Type: New. Model: F415EA; Storage Type: SSD; GPU: Unknown; Screen: 14.0; Touch: No","","Intel Core i3","8","256.0"
"2389","ASUS VivoBook F515EA-BQ3013W Intel Core i5-1135G7/8GB/512GB/15.6""","laptop","Asus","57063.56","Type: New. Model: VivoBook; Storage Type: Unknown; GPU: Unknown; Screen: 15.6; Touch: No","","Intel Core i5","8","512.0"
"2390","Dell Latitude 5430 Intel Core i5-1235U/8GB/256GB SSD/14""","laptop","Dell","111786.11","Type: New. Model: Latitude; Storage Type: SSD; GPU: Unknown; Screen: 14.0; Touch: No","","Intel Core i5","8","256.0"
"2391","Lenovo IdeaPad 5 14ALC05 AMD Ryzen 5 5500U/16GB/512 GB SSD/14""","laptop","Lenovo","81101.72","Type: New. Model: IdeaPad; Storage Type: SSD; GPU: Unknown; Screen: 14.0; Touch: No","","AMD Ryzen 5","16","512.0"
"2392","Lenovo V15 G2 ALC AMD Ryzen 5 5500U/8 GB/512GB SSD/15.6""","laptop","Lenovo","47534.92","Type: New. Model: V15; Storage Type: SSD; GPU: Unknown; Screen: 15.6; Touch: No","","AMD Ryzen 5","8","512.0"
"2393","Lenovo V15 G3 IAP Intel Core i7-1255U/16GB/512GB SSD/15.6""","laptop","Lenovo","100726.39","Type: New. Model: V15; Storage Type: SSD; GPU: Unknown; Screen: 15.6; Touch: No","","Intel Core i7","16","512.0"
"2394","MSI Katana GF66 12UGS-665XES Intel Core i7-12700H/32GB/1TB SSD/RTX3070Ti/15.6""","laptop","MSI","205623.72","Type: Refurbished. Model: Katana; Storage Type: SSD; GPU: RTX 3070; Screen: 15.6; Touch: No","","Intel Core i7","32","1000.0"
"2395","ASUS ExpertBook B1 B1500CEAE-EJ2824X Intel Core i5-1135G7/8GB/512GB SSD/15.6""","laptop","Asus","75038.04","Type: New. Model: ExpertBook; Storage Type: SSD; GPU: Unknown; Screen: 15.6; Touch: No","","Intel Core i5","8","512.0"
"2396","ASUS TUF Dash F15 TUF517ZM-HN078 Intel Core i7-12650H/16GB/512GB SSD/RTX 3060/15.6""","laptop","Asus","118566.6","Type: New. Model: TUF; Storage Type: SSD; GPU: RTX 3060; Screen: 15.6; Touch: No","","Intel Core i7","16","512.0"
"2397","ASUS VivoBook 13 Slate OLED T3300KA-LQ069W Intel Pentium Silver N6000/8 GB/128GB SSD/13.3"" TÃ¡ctil","laptop","Asus","81208.92","Type: New. Model: VivoBook; Storage Type: SSD; GPU: Unknown; Screen: 13.3; Touch: Yes","","Intel Pentium","8","128.0"
"2398","Acer Aspire 5 A514-54G-59FU Intel Core i5-1135G7/8GB/512GB SSD/MX350/14""","laptop","Acer","83330.12","Type: New. Model: Aspire; Storage Type: SSD; GPU: Unknown; Screen: 14.0; Touch: No","","Intel Core i5","8","512.0"
"2399","Acer Extensa 15 EX215-52-59MA Intel Core i5-1035G1/8GB/256GB SSD/15.6""","laptop","Acer","57583.3","Type: New. Model: Extensa; Storage Type: SSD; GPU: Unknown; Screen: 15.6; Touch: No","","Intel Core i5","8","256.0"
"2400","Acer Extensa 15 EX215-54-51HW Intel Core i5-1135G7/8GB/256GB SSD/15.6""","laptop","Acer","57377.57","Type: New. Model: Extensa; Storage Type: SSD; GPU: Unknown; Screen: 15.6; Touch: No","","Intel Core i5","8","256.0"
"2401","Lenovo IdeaPad 3 14ALC6 AMD Ryzen 5 5500U/8 GB/512GB SSD/14""","laptop","Lenovo","81967.96","Type: New. Model: IdeaPad; Storage Type: SSD; GPU: Unknown; Screen: 14.0; Touch: No","","AMD Ryzen 5","8","512.0"
"2402","Lenovo ThinkPad E14 G4 Intel Core i5-1235U/16GB/512GB SSD/14""","laptop","Lenovo","115751.32","Type: New. Model: ThinkPad; Storage Type: SSD; GPU: Unknown; Screen: 14.0; Touch: No","","Intel Core i5","16","512.0"
"2403","MSI Raider GE78HX 13VH-065ES Intel Core i9-13950HX/32GB/2TB SSD/RTX 4080/17""","laptop","MSI","774252.89","Type: New. Model: Raider; Storage Type: SSD; GPU: RTX 4080; Screen: 17.0; Touch: No","","Intel Core i9","32","2000.0"
"2404","HP EliteBook x360 1030 G3 Intel Core i5-8250U/8GB/256GB SSD/13.3"" TÃ¡ctil","laptop","HP","67133.6","Type: Refurbished. Model: EliteBook; Storage Type: SSD; GPU: Unknown; Screen: 13.3; Touch: Yes","","Intel Core i5","8","256.0"
"2405","Lenovo LOQ 15IRH8-279 Intel Core i5-13500H/16GB/512GB SSD/RTX4060/15.6"" (PT)","laptop","Lenovo","162239.17","Type: New. Model: LOQ; Storage Type: SSD; GPU: RTX 4060; Screen: 15.6; Touch: No","","Intel Core i5","16","512.0"
"2406","Acer Chromebook 314 CB314-1H-C07W Intel Celeron N4020/8GB/64GB eMMC/14"" + Funda Protectora con Bolsillo Frontal","laptop","Acer","40496.72","Type: New. Model: Chromebook; Storage Type: eMMC; GPU: Unknown; Screen: 14.0; Touch: No","","Intel Celeron","8","64.0"
"2407","ASUS TUF Gaming F15 FX506HE-HN012 Intel Core i5-11400H/16 GB/512GB SSD/RTX 3050Ti/15.6""","laptop","Asus","102757.72","Type: Refurbished. Model: TUF; Storage Type: SSD; GPU: RTX 3050; Screen: 15.6; Touch: No","","Intel Core i5","16","512.0"
"2408","Apple MacBook Intel Core M3/8GB/256GB/12"" Oro","laptop","Apple","59941.64","Type: Refurbished. Model: Macbook; Storage Type: Unknown; GPU: Unknown; Screen: 12.0; Touch: No","","Intel Core M3","8","256.0"
"2409","Dell Latitude 3330 Intel Core i5-1155G7/8 GB/256GB SSD/13.3""","laptop","Dell","98751.36","Type: New. Model: Latitude; Storage Type: SSD; GPU: Unknown; Screen: 13.3; Touch: No","","Intel Core i5","8","256.0"
"2410","Dell Vostro 5620 Intel Core i5-1240P/16GB/512GB SSD/16""","laptop","Dell","104122.05","Type: New. Model: Vostro; Storage Type: SSD; GPU: Unknown; Screen: 16.0; Touch: No","","Intel Core i5","16","512.0"
"2411","ASUS ZenBook 14 UM425UAZ-KI016W AMD Ryzen 7 5700U/16GB/512GB SSD/14""","laptop","Asus","91929.72","Type: Refurbished. Model: ZenBook; Storage Type: SSD; GPU: Unknown; Screen: 14.0; Touch: No","","AMD Ryzen 7","16","512.0"
"2412","ASUS Zenbook 14 OLED UX3402ZA-KM023W Intel Evo Core i7-1260P/16GB/512GB SSD/14""","laptop","Asus","140655.72","Type: New. Model: ZenBook; Storage Type: SSD; GPU: Unknown; Screen: 14.0; Touch: No","","Intel Evo Core i7","16","512.0"
"2413","Asus VivoBook S14 S433EA-AM612T Intel Core i7-1165G7/16GB/512GB SSD/14""","laptop","Asus","86515.72","Type: Refurbished. Model: VivoBook; Storage Type: SSD; GPU: Unknown; Screen: 14.0; Touch: No","","Intel Core i7","16","512.0"
"2414","ASUS VivoBook 17 F1704VA-AU116W Intel Core i7-1355U/16GB/512GB SSD/17.3""","laptop","Asus","98751.36","Type: New. Model: VivoBook; Storage Type: SSD; GPU: Unknown; Screen: 17.3; Touch: No","","Intel Core i7","16","512.0"
"2415","HP Pavilion 15-EG1008NS Intel Core i7-1195G7/16GB/512GB SSD/15.6""","laptop","HP","103941.22","Type: New. Model: Pavilion; Storage Type: SSD; GPU: Unknown; Screen: 15.6; Touch: No","","Intel Core i7","16","512.0"
"2416","HP Pavilion x360 14-ek0031ns Intel Core i7-1255U/16GB/512GB SSD/14"" TÃ¡ctil","laptop","HP","137253.56","Type: New. Model: Pavilion; Storage Type: SSD; GPU: Unknown; Screen: 14.0; Touch: Yes","","Intel Core i7","16","512.0"
"2417","ASUS ZenBook 13 OLED UX325EA Intel Evo Core i7-1165G7/16GB/512GB SSD/13.3""","laptop","Asus","110012.48","Type: New. Model: ZenBook; Storage Type: SSD; GPU: Unknown; Screen: 13.3; Touch: No","","Intel Evo Core i7","16","512.0"
"2418","Dell Vostro 5320 Intel Evo Core i5-1240P/16GB/512GB SSD/13.3""","laptop","Dell","110471.59","Type: New. Model: Vostro; Storage Type: SSD; GPU: Unknown; Screen: 13.3; Touch: No","","Intel Evo Core i5","16","512.0"
"2419","ASUS P1511CEA-BR1796X Intel Core i5-1135G7/8GB/512GB SSD/15.6""","laptop","Asus","75687.72","Type: Refurbished. Model: BR; Storage Type: SSD; GPU: Unknown; Screen: 15.6; Touch: No","","Intel Core i5","8","512.0"
"2420","Acer Aspire 3 A315-58-79LA Intel Core i7-1165G7/16GB/512GB SSD/15.6""","laptop","Acer","63510.55","Type: Refurbished. Model: Aspire; Storage Type: SSD; GPU: Unknown; Screen: 15.6; Touch: No","","Intel Core i7","16","512.0"
"2421","Acer Extensa 15 EX215-54-54AL Intel Core i5-1135G7/8GB/256GB SSD/15.6""","laptop","Acer","76840.9","Type: New. Model: Extensa; Storage Type: SSD; GPU: Unknown; Screen: 15.6; Touch: No","","Intel Core i5","8","256.0"
"2422","Aspire 3 A315-56-35D3 Intel Core i3-1005G1 8GB/512GB SSD/15.6"" (PT)","laptop","Acer","36841.19","Type: Refurbished. Model: Aspire; Storage Type: SSD; GPU: Unknown; Screen: 15.6; Touch: No","","Intel Core i3","8","512.0"
"2423","Asus ROG Zephyrus G14 GA401IU-HA123T AMD Ryzen 9 4900HS/16GB/1TB SSD/GTX 1660 Ti/14""","laptop","Asus","138342.86","Type: Refurbished. Model: ROG; Storage Type: SSD; GPU: GTX 1660; Screen: 14.0; Touch: No","","AMD Ryzen 9","16","1000.0"
"2424","Dynabook Toshiba Tecra A50-J-1BI Intel Core i5-1135G7/8GB/512GB SSD/15.6""","laptop","Dynabook Toshiba","103840.52","Type: Refurbished. Model: Tecra; Storage Type: SSD; GPU: Unknown; Screen: 15.6; Touch: No","","Intel Core i5","8","512.0"
"2425","MSI Creator Z17 A12UGST-040ES Intel Core i7-12700H/32GB/1TB SSD/RTX 3070 Ti/17"" TÃ¡ctil","laptop","MSI","335559.72","Type: Refurbished. Model: Creator; Storage Type: SSD; GPU: RTX 3070; Screen: 17.0; Touch: Yes","","Intel Core i7","32","1000.0"
"2426","MSI Pulse GL76 12UEK-245XES Intel Core i9-12900H/32GB/1TB SSD/RTX 3060/17.3""","laptop","MSI","216451.72","Type: Refurbished. Model: Pulse; Storage Type: SSD; GPU: RTX 3060; Screen: 17.3; Touch: No","","Intel Core i9","32","1000.0"
"2427","ASUS ROG Flow Z13 2022 GZ301ZE-LD183W Intel Core i9-12900H/16GB/1TB SSD/RTX 3050Ti/13.4"" TÃ¡ctil","laptop","Asus","205623.72","Type: Refurbished. Model: ROG; Storage Type: SSD; GPU: RTX 3050; Screen: 13.4; Touch: Yes","","Intel Core i9","16","1000.0"
"2428","ASUS ROG Strix G15 G513RM-HQ262 AMD Ryzen 7 6800H/16GB/1TB SSD/RTX 3060/15.6""","laptop","Asus","140655.72","Type: Refurbished. Model: ROG; Storage Type: SSD; GPU: RTX 3060; Screen: 15.6; Touch: No","","AMD Ryzen 7","16","1000.0"
"2429","ASUS TUF Gaming A15 2023 FA507NV-LP031W AMD Ryzen 7 7735HS/16GB/512GB SSD/RTX 4060/15.6"" + Gamepad para Xbox Series Negro","laptop","Asus","152566.52","Type: New. Model: TUF; Storage Type: SSD; GPU: RTX 4060; Screen: 15.6; Touch: No","","AMD Ryzen 7","16","512.0"
"2430","ASUS ZenBook 14 UM425QA-KI188 AMD Ryzen 5 5600H/16GB/512GB SSD/14""","laptop","Asus","65903.54","Type: Refurbished. Model: ZenBook; Storage Type: SSD; GPU: Unknown; Screen: 14.0; Touch: No","","AMD Ryzen 5","16","512.0"
"2431","Acer Nitro 5 AN515-58-7365 Intel Core i7-12700H/16GB/512GB SSD/RTX 3050Ti/15.6""","laptop","Acer","140655.72","Type: Refurbished. Model: Nitro; Storage Type: SSD; GPU: RTX 3050; Screen: 15.6; Touch: No","","Intel Core i7","16","512.0"
"2432","Acer Predator Helios 300 PH317-55-74GD Intel Core i7-11800H/16GB/1TB SSD/RTX3060/17.3""","laptop","Acer","162218.6","Type: Refurbished. Model: Predator; Storage Type: SSD; GPU: RTX 3060; Screen: 17.3; Touch: No","","Intel Core i7","16","1000.0"
"2433","Acer Predator Triton 500 SE PT516-51s-77EQ Intel Core i7-11800H/16GB/1TB SSD/RTX 3060/16""","laptop","Acer","119767.43","Type: Refurbished. Model: Predator; Storage Type: SSD; GPU: RTX 3060; Screen: 16.0; Touch: No","","Intel Core i7","16","1000.0"
"2434","Apple MacBook Air Intel Core i5/8GB/256GB SSD/13.3"" Plata","laptop","Apple","82869.93","Type: Refurbished. Model: MacBook Air; Storage Type: SSD; GPU: Unknown; Screen: 13.3; Touch: No","","Intel Core i5","8","256.0"
"2435","Apple MacBook Intel Core M3/8GB/256GB/12"" Gris Espacial","laptop","Apple","59941.64","Type: Refurbished. Model: Macbook; Storage Type: Unknown; GPU: Unknown; Screen: 12.0; Touch: No","","Intel Core M3","8","256.0"
"2436","Apple MacBook Intel Core i5/512GB/12"" Gris Espacial","laptop","Apple","74133.9","Type: Refurbished. Model: Macbook; Storage Type: Unknown; GPU: Unknown; Screen: 12.0; Touch: No","","Intel Core i5","8","512.0"
"2437","Apple MacBook Pro Apple M1 Pro/16GB/1TB SSD/14.2"" Plata","laptop","Apple","297661.72","Type: Refurbished. Model: MacBook Pro; Storage Type: SSD; GPU: Unknown; Screen: 14.2; Touch: No","","Apple M1 Pro","16","1000.0"
"2438","Apple MacBook Pro Intel Core i5/8GB/256GB SSD/13"" Gris Espacial","laptop","Apple","88329.41","Type: Refurbished. Model: MacBook Pro; Storage Type: SSD; GPU: Unknown; Screen: 13.0; Touch: No","","Intel Core i5","8","256.0"
"2439","Apple MacBook Pro Intel Core i7 2.6GHz/16GB/256GB SSD/Radeon Pro 555X/15.4"" Gris Espacial","laptop","Apple","121084.11","Type: Refurbished. Model: MacBook Pro; Storage Type: SSD; GPU: Unknown; Screen: 15.4; Touch: No","","Intel Core i7","16","256.0"
"2440","Apple Macbook Pro Intel CoreÂ i9/16GB/1TB SSD/RadeonÂ Pro 5500M/16"" Plata","laptop","Apple","208428.17","Type: Refurbished. Model: MacBook Pro; Storage Type: SSD; GPU: Radeon Pro 5500M; Screen: 16.0; Touch: No","","Intel Core i9","16","1000.0"
"2441","Asus TUF Gaming F15 FX506HM-HN014 Intel Core i7-11800H/16GB/1TB SSD/RTX 3060/15.6""","laptop","Asus","98084.36","Type: Refurbished. Model: TUF; Storage Type: SSD; GPU: RTX 3060; Screen: 15.6; Touch: No","","Intel Core i7","16","1000.0"
"2442","Asus ZenBook Flip 13 OLED UX363EA-HP525T Intel Core i7-1165G7/16GB/512GB SSD/13.3"" TÃ¡ctil","laptop","Asus","140655.72","Type: Refurbished. Model: ZenBook; Storage Type: SSD; GPU: Unknown; Screen: 13.3; Touch: Yes","","Intel Core i7","16","512.0"
"2443","Asus ZenBook S UX393EA-HK003T Intel Evo Core i7-1165G7/16GB/512GB SSD/13.9"" TÃ¡ctil","laptop","Asus","173139.72","Type: Refurbished. Model: ZenBook; Storage Type: SSD; GPU: Unknown; Screen: 13.9; Touch: Yes","","Intel Evo Core i7","16","512.0"
"2444","HP 250 G8 Intel Core i5-1135G7/8GB/512GB SSD/15.6"" Plata","laptop","HP","61349.28","Type: Refurbished. Model: 250; Storage Type: SSD; GPU: Unknown; Screen: 15.6; Touch: No","","Intel Core i5","8","512.0"
"2445","HP EliteBook 830 G7 Intel Core i5-10210U/16GB/512GB SSD/13.3""","laptop","HP","143925.78","Type: Refurbished. Model: EliteBook; Storage Type: SSD; GPU: Unknown; Screen: 13.3; Touch: No","","Intel Core i5","16","512.0"
"2446","HP OMEN 16-c0043ns AMD Ryzen 7 5800H/16GB/512GB SSD/RX 6600M/16.1""","laptop","HP","68686.34","Type: Refurbished. Model: Omen; Storage Type: SSD; GPU: Radeon RX 6600M; Screen: 16.1; Touch: No","","AMD Ryzen 7","16","512.0"
"2447","HP Omen 16-B0048NS Intel Core i7-11800H/16GB/1TB SSD/RTX 3060/16.1""","laptop","HP","156750.46","Type: Refurbished. Model: Omen; Storage Type: SSD; GPU: RTX 3060; Screen: 16.1; Touch: No","","Intel Core i7","16","1000.0"
"2448","HP ProBook 430 G7 8VT57EA Intel Core i7-10510U/16GB/512GB SSD/13.3""","laptop","HP","153863.71","Type: Refurbished. Model: ProBook; Storage Type: SSD; GPU: Unknown; Screen: 13.3; Touch: No","","Intel Core i7","16","512.0"
"2449","HP ProBook 640 G3 Intel Core i5-7200U/4GB/500GB/14""","laptop","HP","40064.68","Type: Refurbished. Model: ProBook; Storage Type: Unknown; GPU: Unknown; Screen: 14.0; Touch: No","","Intel Core i5","4","500.0"
"2450","HP Victus 16-E0006NP AMD Ryzen 7 5800H 8GB/512GB/RTX3050/16,1"" (PT)","laptop","HP","89784.69","Type: Refurbished. Model: Victus; Storage Type: Unknown; GPU: RTX 3050; Screen: 16.1; Touch: No","","AMD Ryzen 7","8","512.0"
"2451","LG Gram 16Z90Q-G.AP7BB Intel Evo Core i7-1260P/32GB/2TB SSD/16""","laptop","LG","203803.53","Type: Refurbished. Model: Gram; Storage Type: SSD; GPU: Unknown; Screen: 16.0; Touch: No","","Intel Evo Core i7","32","2000.0"
"2452","Lenovo ThinkPad E14 Gen 2 Intel Core i5-1135G7/8GB/256GB SSD/14""","laptop","Lenovo","145035.65","Type: Refurbished. Model: ThinkPad; Storage Type: SSD; GPU: Unknown; Screen: 14.0; Touch: No","","Intel Core i5","8","256.0"
"2453","MSI Creator Pro Z17 A12UMST-202ES Intel Core i7-12700H/32GB/1TB SSD/RTX A5500/17"" TÃ¡ctil","laptop","MSI","487151.72","Type: Refurbished. Model: Creator; Storage Type: SSD; GPU: RTX A5500; Screen: 17.0; Touch: Yes","","Intel Core i7","32","1000.0"
"2454","MSI GP76 Leopard 10UG-055XPT Intel Core i7-10870H/16GB/1TB SSD/RTX 3070/17.3'' (PT)","laptop","MSI","173139.72","Type: Refurbished. Model: Leopard; Storage Type: SSD; GPU: RTX 3070; Screen: 17.3; Touch: No","","Intel Core i7","16","1000.0"
"2455","MSI Modern 15 B12M-024XES Intel Core i7-1255U/16GB/512GB SSD/15.6""","laptop","MSI","87466.42","Type: Refurbished. Model: Modern; Storage Type: SSD; GPU: Unknown; Screen: 15.6; Touch: No","","Intel Core i7","16","512.0"
"2456","MSI Prestige 14 A11SCX-060ES Intel Core i7-1185G7/16GB/1TB SSD/GTX 1650/14""","laptop","MSI","178553.72","Type: Refurbished. Model: Prestige; Storage Type: SSD; GPU: GTX 1650; Screen: 14.0; Touch: No","","Intel Core i7","16","1000.0"
"2457","MSI Prestige 14 A12UC-230XES Intel Core i7-1280P/16GB/512GB SSD/RTX3050/14""","laptop","MSI","151483.72","Type: Refurbished. Model: Prestige; Storage Type: SSD; GPU: RTX 3050; Screen: 14.0; Touch: No","","Intel Core i7","16","512.0"
"2458","MSI Raider GE67HX 12UGS-023ES Intel Core i9-12900HX/32GB/1TB SSD/RTX 3070Ti/15.6""","laptop","MSI","357215.72","Type: Refurbished. Model: Raider; Storage Type: SSD; GPU: RTX 3070; Screen: 15.6; Touch: No","","Intel Core i9","32","1000.0"
"2459","MSI Stealth 15M B12UE-029XPT Intel Core i7-1260P/32GB/1TB SSD/RTX 3060/15.6'' (PT)","laptop","MSI","143155.91","Type: Refurbished. Model: Stealth; Storage Type: SSD; GPU: RTX 3060; Screen: 15.6; Touch: No","","Intel Core i7","32","1000.0"
"2460","Razer Blade 15 Advanced Model 4K 144Hz Intel Core i9-12900H/32GB/1TB SSD/RTX 3080Ti/15.6""","laptop","Razer","476430.92","Type: Refurbished. Model: Blade; Storage Type: SSD; GPU: RTX 3080; Screen: 15.6; Touch: No","","Intel Core i9","32","1000.0"
"2461","Razer Blade 15 Advanced Model FullHD 360Hz Intel Core i7-12800H/32GB/1TB SSD/RTX 3080Ti/15.6""","laptop","Razer","443946.92","Type: Refurbished. Model: Blade; Storage Type: SSD; GPU: RTX 3080; Screen: 15.6; Touch: No","","Intel Core i7","32","1000.0"
"2462","Samsung Galaxy Book2 Pro 360 Intel Evo Core i7-1260P/16GB/512GB SSD/15.6"" TÃ¡ctil","laptop","Samsung","183967.72","Type: Refurbished. Model: Galaxy Book; Storage Type: SSD; GPU: Unknown; Screen: 15.6; Touch: Yes","","Intel Evo Core i7","16","512.0"
"2463","Samsung Galaxy Book3 Pro Intel Evo Core i7-1360P/16GB/512GB SSD/16"" + T7 SSD PCIe NVMe USB 3.2 500GB","laptop","Samsung","227279.72","Type: New. Model: Galaxy Book; Storage Type: SSD; GPU: Unknown; Screen: 16.0; Touch: No","","Intel Evo Core i7","16","512.0"
"2464","ASUS F515EA-EJ3076W Intel Core i5-1135G7/16GB/512GB SSD/15.6""","laptop","Asus","78061.22","Type: New. Model: F515; Storage Type: SSD; GPU: Unknown; Screen: 15.6; Touch: No","","Intel Core i5","16","512.0"
"2465","Lenovo V15 Gen 2 ITL Intel Core i5-1135G7/16GB/512GB SSD/15.6""","laptop","Lenovo","87794.51","Type: New. Model: V15; Storage Type: SSD; GPU: Unknown; Screen: 15.6; Touch: No","","Intel Core i5","16","512.0"
"2466","Microsoft Surface Pro 7+ Intel Core i7-1165G7/32GB/1TB SSD/12.3"" TÃ¡ctil Platino","laptop","Microsoft","218138.72","Type: New. Model: Surface Pro; Storage Type: SSD; GPU: Unknown; Screen: 12.3; Touch: Yes","","Intel Core i7","32","1000.0"
"2467","ASUS ExpertBook P1512CEA-EJ0086X Intel Core i5-1135G7/16GB/512GB SSD/15.6""","laptop","Asus","78936.12","Type: Refurbished. Model: ExpertBook; Storage Type: SSD; GPU: Unknown; Screen: 15.6; Touch: No","","Intel Core i5","16","512.0"
"2468","ASUS F415EA-EK1005W Intel Core i5-1135G7/8GB/512GB SSD/14""","laptop","Asus","62694.12","Type: Refurbished. Model: F415EA; Storage Type: SSD; GPU: Unknown; Screen: 14.0; Touch: No","","Intel Core i5","8","512.0"
"2469","ASUS ROG Zephyrus G14 2022 GA402RJ-L8099W AMD Ryzen 7 6800HS/16GB/1TB SSD/Radeon RX 6700S/14""","laptop","Asus","238107.72","Type: Refurbished. Model: ROG; Storage Type: SSD; GPU: Unknown; Screen: 14.0; Touch: No","","AMD Ryzen 7","16","1000.0"
"2470","ASUS ROG Zephyrus G15 GA503RM-HQ079W AMD Ryzen 7 6800HS/16GB/1TB SSD/RTX 3060/15.6""","laptop","Asus","238107.72","Type: Refurbished. Model: ROG; Storage Type: SSD; GPU: RTX 3060; Screen: 15.6; Touch: No","","AMD Ryzen 7","16","1000.0"
"2471","ASUS VivoBook 13 Slate OLED T3300KA-LQ031WS Intel Pentium Silver N6000/4GB/128GB/13.3"" TÃ¡ctil","laptop","Asus","60755.91","Type: Refurbished. Model: VivoBook; Storage Type: Unknown; GPU: Unknown; Screen: 13.3; Touch: Yes","","Intel Pentium","4","128.0"
"2472","ASUS Vivobook F1500EA-EJ2370W Intel Core i7-1165G7/16GB/512GB SSD/15.6""","laptop","Asus","97343.72","Type: Refurbished. Model: VivoBook; Storage Type: SSD; GPU: Unknown; Screen: 15.6; Touch: No","","Intel Core i7","16","512.0"
"2473","Acer Aspire 5 A515-57 Intel Core i5-1235U/8GB/512GB SSD/15.6'' (PT)","laptop","Acer","51714.53","Type: Refurbished. Model: Aspire; Storage Type: SSD; GPU: Unknown; Screen: 15.6; Touch: No","","Intel Core i5","8","512.0"
"2474","Acer Chromebook 314 CB314-1H-C07W Intel Celeron N4020/8GB/64GB eMMC/14""","laptop","Acer","37572.08","Type: New. Model: Chromebook; Storage Type: eMMC; GPU: Unknown; Screen: 14.0; Touch: No","","Intel Celeron","8","64.0"
"2475","Acer Chromebook 314 CB314-1H-C24N Intel Celeron N4020/8GB/64GB eMMC/14""","laptop","Acer","38872.52","Type: Refurbished. Model: Chromebook; Storage Type: eMMC; GPU: Unknown; Screen: 14.0; Touch: No","","Intel Celeron","8","64.0"
"2476","Acer Predator Helios 300 PH315-53-79C2 Intel Core i7-10750H/16GB/1TB SSD/RTX 3080/15.6""","laptop","Acer","216451.72","Type: Refurbished. Model: Predator; Storage Type: SSD; GPU: RTX 3080; Screen: 15.6; Touch: No","","Intel Core i7","16","1000.0"
"2477","Apple MacBook Pro Intel Core i5/8GB/128GB/13"" Gris Espacial","laptop","Apple","65401.12","Type: Refurbished. Model: MacBook Pro; Storage Type: Unknown; GPU: Unknown; Screen: 13.0; Touch: No","","Intel Core i5","8","128.0"
"2478","Apple MacBook Pro Touch Bar Intel Core i7/16GB/512GB/15"" Plata","laptop","Apple","106888.6","Type: Refurbished. Model: MacBook Pro; Storage Type: Unknown; GPU: Unknown; Screen: 15.0; Touch: No","","Intel Core i7","16","512.0"
"2479","Asus Chromebook Z1500CN-EJ0400 Intel Celeron N3350/8GB/64GB eMMC/15.6""","laptop","Asus","43203.72","Type: Refurbished. Model: Chromebook; Storage Type: eMMC; GPU: Unknown; Screen: 15.6; Touch: No","","Intel Celeron","8","64.0"
"2480","Asus Zenbook 14 UX425EA-KI359 Intel Core i7-1165G7/16GB/512GB SSD/14""","laptop","Asus","91929.72","Type: Refurbished. Model: ZenBook; Storage Type: SSD; GPU: Unknown; Screen: 14.0; Touch: No","","Intel Core i7","16","512.0"
"2481","Dell Latitude 5520 Intel Core i5-1135G7/8 GB/256GB SSD/15.6""","laptop","Dell","121896.21","Type: Refurbished. Model: Latitude; Storage Type: SSD; GPU: Unknown; Screen: 15.6; Touch: No","","Intel Core i5","8","256.0"
"2482","Dell Latitude 7490 Intel Core i5-8350U/8GB/256GB SSD/14""","laptop","Dell","75687.72","Type: Refurbished. Model: Latitude; Storage Type: SSD; GPU: Unknown; Screen: 14.0; Touch: No","","Intel Core i5","8","256.0"
"2483","Dynabook Toshiba Satellite Pro C50-G-10T Intel Core i7-10510U/16GB/512GB SSD/15.6""","laptop","Dynabook Toshiba","86515.72","Type: Refurbished. Model: Satellite Pro; Storage Type: SSD; GPU: Unknown; Screen: 15.6; Touch: No","","Intel Core i7","16","512.0"
"2484","Gigabyte AORUS 17 XE4-73ES514SH Intel Core i7-12700H/16GB/1TB SSD/RTX 3070Ti/17.3""","laptop","Gigabyte","259763.72","Type: Refurbished. Model: Aorus; Storage Type: SSD; GPU: RTX 3070; Screen: 17.3; Touch: No","","Intel Core i7","16","1000.0"
"2485","Gigabyte U4 UD-50ES823SD Intel Core i5-1155G7/16GB/512GB SSD/14""","laptop","Gigabyte","86515.72","Type: Refurbished. Model: U4; Storage Type: SSD; GPU: Unknown; Screen: 14.0; Touch: No","","Intel Core i5","16","512.0"
"2486","HP 15S-EQ2090NS AMD Ryzen 5 5500U/8GB/512GB SSD/15.6"" + Microsoft 365 Personal 12 Meses Descarga Digital","laptop","HP","71572.0","Type: New. Model: 15S; Storage Type: SSD; GPU: Unknown; Screen: 15.6; Touch: No","","AMD Ryzen 5","8","512.0"
"2487","HP 15S-FQ5013NS Intel Core i5-1235U/8GB/512GB SSD/15.6"" + Microsoft 365 Personal 12 Meses Descarga Digital","laptop","HP","82400.0","Type: New. Model: 15S; Storage Type: SSD; GPU: Unknown; Screen: 15.6; Touch: No","","Intel Core i5","8","512.0"
"2488","HP EliteBook 640 G9 Intel Core i7-1255U/16GB/512GB SSD/14""","laptop","HP","135970.44","Type: Refurbished. Model: EliteBook; Storage Type: SSD; GPU: Unknown; Screen: 14.0; Touch: No","","Intel Core i7","16","512.0"
"2489","HP EliteBook 650 G9 Intel Core i7-1255U/16GB/512GB SSD/15.6""","laptop","HP","179100.53","Type: Refurbished. Model: EliteBook; Storage Type: SSD; GPU: Unknown; Screen: 15.6; Touch: No","","Intel Core i7","16","512.0"
"2490","HP EliteBook 840 G7 Intel Core i5-10210U/8GB/256GB SSD/14"" TÃ¡ctil","laptop","HP","151053.85","Type: Refurbished. Model: EliteBook; Storage Type: SSD; GPU: Unknown; Screen: 14.0; Touch: Yes","","Intel Core i5","8","256.0"
"2491","HP ProBook 430 G6 Intel Core i5-8265U/8GB/256GB SSD/13.3""","laptop","HP","53057.2","Type: Refurbished. Model: ProBook; Storage Type: SSD; GPU: Unknown; Screen: 13.3; Touch: No","","Intel Core i5","8","256.0"
"2492","HP ProBook 440 G6 Intel Core i5-8265U/8GB/256GB SSD/14""","laptop","HP","59555.08","Type: Refurbished. Model: ProBook; Storage Type: SSD; GPU: Unknown; Screen: 14.0; Touch: No","","Intel Core i5","8","256.0"
"2493","Lenovo ThinkPad T14s Gen 2 Intel Core i5-1135G7/16GB/512GB SSD/14""","laptop","Lenovo","205892.25","Type: Refurbished. Model: ThinkPad; Storage Type: SSD; GPU: Unknown; Screen: 14.0; Touch: No","","Intel Core i5","16","512.0"
"2494","Lenovo ThinkPad T490 Intel Core i5-8265U/8GB/512GB SSD/14"" TÃ¡ctil","laptop","Lenovo","95029.78","Type: Refurbished. Model: ThinkPad; Storage Type: SSD; GPU: Unknown; Screen: 14.0; Touch: Yes","","Intel Core i5","8","512.0"
"2495","Lenovo ThinkPad T490 Intel Core i7-8565U/16GB/512GB SSD/14""","laptop","Lenovo","86081.52","Type: Refurbished. Model: ThinkPad; Storage Type: SSD; GPU: Unknown; Screen: 14.0; Touch: No","","Intel Core i7","16","512.0"
"2496","Lenovo V15 IGL Intel Celeron N4020/8GB/256 GB SSD/15.6""+Microsoft 365 Personal 12 Meses Descarga Digital","laptop","Lenovo","44503.08","Type: New. Model: V15; Storage Type: SSD; GPU: Unknown; Screen: 15.6; Touch: No","","Intel Celeron","8","256.0"
"2497","MSI Katana GF76 12UD-035ES Intel Core i7-12700H/16 GB/1TB SSD/RTX 3050Ti/17.3""","laptop","MSI","173139.72","Type: Refurbished. Model: Katana; Storage Type: SSD; GPU: RTX 3050; Screen: 17.3; Touch: No","","Intel Core i7","16","1000.0"
"2498","MSI Prestige 14 A10RAS-081ES Intel Core i7-10510U/16GB/1TB SSD/MX330/14""","laptop","MSI","138489.04","Type: Refurbished. Model: Prestige; Storage Type: SSD; GPU: MX 330; Screen: 14.0; Touch: No","","Intel Core i7","16","1000.0"
"2499","MSI Prestige 15 A12UC-200XES Intel Core i7-1280P/16GB/512GB SSD/RTX 3050/15.6""","laptop","MSI","151483.72","Type: Refurbished. Model: Prestige; Storage Type: SSD; GPU: RTX 3050; Screen: 15.6; Touch: No","","Intel Core i7","16","512.0"
"2500","MSI Prestige 16 A12UD-219XES Intel Core i7-1280P/32GB/1TB SSD/RTX 3050Ti/16""","laptop","MSI","148900.16","Type: Refurbished. Model: Prestige; Storage Type: SSD; GPU: RTX 3050; Screen: 16.0; Touch: No","","Intel Core i7","32","1000.0"
"2501","MSI Raider GE67HX 12UHS-030ES Intel Core i7-12800HX/32GB/1TB SSD/RTX 3080Ti/15.6""","laptop","MSI","411355.72","Type: Refurbished. Model: Raider; Storage Type: SSD; GPU: RTX 3080; Screen: 15.6; Touch: No","","Intel Core i7","32","1000.0"
"2502","Medion Erazer Deputy P10 MD62132 Intel Core i5-10300H/8GB/512GB SSD/GTX 1660Ti/15.6"" + Crucial SO-DIMM DDR4 8GB 3200MHz","laptop","Medion","111420.12","Type: New. Model: Deputy; Storage Type: SSD; GPU: GTX 1660; Screen: 15.6; Touch: No","","Intel Core i5","8","512.0"
"2503","Razer Blade 15 Advanced Model FullHD 360Hz Intel Core i7-12800H/16GB/1TB SSD/RTX 3070Ti/15.6""","laptop","Razer","357322.92","Type: Refurbished. Model: Blade; Storage Type: SSD; GPU: RTX 3070; Screen: 15.6; Touch: No","","Intel Core i7","16","1000.0"
"2504","Samsung Galaxy Book3 Pro 360 Intel Evo Core i7-1360P/16GB/512GB SSD/16"" TÃ¡ctil+ T7 SSD PCIe NVMe USB 3.2 500GB","laptop","Samsung","238106.64","Type: New. Model: Galaxy Book; Storage Type: SSD; GPU: Unknown; Screen: 16.0; Touch: Yes","","Intel Evo Core i7","16","512.0"
"2505","ASUS  ROG Zephyrus M16 GU604VI-93D47PB1 Intel Core i9-13900H/32GB/1TB SSD/RTX 4070/16"" (PT)","laptop","Asus","374263.32","Type: New. Model: ROG; Storage Type: SSD; GPU: RTX 4070; Screen: 16.0; Touch: No","","Intel Core i9","32","1000.0"
"2506","ASUS ROG Strix SCAR 18 G834JY-93B49PB1 Intel Core i9-13980HX/64GB/2TB SSD/RTX 4090/16'' (PT)","laptop","Asus","623491.4","Type: New. Model: ROG; Storage Type: SSD; GPU: RTX 4090; Screen: 16.0; Touch: No","","Intel Core i9","64","2000.0"
"2507","ASUS ROG Strix Scar 17 G733PZ-R97B48PB1  AMD RyzenÂ 9 7945HX/32GB/1TB SSD/RTX 4080/17.3"" (PT)","laptop","Asus","514689.49","Type: New. Model: ROG; Storage Type: SSD; GPU: RTX 4080; Screen: 17.3; Touch: No","","AMD Radeon 9","32","1000.0"
"2508","ASUS ROG Zephyrus G14 GA402RJ AMD Ryzen 7-6800HS/16GB/1TB SSD/RX 6700S/14'' (PT)","laptop","Asus","187340.64","Type: New. Model: ROG; Storage Type: SSD; GPU: Unknown; Screen: 14.0; Touch: No","","AMD Ryzen 7","16","1000.0"
"2509","HP Laptop 15s-eq2074np AMD Ryzen 5-5500U/12GB/256GB SSD/15.6'' (PT)","laptop","HP","70960.22","Type: New. Model: 15S; Storage Type: SSD; GPU: Unknown; Screen: 15.6; Touch: No","","AMD Ryzen 5","12","256.0"
"2510","HP OMEN 16-b1002np Intel Core i7-12700H/16GB/1TB SSD/RTX 3060/16.1'' (PT)","laptop","HP","204366.59","Type: New. Model: Omen; Storage Type: SSD; GPU: RTX 3060; Screen: 16.1; Touch: No","","Intel Core i7","16","1000.0"
"2511","HP Victus 16-d1027np Intel Core i5-12500H/8GB/512GB SSD/RTX 3050Ti/16.1'' (PT)","laptop","HP","155780.27","Type: New. Model: Victus; Storage Type: SSD; GPU: RTX 3050; Screen: 16.1; Touch: No","","Intel Core i5","8","512.0"
"2512","HP 250 G8 Intel Core i7-1165G7/16 GB/512GB SSD/15.6""","laptop","HP","116725.84","Type: New. Model: 250; Storage Type: SSD; GPU: Unknown; Screen: 15.6; Touch: No","","Intel Core i7","16","512.0"
"2513","ASUS Chromebook CR1 CR1100CKA-GJ0132 Intel Celeron N4500/4GB/32GB/11.6""","laptop","Asus","33005.91","Type: New. Model: Chromebook; Storage Type: Unknown; GPU: Unknown; Screen: 11.6; Touch: No","","Intel Celeron","4","32.0"
"2514","ASUS Chromebook CR1100FKA-BP0024 Intel Celeron N4500/4GB/32GB eMMC/11.6"" TÃ¡ctil","laptop","Asus","43138.75","Type: New. Model: Chromebook; Storage Type: eMMC; GPU: Unknown; Screen: 11.6; Touch: Yes","","Intel Celeron","4","32.0"
"2515","ASUS Chromebook CX1500CNA-EJ0101 Intel Celeron N3350/8GB/32GB eMMC/15.6""","laptop","Asus","50458.48","Type: New. Model: Chromebook; Storage Type: eMMC; GPU: Unknown; Screen: 15.6; Touch: No","","Intel Celeron","8","32.0"
"2516","ASUS Chromebook Flip CX5 CB5400FMA Intel Core i5-1130G7/8GB/256GB SSD/14""","laptop","Asus","84133.56","Type: New. Model: Chromebook; Storage Type: SSD; GPU: Unknown; Screen: 14.0; Touch: No","","Intel Core i5","8","256.0"
"2517","ASUS Chromebook Flip CX5 CB5400FMA Intel Core i7-1160G7/8GB/256GB SSD/14""","laptop","Asus","99401.04","Type: New. Model: Chromebook; Storage Type: SSD; GPU: Unknown; Screen: 14.0; Touch: No","","Intel Core i7","8","256.0"
"2518","ASUS E510MA-EJ617W Intel Celeron N4020/8GB/256GB SSD/15.6""","laptop","Asus","39431.24","Type: New. Model: E510; Storage Type: SSD; GPU: Unknown; Screen: 15.6; Touch: No","","Intel Celeron","8","256.0"
"2519","ASUS ExpertBook B1 B1500CEAE-BQ1856R Intel Core i5-1135G7/8GB/512GB SSD/15.6""","laptop","Asus","97667.48","Type: New. Model: ExpertBook; Storage Type: SSD; GPU: Unknown; Screen: 15.6; Touch: No","","Intel Core i5","8","512.0"
"2520","ASUS ExpertBook B1 B1502CBA-EJ0433W Intel Core i3-1215U/8GB/256GB SSD/15.6""","laptop","Asus","59012.6","Type: New. Model: ExpertBook; Storage Type: SSD; GPU: Unknown; Screen: 15.6; Touch: No","","Intel Core i3","8","256.0"
"2521","ASUS ExpertBook B5 B5402CBA-EB0316X Intel Core i5-1240P/16GB/512GB SSD/14""","laptop","Asus","136324.52","Type: New. Model: ExpertBook; Storage Type: SSD; GPU: Unknown; Screen: 14.0; Touch: No","","Intel Core i5","16","512.0"
"2522","ASUS ExpertBook B5 B5602CBA-MB0418X Intel Core i5-1240P/16GB/512GB SSD/16""","laptop","Asus","134050.64","Type: New. Model: ExpertBook; Storage Type: SSD; GPU: Unknown; Screen: 16.0; Touch: No","","Intel Core i5","16","512.0"
"2523","ASUS ExpertBook B6 Flip B6602FC2-MH0248X Intel Core i7-12850HX/16GB/512GB SSD/RTX A2000/16"" TÃ¡ctil","laptop","Asus","270591.72","Type: New. Model: ExpertBook; Storage Type: SSD; GPU: RTX A2000; Screen: 16.0; Touch: Yes","","Intel Core i7","16","512.0"
"2524","ASUS ExpertBook B7 Flip B7402FBA-L90012X Intel Core i7-1260P/16GB/512GB SSD/14"" TÃ¡ctil","laptop","Asus","260899.58","Type: New. Model: ExpertBook; Storage Type: SSD; GPU: Unknown; Screen: 14.0; Touch: Yes","","Intel Core i7","16","512.0"
"2525","ASUS ExpertBook B7 Flip B7402FBA-L90593X Intel Core i5-1240P/16GB/512GB SSD/14"" TÃ¡ctil","laptop","Asus","184400.84","Type: New. Model: ExpertBook; Storage Type: SSD; GPU: Unknown; Screen: 14.0; Touch: Yes","","Intel Core i5","16","512.0"
"2526","ASUS ExpertBook B7 Flip B7402FEA-LA0136R Intel Core i7-1195G7/16GB/512GB SSD/14"" TÃ¡ctil","laptop","Asus","205948.56","Type: New. Model: ExpertBook; Storage Type: SSD; GPU: Unknown; Screen: 14.0; Touch: Yes","","Intel Core i7","16","512.0"
"2527","ASUS ExpertBook P1512CEA-EJ0286X Intel Core i7-1165G7/16GB/512GB SSD/15.6""","laptop","Asus","101516.83","Type: New. Model: ExpertBook; Storage Type: SSD; GPU: Unknown; Screen: 15.6; Touch: No","","Intel Core i7","16","512.0"
"2528","ASUS Expertbook B9400CBA-KC0029X Intel Core i7-1255U/16GB/1TB SSD/14""","laptop","Asus","190464.52","Type: New. Model: ExpertBook; Storage Type: SSD; GPU: Unknown; Screen: 14.0; Touch: No","","Intel Core i7","16","1000.0"
"2529","ASUS F1500EA-BQ3064 Intel Core i5-1135G7/8GB/512GB SSD/15.6""","laptop","Asus","58967.12","Type: New. Model: VivoBook; Storage Type: SSD; GPU: Unknown; Screen: 15.6; Touch: No","","Intel Core i5","8","512.0"
"2530","ASUS F1500EA-BQ3075 Intel Core i5-1135G7/16GB/512GB SSD/15.6""","laptop","Asus","79020.58","Type: New. Model: VivoBook; Storage Type: SSD; GPU: Unknown; Screen: 15.6; Touch: No","","Intel Core i5","16","512.0"
"2531","ASUS F1500EA-EJ3532 Intel Core i3-1115G4/8GB/256GB SSD/15.6""","laptop","Asus","49877.02","Type: New. Model: VivoBook; Storage Type: SSD; GPU: Unknown; Screen: 15.6; Touch: No","","Intel Core i3","8","256.0"
"2532","ASUS F415EA-EK1464 Intel Core i3-1115G4/8 GB/256GB SSD/14""","laptop","Asus","49491.54","Type: New. Model: F415EA; Storage Type: SSD; GPU: Unknown; Screen: 14.0; Touch: No","","Intel Core i3","8","256.0"
"2533","ASUS F515EA-BQ1154W Intel Core i5-1135G7/8GB/512GB SSD/15.6""","laptop","Asus","66474.17","Type: New. Model: F515; Storage Type: SSD; GPU: Unknown; Screen: 15.6; Touch: No","","Intel Core i5","8","512.0"
"2534","ASUS F515EA-BQ1859W Intel Core i3-1115G4/8GB/256GB SSD/15.6""","laptop","Asus","61766.16","Type: New. Model: F515; Storage Type: SSD; GPU: Unknown; Screen: 15.6; Touch: No","","Intel Core i3","8","256.0"
"2535","ASUS F515EA-EJ2640W Intel Core i3-1115G4/8GB/256GB SSD/15.6""","laptop","Asus","46014.67","Type: New. Model: F515; Storage Type: SSD; GPU: Unknown; Screen: 15.6; Touch: No","","Intel Core i3","8","256.0"
"2536","ASUS Laptop F515EA i7-1165G7 8GB/512GB SSD/15.6"" (PT)","laptop","Asus","102008.42","Type: New. Model: F515; Storage Type: SSD; GPU: Unknown; Screen: 15.6; Touch: No","","Intel Core i7","8","512.0"
"2537","ASUS M515DA AMD Ryzen 3 3250U/8GB/256GB SSD/15.6'' (PT)","laptop","Asus","64504.56","Type: New. Model: M515; Storage Type: SSD; GPU: Unknown; Screen: 15.6; Touch: No","","AMD Ryzen 3","8","256.0"
"2538","ASUS P1511CEA-BR1794X Intel Core i3-1115G4/8GB/256GB SSD/15.6""","laptop","Asus","65958.76","Type: New. Model: BR; Storage Type: SSD; GPU: Unknown; Screen: 15.6; Touch: No","","Intel Core i3","8","256.0"
"2539","ASUS P1511CEA-EJ1795X Intel Core i7-1165G7/8GB/512GB SSD/15.6""","laptop","Asus","90981.19","Type: New. Model: P1511; Storage Type: SSD; GPU: Unknown; Screen: 15.6; Touch: No","","Intel Core i7","8","512.0"
"2540","ASUS P1511CEA-EJ791R Intel Core i7-1165G7/8GB/512GB SSD/15.6""","laptop","Asus","92431.06","Type: New. Model: P1511; Storage Type: SSD; GPU: Unknown; Screen: 15.6; Touch: No","","Intel Core i7","8","512.0"
"2541","ASUS ROG Flow X13 GV301QC-K6120T AMD Ryzen 9 5980HS/32GB/1TB SSD/RTX 3050/13.4"" TÃ¡ctil","laptop","Asus","426988.1","Type: New. Model: ROG; Storage Type: SSD; GPU: RTX 3050; Screen: 13.4; Touch: Yes","","AMD Ryzen 9","32","1000.0"
"2542","ASUS ROG Flow X13 GV301RC-LJ076W AMD Ryzen 7 6800HS/16GB/1TB SSD/RTX 3050/13.4"" TÃ¡ctil","laptop","Asus","225950.04","Type: New. Model: ROG; Storage Type: SSD; GPU: RTX 3050; Screen: 13.4; Touch: Yes","","AMD Ryzen 7","16","1000.0"
"2543","ASUS ROG Flow X13 GV301RE-LJ057W AMD Ryzen 9 6900HS/32GB/1TB SSD/RTX 3050Ti/13.4"" TÃ¡ctil","laptop","Asus","415161.76","Type: New. Model: ROG; Storage Type: SSD; GPU: RTX 3050; Screen: 13.4; Touch: Yes","","AMD Ryzen 9","32","1000.0"
"2544","ASUS ROG Strix G15 G513IE AMD Ryzen 7 4800H/16GB/512GB SSD/RTX 3050/15.6'' (PT)","laptop","Asus","112227.89","Type: New. Model: ROG; Storage Type: SSD; GPU: RTX 3050; Screen: 15.6; Touch: No","","AMD Ryzen 7","16","512.0"
"2545","ASUS ROG Strix G15 G513IM AMD Ryzen 7 4800H/16GB/512GB SSD/RTX3060/15.6'' (PT)","laptop","Asus","152803.65","Type: New. Model: ROG; Storage Type: SSD; GPU: RTX 3060; Screen: 15.6; Touch: No","","AMD Ryzen 7","16","512.0"
"2546","ASUS ROG Strix G15 G513RC-HN180 AMD Ryzen 7 6800H/16GB/512GB SSD/RTX 3050/15.6""","laptop","Asus","98533.72","Type: New. Model: ROG; Storage Type: SSD; GPU: RTX 3050; Screen: 15.6; Touch: No","","AMD Ryzen 7","16","512.0"
"2547","ASUS ROG Strix G15 G513RW-HQ133 AMD Ryzen 9 6900HX/32GB/1TB SSD/RTX3070Ti/15.6""","laptop","Asus","274538.53","Type: New. Model: ROG; Storage Type: SSD; GPU: RTX 3070; Screen: 15.6; Touch: No","","AMD Ryzen 9","32","1000.0"
"2548","ASUS ROG Strix G17 G713RM AMD Ryzen 7 6800H/16GB/1TB SSD/RTX3060/17.3'' (PT)","laptop","Asus","157590.71","Type: New. Model: ROG; Storage Type: SSD; GPU: RTX 3060; Screen: 17.3; Touch: No","","AMD Ryzen 7","16","1000.0"
"2549","ASUS ROG Strix Scar 17  G733PY-R97B49PB1 AMD Ryzenâ¢ 9 7945HX/32GB/2TB SSD/RTX 4090/17.3"" (PT)","laptop","Asus","609713.85","Type: New. Model: ROG; Storage Type: SSD; GPU: RTX 4090; Screen: 17.3; Touch: No","","AMD Radeon 9","32","2000.0"
"2550","ASUS TUF Gaming A15 2013 TUF507NU-LP036 AMD Ryzen 7 7735HS/16GB/512GB SSD/RTX 4050/15.6""","laptop","Asus","127230.08","Type: New. Model: TUF; Storage Type: SSD; GPU: RTX 4050; Screen: 15.6; Touch: No","","AMD Ryzen 7","16","512.0"
"2551","ASUS TUF Gaming A15 FA506QM AMD Ryzen 7 5800H/8GB/512GB SSD/RTX 3060/15.6'' (PT)","laptop","Asus","121518.31","Type: New. Model: TUF; Storage Type: SSD; GPU: RTX 3060; Screen: 15.6; Touch: No","","AMD Ryzen 7","8","512.0"
"2552","ASUS TUF Gaming A15 FA507RF-R76B25CS1 AMD Ryzen 7 6800HS/16GB/512GB SSD/RTX 2050/15.6"" (PT)","laptop","Asus","119809.65","Type: New. Model: TUF; Storage Type: SSD; GPU: RTX 2050; Screen: 15.6; Touch: No","","AMD Ryzen 7","16","512.0"
"2553","ASUS TUF Gaming F15 TUF506HF-HN012 Intel Core i5-11400H/16GB/512GB SSD/RTX 2050/15.6""","laptop","Asus","87695.97","Type: New. Model: TUF; Storage Type: SSD; GPU: RTX 2050; Screen: 15.6; Touch: No","","Intel Core i5","16","512.0"
"2554","ASUS TUF Gaming F15 TUF507ZU4-LP110 Intel Core i7-12700H/16GB/512GB SSD/RTX 4050/15.6""","laptop","Asus","136975.28","Type: New. Model: TUF; Storage Type: SSD; GPU: RTX 4050; Screen: 15.6; Touch: No","","Intel Core i7","16","512.0"
"2555","ASUS TUF Gaming FX506HF-51B25PS1 Intel Core i5-11400H/8GB/512GB SSD/RTX 2050/15.6'' (PT)","laptop","Asus","102508.68","Type: New. Model: TUF; Storage Type: SSD; GPU: RTX 2050; Screen: 15.6; Touch: No","","Intel Core i5","8","512.0"
"2556","ASUS VivoBook 15 F1500EA-EJ3095W Intel Core i3-1115G4/8GB/256GB SSD/15.6""","laptop","Asus","42120.92","Type: New. Model: VivoBook; Storage Type: SSD; GPU: Unknown; Screen: 15.6; Touch: No","","Intel Core i3","8","256.0"
"2557","ASUS VivoBook 15 F1500EA-EJ3431W Intel Core i5-1135G7/16GB/512GB SSD/15.6""","laptop","Asus","87132.92","Type: New. Model: VivoBook; Storage Type: SSD; GPU: Unknown; Screen: 15.6; Touch: No","","Intel Core i5","16","512.0"
"2558","ASUS VivoBook F1500EA-BQ2363 Intel Core i5-1135G7/8GB/512GB SSD/15.6""","laptop","Asus","70270.47","Type: New. Model: VivoBook; Storage Type: SSD; GPU: Unknown; Screen: 15.6; Touch: No","","Intel Core i5","8","512.0"
"2559","ASUS VivoBook F1605PA-MB127W Intel Core i5-11300H/16GB/512GB SSD/16""","laptop","Asus","75627.08","Type: New. Model: VivoBook; Storage Type: SSD; GPU: Unknown; Screen: 16.0; Touch: No","","Intel Core i5","16","512.0"
"2560","ASUS VivoBook F515EA-BQ3013X Intel Core i5-1135G7/8GB/512GB SSD/15.6""","laptop","Asus","72154.54","Type: New. Model: VivoBook; Storage Type: SSD; GPU: Unknown; Screen: 15.6; Touch: No","","Intel Core i5","8","512.0"
"2561","ASUS VivoBook F515EA-EJ3061 Intel Core i7-1165G7/8GB/512GB SSD/15.6""","laptop","Asus","61523.61","Type: New. Model: VivoBook; Storage Type: SSD; GPU: Unknown; Screen: 15.6; Touch: No","","Intel Core i7","8","512.0"
"2562","ASUS VivoBook Go 14 Flip TP1400KA-BZ117WS Intel Celeron N4500/4GB/128GB eMMC/14"" TÃ¡ctil","laptop","Asus","60391.0","Type: New. Model: VivoBook; Storage Type: eMMC; GPU: Unknown; Screen: 14.0; Touch: Yes","","Intel Celeron","4","128.0"
"2563","ASUS VivoBook Pro 15 OLED M6500QC-L1081W AMD Ryzen 5 5600H/16GB/512GB SSD/RTX 3050/15.6""","laptop","Asus","110012.48","Type: New. Model: VivoBook; Storage Type: SSD; GPU: RTX 3050; Screen: 15.6; Touch: No","","AMD Ryzen 5","16","512.0"
"2564","ASUS VivoBook Pro 16X OLED N7600ZE-L2015W Intel Core i7-12700H/16GB/512GB SSD/RTX 3050 Ti/16""","laptop","Asus","188960.51","Type: New. Model: VivoBook; Storage Type: SSD; GPU: RTX 3050; Screen: 16.0; Touch: No","","Intel Core i7","16","512.0"
"2565","ASUS VivoBook S 15 OLED K3502ZA-MA115W Intel Core i5-12500H/16GB/512GB SSD/15.6""","laptop","Asus","131262.43","Type: New. Model: VivoBook; Storage Type: SSD; GPU: Unknown; Screen: 15.6; Touch: No","","Intel Core i5","16","512.0"
"2566","ASUS Vivobook Go E1504FA-BQ202W AMD Ryzen 3 7320U/8GB/256GB SSD/Radeon 610M/15.6""","laptop","Asus","60986.54","Type: New. Model: VivoBook; Storage Type: SSD; GPU: 610 M; Screen: 15.6; Touch: No","","AMD Ryzen 3","8","256.0"
"2567","ASUS Vivobook K513EP-51BM3SB2 Intel Core i5-1135G7/8GB/512GB SSD/MX330/15.6'' (PT)","laptop","Asus","93878.76","Type: New. Model: VivoBook; Storage Type: SSD; GPU: MX 330; Screen: 15.6; Touch: No","","Intel Core i5","8","512.0"
"2568","ASUS Vivobook M1503IA AMD Ryzen 7 4800H/16GB/512GB SSD/15.6"" (PT)","laptop","Asus","112160.76","Type: New. Model: VivoBook; Storage Type: SSD; GPU: Unknown; Screen: 15.6; Touch: No","","AMD Ryzen 7","16","512.0"
"2569","ASUS ZenBook 14 OLED UM3402YA-KM464WS AMD Ryzen 5 7530U/16GB/512GB SSD/14""","laptop","Asus","103407.4","Type: New. Model: ZenBook; Storage Type: SSD; GPU: Unknown; Screen: 14.0; Touch: No","","AMD Ryzen 5","16","512.0"
"2570","ASUS ZenBook 14 OLED UX3402VA-KM004W Intel Evo Core i5-1340P/16GB/512GB SSD/14""","laptop","Asus","130584.6","Type: New. Model: ZenBook; Storage Type: SSD; GPU: Unknown; Screen: 14.0; Touch: No","","Intel Evo Core i5","16","512.0"
"2571","ASUS ZenBook 14 OLED UX3402ZA-KM214 Intel Core i5-1240P/16GB/512GB SSD/14""","laptop","Asus","103939.05","Type: New. Model: ZenBook; Storage Type: SSD; GPU: Unknown; Screen: 14.0; Touch: No","","Intel Core i5","16","512.0"
"2572","ASUS ZenBook 14 UM3402YA-KP272W AMD Ryzen 5 5625U/16GB/512GB SSD/14""","laptop","Asus","94067.17","Type: New. Model: ZenBook; Storage Type: SSD; GPU: Unknown; Screen: 14.0; Touch: No","","AMD Ryzen 5","16","512.0"
"2573","ASUS ZenBook 14X OLED UM5401QA-L7207W AMD Ryzen 7 5800H/16GB/512GB SSD/14""","laptop","Asus","116796.22","Type: New. Model: ZenBook; Storage Type: SSD; GPU: Unknown; Screen: 14.0; Touch: No","","AMD Ryzen 7","16","512.0"
"2574","ASUS ZenBook Flip 13 OLED UX363EA-HP931W Intel Core i7-1165G7/16GB/512GB SSD/13.3"" TÃ¡ctil","laptop","Asus","134070.13","Type: New. Model: ZenBook; Storage Type: SSD; GPU: Unknown; Screen: 13.3; Touch: Yes","","Intel Core i7","16","512.0"
"2575","Acer Aspire 3 A315-34 Intel Celeron N4000/8GB/128GB SSD/15.6""","laptop","Acer","52624.08","Type: New. Model: Aspire; Storage Type: SSD; GPU: Unknown; Screen: 15.6; Touch: No","","Intel Celeron","8","128.0"
"2576","Acer Aspire 3 A315-58-72WT Intel Core i7-1165G7/8GB/512GB SSD/15.6""","laptop","Acer","76467.34","Type: New. Model: Aspire; Storage Type: SSD; GPU: Unknown; Screen: 15.6; Touch: No","","Intel Core i7","8","512.0"
"2577","Acer Aspire 3 A317-53 Intel Core i3-1115G4/8GB/512GB SSD/17.3""","laptop","Acer","76628.67","Type: New. Model: Aspire; Storage Type: SSD; GPU: Unknown; Screen: 17.3; Touch: No","","Intel Core i3","8","512.0"
"2578","Acer Aspire 5 A515-45 AMD Ryzen 5 5500U/8GB/512GB SSD/15.6""","laptop","Acer","92571.82","Type: New. Model: Aspire; Storage Type: SSD; GPU: Unknown; Screen: 15.6; Touch: No","","AMD Ryzen 5","8","512.0"
"2579","Acer Chromebook 515 CB515-1W Intel Core i5-1135G7/8GB/256GB SSD/15.6""","laptop","Acer","75579.44","Type: New. Model: Chromebook; Storage Type: SSD; GPU: Unknown; Screen: 15.6; Touch: No","","Intel Core i5","8","256.0"
"2580","Acer Chromebook 713 CP713-2W Intel Core i3-10110U/8GB/128GB eMMC/13.5""","laptop","Acer","85817.31","Type: New. Model: Chromebook; Storage Type: eMMC; GPU: Unknown; Screen: 13.5; Touch: No","","Intel Core i3","8","128.0"
"2581","Acer Chromebook Spin 513 Qualcomm Snapdragon SC7180/8GB/64GB eMMC/13.3"" TÃ¡ctil","laptop","Acer","65256.02","Type: New. Model: Chromebook; Storage Type: eMMC; GPU: Unknown; Screen: 13.3; Touch: Yes","","Qualcomm Snapdragon 7","8","64.0"
"2582","Acer Chromebook Spin 514 CP514-2H-53KM Intel Core i5-1130G7/8GB/256GB SSD/14"" TÃ¡ctil","laptop","Acer","108171.72","Type: New. Model: Chromebook; Storage Type: SSD; GPU: Unknown; Screen: 14.0; Touch: Yes","","Intel Core i5","8","256.0"
"2583","Acer ConceptD 3 CN315-72-5762 Intel Core i5-10300H/8GB/512GB SSD/15.6""","laptop","Acer","121381.88","Type: New. Model: ConceptD; Storage Type: SSD; GPU: Unknown; Screen: 15.6; Touch: No","","Intel Core i5","8","512.0"
"2584","Acer ConceptD 3 CN315-72G Intel Core i5-10300H/8GB/512GB SSD/GTX 1650/15.6""","laptop","Acer","146069.72","Type: New. Model: ConceptD; Storage Type: SSD; GPU: GTX 1650; Screen: 15.6; Touch: No","","Intel Core i5","8","512.0"
"2585","Acer ConceptD 3 Ezel CC314-73G-73NV Intel Core i7-11800H/16GB/512GB SSD/RTX 3050 Ti/14"" TÃ¡ctil","laptop","Acer","266499.82","Type: New. Model: ConceptD; Storage Type: SSD; GPU: RTX 3050; Screen: 14.0; Touch: Yes","","Intel Core i7","16","512.0"
"2586","Acer ConceptD 3 Ezel Pro CC314-73P-7407 Intel Core i7-11800H/16GB/1TB SSD/T1200/14"" TÃ¡ctil","laptop","Acer","272521.27","Type: New. Model: ConceptD; Storage Type: SSD; GPU: T 1200; Screen: 14.0; Touch: Yes","","Intel Core i7","16","1000.0"
"2587","Acer ConceptD 3 Pro CN314-73P-73M6 Intel Core i7-11800H/16GB/1TB SSD/T1200/14""","laptop","Acer","229445.32","Type: New. Model: ConceptD; Storage Type: SSD; GPU: T 1200; Screen: 14.0; Touch: No","","Intel Core i7","16","1000.0"
"2588","Acer Enduro EN715-51W Intel Core i5-8250U/8GB/512GB SSD/15.6""","laptop","Acer","372699.76","Type: New. Model: Enduro; Storage Type: SSD; GPU: Unknown; Screen: 15.6; Touch: No","","Intel Core i5","8","512.0"
"2589","Acer Extensa 15 EX215-22 AMD Ryzen 3 3250U/8GB/256GB SSD/15.6""","laptop","Acer","40171.88","Type: New. Model: Extensa; Storage Type: SSD; GPU: Unknown; Screen: 15.6; Touch: No","","AMD Ryzen 3","8","256.0"
"2590","Acer Extensa 15 EX215-22-R32C AMD Ryzen 5 3500U/8GB/512GB SSD/15.6""","laptop","Acer","53179.56","Type: New. Model: Extensa; Storage Type: SSD; GPU: Unknown; Screen: 15.6; Touch: No","","AMD Ryzen 5","8","512.0"
"2591","Acer Extensa 15 EX215-22-R6F9 AMD Ryzen 5 3500U/8GB/256GB SSD/15.6""","laptop","Acer","51216.44","Type: New. Model: Extensa; Storage Type: SSD; GPU: Unknown; Screen: 15.6; Touch: No","","AMD Ryzen 5","8","256.0"
"2592","Acer Extensa 15 EX215-22-R7D2 AMD Ryzen 3 3250U/8GB/256GB SSD/15.6""","laptop","Acer","51866.12","Type: New. Model: Extensa; Storage Type: SSD; GPU: Unknown; Screen: 15.6; Touch: No","","AMD Ryzen 3","8","256.0"
"2593","Acer Extensa 15 EX215-52-330L Intel Core i3-1005G1/8GB/256GB SSD/15.6""","laptop","Acer","66736.21","Type: New. Model: Extensa; Storage Type: SSD; GPU: Unknown; Screen: 15.6; Touch: No","","Intel Core i3","8","256.0"
"2594","Acer Extensa 15 EX215-52-519J Intel Core i5-1035G1/8GB/512GB SSD/15.6""","laptop","Acer","72162.12","Type: New. Model: Extensa; Storage Type: SSD; GPU: Unknown; Screen: 15.6; Touch: No","","Intel Core i5","8","512.0"
"2595","Acer Extensa 15 EX215-53G-56MT Intel Core i5-1035G1/8GB/256GB SSD/MX330/15.6""","laptop","Acer","74613.58","Type: New. Model: Extensa; Storage Type: SSD; GPU: MX 330; Screen: 15.6; Touch: No","","Intel Core i5","8","256.0"
"2596","Acer Extensa 15 EX215-54-34HR Intel Core i3-1115G4/8GB/256GB SSD/15.6""","laptop","Acer","52147.65","Type: New. Model: Extensa; Storage Type: SSD; GPU: Unknown; Screen: 15.6; Touch: No","","Intel Core i3","8","256.0"
"2597","Acer Extensa 15 EX215-54-50UV Intel Core i5-1135G7/8GB/512GB SSD/15.6""","laptop","Acer","58639.03","Type: New. Model: Extensa; Storage Type: SSD; GPU: Unknown; Screen: 15.6; Touch: No","","Intel Core i5","8","512.0"
"2598","Acer TravelMate P2 Intel Core i5-1135G7/8GB/512GB SSD/14""","laptop","Acer","87014.89","Type: New. Model: TravelMate; Storage Type: SSD; GPU: Unknown; Screen: 14.0; Touch: No","","Intel Core i5","8","512.0"
"2599","Acer TravelMate P2 P214-53-593J Intel Core i5-1135G7/16GB/512GB SSD/14""","laptop","Acer","76858.23","Type: New. Model: TravelMate; Storage Type: SSD; GPU: Unknown; Screen: 14.0; Touch: No","","Intel Core i5","16","512.0"
"2600","Acer TravelMate P2 P215-53-54GL Intel Core i5-1135G7/8GB/512GB SSD/15.6""","laptop","Acer","85523.88","Type: New. Model: TravelMate; Storage Type: SSD; GPU: Unknown; Screen: 15.6; Touch: No","","Intel Core i5","8","512.0"
"2601","Acer TravelMate P2 TMP214-52-77KP Intel Core i7-10510U/8GB/512GB SSD/14""","laptop","Acer","77343.32","Type: New. Model: TravelMate; Storage Type: SSD; GPU: Unknown; Screen: 14.0; Touch: No","","Intel Core i7","8","512.0"
"2602","Acer TravelMate P2 TMP215-53 Intel Core i5-1135G7/8GB/256GB SSD/15.6""","laptop","Acer","74926.51","Type: New. Model: TravelMate; Storage Type: SSD; GPU: Unknown; Screen: 15.6; Touch: No","","Intel Core i5","8","256.0"
"2603","Acer TravelMate TMP215-52 Intel Core i3-10110U/8GB/256GB SSD/15.6""","laptop","Acer","59249.73","Type: New. Model: TravelMate; Storage Type: SSD; GPU: Unknown; Screen: 15.6; Touch: No","","Intel Core i3","8","256.0"
"2604","Asus ROG Strix SCAR 17 G733QS-K4016T AMD Ryzen 9 5900HX/32GB/1TB SSD/RTX 3080/17.3""","laptop","Asus","222270.69","Type: Refurbished. Model: ROG; Storage Type: SSD; GPU: RTX 3080; Screen: 17.3; Touch: No","","AMD Ryzen 9","32","1000.0"
"2605","Asus TUF Gaming A15 FA507RR AMD Ryzen 7 6800H/16GB/512GB SSD/RTX 3070/15.6'' (PT)","laptop","Asus","157452.11","Type: New. Model: TUF; Storage Type: SSD; GPU: RTX 3070; Screen: 15.6; Touch: No","","AMD Ryzen 7","16","512.0"
"2606","Asus VivoBook F515EA-BR283T Intel Core i3-1115G4/8GB/256GB SSD/15.6""","laptop","Asus","54031.72","Type: New. Model: VivoBook; Storage Type: SSD; GPU: Unknown; Screen: 15.6; Touch: No","","Intel Core i3","8","256.0"
"2607","Asus VivoBook S413FA-EB560T Intel Core i5-10210U/8GB/256GB SSD/14""","laptop","Asus","74328.81","Type: New. Model: VivoBook; Storage Type: SSD; GPU: Unknown; Screen: 14.0; Touch: No","","Intel Core i5","8","256.0"
"2608","Asus Vivobook S 15 OLED M3502QA-MA103W AMD Ryzen 7 5800H/16GB/512GB SSD/15.6""","laptop","Asus","153974.16","Type: New. Model: VivoBook; Storage Type: SSD; GPU: Unknown; Screen: 15.6; Touch: No","","AMD Ryzen 7","16","512.0"
"2609","Asus ZenBook 14 Ultralight UX435EAL-KC096T Intel Evo Core i7-1165G7/16GB/512GB SSD+32GB Intel Optane/14""","laptop","Asus","146069.72","Type: New. Model: Ultra; Storage Type: SSD; GPU: Unknown; Screen: 14.0; Touch: No","","Intel Evo Core i7","16","32.0"
"2610","ConceptD 7 Ezel Pro CC715-72P-77J7 Intel Core i7-11800H/32GB/1TB SSD/RTX A3000/15.6"" TÃ¡ctil","laptop","Acer","280986.6","Type: New. Model: ConceptD; Storage Type: SSD; GPU: RTX A3000; Screen: 15.6; Touch: Yes","","Intel Core i7","32","1000.0"
"2611","Deep Gaming Nubian 15 Intel Core i7-13700H/32 GB/1TB SSD/RTX 3050/15.6""","laptop","Deep Gaming","152566.52","Type: New. Model: Nubian; Storage Type: SSD; GPU: RTX 3050; Screen: 15.6; Touch: No","","Intel Core i7","32","1000.0"
"2612","Deep Gaming Nubian 15 Intel Core i7-13700H/32GB/1TB SSD/RTX 3050/15.6""","laptop","Deep Gaming","144445.52","Type: New. Model: Nubian; Storage Type: SSD; GPU: RTX 3050; Screen: 15.6; Touch: No","","Intel Core i7","32","1000.0"
"2613","Deep Gaming Nubian 15 Intel Core i7-13700H/32GB/2TB SSD/RTX 3050/15.6""","laptop","Deep Gaming","165127.0","Type: New. Model: Nubian; Storage Type: SSD; GPU: RTX 3050; Screen: 15.6; Touch: No","","Intel Core i7","32","2000.0"
"2614","Deep Gaming Nubian 15 Intel Core i7-13700H/64GB/1TB SSD/RTX 3050/15.6""","laptop","Deep Gaming","162095.16","Type: New. Model: Nubian; Storage Type: SSD; GPU: RTX 3050; Screen: 15.6; Touch: No","","Intel Core i7","64","1000.0"
"2615","Deep Gaming Nubian 15 Intel Core i7-13700H/64GB/2TB SSD/RTX 3050/15.6""","laptop","Deep Gaming","174872.2","Type: New. Model: Nubian; Storage Type: SSD; GPU: RTX 3050; Screen: 15.6; Touch: No","","Intel Core i7","64","2000.0"
"2616","Deep Gaming Nubian 17 Intel Core i7-13700H/32 GB/1TB SSD/RTX 3050/17.3""","laptop","Deep Gaming","159713.0","Type: New. Model: Nubian; Storage Type: SSD; GPU: RTX 3050; Screen: 17.3; Touch: No","","Intel Core i7","32","1000.0"
"2617","Deep Gaming Nubian 17 Intel Core i7-13700H/64GB/1TB SSD/RTX 3050/17.3""","laptop","Deep Gaming","177472.0","Type: New. Model: Nubian; Storage Type: SSD; GPU: RTX 3050; Screen: 17.3; Touch: No","","Intel Core i7","64","1000.0"
"2618","Dell Latitude 3320 Intel Core i7-1165G7/8GB/512GB SSD/13.3""","laptop","Dell","136388.41","Type: New. Model: Latitude; Storage Type: SSD; GPU: Unknown; Screen: 13.3; Touch: No","","Intel Core i7","8","512.0"
"2619","Dell Latitude 3330 Intel Core i5-1155G7/8GB/256GB SSD/13.3""","laptop","Dell","113124.45","Type: New. Model: Latitude; Storage Type: SSD; GPU: Unknown; Screen: 13.3; Touch: No","","Intel Core i5","8","256.0"
"2620","Dell Latitude 3410 Intel Core i7-10510U/8GB/256GB SSD/14""","laptop","Dell","127543.01","Type: New. Model: Latitude; Storage Type: SSD; GPU: Unknown; Screen: 14.0; Touch: No","","Intel Core i7","8","256.0"
"2621","Dell Latitude 3420 Intel Core i5-1135G7/16 GB/512GB SSD/14"" (PT)","laptop","Dell","134034.4","Type: New. Model: Latitude; Storage Type: SSD; GPU: Unknown; Screen: 14.0; Touch: No","","Intel Core i5","16","512.0"
"2622","Dell Latitude 3420 Intel Core i5-1135G7/16GB/512GB SSD/14""","laptop","Dell","118133.48","Type: New. Model: Latitude; Storage Type: SSD; GPU: Unknown; Screen: 14.0; Touch: No","","Intel Core i5","16","512.0"
"2623","Dell Latitude 3520 Intel Core i5-1135G7/8GB/256GB SSD/15.6'' (PT)","laptop","Dell","99160.66","Type: New. Model: Latitude; Storage Type: SSD; GPU: Unknown; Screen: 15.6; Touch: No","","Intel Core i5","8","256.0"
"2624","Dell Latitude 3520 Intel Core i7-1165G7/16GB/512GB SSD/15.6"" (PT)","laptop","Dell","149798.88","Type: New. Model: Latitude; Storage Type: SSD; GPU: Unknown; Screen: 15.6; Touch: No","","Intel Core i7","16","512.0"
"2625","Dell Latitude 5320 Intel Core i5-1135G7/8 GB/256GB SSD/13.3""","laptop","Dell","133369.56","Type: New. Model: Latitude; Storage Type: SSD; GPU: Unknown; Screen: 13.3; Touch: No","","Intel Core i5","8","256.0"
"2626","Dell Latitude 5330 Intel Core i5-1235U/8GB/256GB SSD/13.3""","laptop","Dell","109037.96","Type: New. Model: Latitude; Storage Type: SSD; GPU: Unknown; Screen: 13.3; Touch: No","","Intel Core i5","8","256.0"
"2627","Dell Latitude 5520 Intel Core i5-1135G7/8GB/256GB SSD/15.6""","laptop","Dell","265362.88","Type: New. Model: Latitude; Storage Type: SSD; GPU: Unknown; Screen: 15.6; Touch: No","","Intel Core i5","8","256.0"
"2628","Dell Latitude 5530 Intel Core i5-1235U/8GB/256GB SSD/15.6""","laptop","Dell","112670.75","Type: New. Model: Latitude; Storage Type: SSD; GPU: Unknown; Screen: 15.6; Touch: No","","Intel Core i5","8","256.0"
"2629","Dell Latitude 5540 Intel Core i5-1335U/8GB/256GB SSD/15.6""","laptop","Dell","141523.04","Type: New. Model: Latitude; Storage Type: SSD; GPU: Unknown; Screen: 15.6; Touch: No","","Intel Core i5","8","256.0"
"2630","Dell Latitude 7430 Intel Core i5-1235U/16GB/512GB SSD/14""","laptop","Dell","158456.95","Type: New. Model: Latitude; Storage Type: SSD; GPU: Unknown; Screen: 14.0; Touch: No","","Intel Core i5","16","512.0"
"2631","Dell Latitude 7430 Intel Core i7-1255U/16GB/512GB SSD/14""","laptop","Dell","177264.11","Type: New. Model: Latitude; Storage Type: SSD; GPU: Unknown; Screen: 14.0; Touch: No","","Intel Core i7","16","512.0"
"2632","Dell Latitude 7520 Intel Core i7-1185G7/16GB/512GB SSD/15.6""","laptop","Dell","220160.31","Type: New. Model: Latitude; Storage Type: SSD; GPU: Unknown; Screen: 15.6; Touch: No","","Intel Core i7","16","512.0"
"2633","Dell Latitude 7530 Intel Core i5-1235U/16GB/512GB SSD/15.6""","laptop","Dell","147813.03","Type: New. Model: Latitude; Storage Type: SSD; GPU: Unknown; Screen: 15.6; Touch: No","","Intel Core i5","16","512.0"
"2634","Dell Latitude 7530 Intel Core i5-1235U/16GB/512GB SSD/15.6"" (PT)","laptop","Dell","181390.66","Type: New. Model: Latitude; Storage Type: SSD; GPU: Unknown; Screen: 15.6; Touch: No","","Intel Core i5","16","512.0"
"2635","Dell Latitude 7530 Intel Core i7-1255U/16GB/512GB SSD/15.6""","laptop","Dell","185719.69","Type: New. Model: Latitude; Storage Type: SSD; GPU: Unknown; Screen: 15.6; Touch: No","","Intel Core i7","16","512.0"
"2636","Dell Precision 3560 Intel Core i5-1135G7/8 GB/256GB SSD/15.6""","laptop","Dell","128853.2","Type: New. Model: Precision; Storage Type: SSD; GPU: Unknown; Screen: 15.6; Touch: No","","Intel Core i5","8","256.0"
"2637","Dell Precision 3560 Intel Core i5-1135G7/8 GB/512GB SSD/Quadro T500/15.6""","laptop","Dell","200151.25","Type: New. Model: Precision; Storage Type: SSD; GPU: T 500; Screen: 15.6; Touch: No","","Intel Core i5","8","512.0"
"2638","Dell Precision 5470 Intel Core i7-12800H/16GB/512GB SSD/RTX A1000/14""","laptop","Dell","375623.32","Type: New. Model: Precision; Storage Type: SSD; GPU: RTX A1000; Screen: 14.0; Touch: No","","Intel Core i7","16","512.0"
"2639","Dell Precision 5770 Intel Core i7-12700H/16GB/512GB SSD/RTX A2000/17"" TÃ¡ctil","laptop","Dell","426190.08","Type: New. Model: Precision; Storage Type: SSD; GPU: RTX A2000; Screen: 17.0; Touch: Yes","","Intel Core i7","16","512.0"
"2640","Dell Vostro 3400 Intel Core i5-1135G7/8GB/512GB SSD/14""","laptop","Dell","100335.5","Type: New. Model: Vostro; Storage Type: SSD; GPU: Unknown; Screen: 14.0; Touch: No","","Intel Core i5","8","512.0"
"2641","Dell Vostro 3420 Intel Core i5-1135G7/8 GB/256GB SSD/14""","laptop","Dell","77636.76","Type: New. Model: Vostro; Storage Type: SSD; GPU: Unknown; Screen: 14.0; Touch: No","","Intel Core i5","8","256.0"
"2642","Dell Vostro 3500 Intel Core i3-1115G4/8GB/256GB SSD/15.6""","laptop","Dell","100717.72","Type: New. Model: Vostro; Storage Type: SSD; GPU: Unknown; Screen: 15.6; Touch: No","","Intel Core i3","8","256.0"
"2643","Dell Vostro 3501 Intel Core i3-1005G1/4 GB/256GB SSD/15.6""","laptop","Dell","65041.63","Type: New. Model: Vostro; Storage Type: SSD; GPU: Unknown; Screen: 15.6; Touch: No","","Intel Core i3","4","256.0"
"2644","Dell Vostro 3501 Intel Core i3-1005G1/8GB/256GB SSD/15.6""","laptop","Dell","74591.93","Type: New. Model: Vostro; Storage Type: SSD; GPU: Unknown; Screen: 15.6; Touch: No","","Intel Core i3","8","256.0"
"2645","Dell Vostro 3510 Intel Core i5-1035G1/8GB/256GB SSD/15.6""","laptop","Dell","139591.33","Type: New. Model: Vostro; Storage Type: SSD; GPU: Unknown; Screen: 15.6; Touch: No","","Intel Core i5","8","256.0"
"2646","Dell Vostro 5320 Intel Evo Core i5-1240P/8GB/256GB SSD/13.3""","laptop","Dell","99509.32","Type: New. Model: Vostro; Storage Type: SSD; GPU: Unknown; Screen: 13.3; Touch: No","","Intel Evo Core i5","8","256.0"
"2647","Dell Vostro 5510 Intel Core i5-11300H/8GB/256GB SSD/15.6""","laptop","Dell","118142.14","Type: New. Model: Vostro; Storage Type: SSD; GPU: Unknown; Screen: 15.6; Touch: No","","Intel Core i5","8","256.0"
"2648","Dell Vostro 5515 AMD Ryzen 5 5500U/8GB/256GB SSD/15.6""","laptop","Dell","205242.57","Type: New. Model: Vostro; Storage Type: SSD; GPU: Unknown; Screen: 15.6; Touch: No","","AMD Ryzen 5","8","256.0"
"2649","Dell Vostro 5620 Intel Core i5-1240P/8GB/256GB SSD/16""","laptop","Dell","96138.56","Type: New. Model: Vostro; Storage Type: SSD; GPU: Unknown; Screen: 16.0; Touch: No","","Intel Core i5","8","256.0"
"2650","Dell XPS 15 9520 Intel Core i7-12700H/16GB RAM/1TB SSD/RTX 3050 Ti/15.6'' (PT)","laptop","Dell","326149.11","Type: New. Model: XPS; Storage Type: SSD; GPU: RTX 3050; Screen: 15.6; Touch: No","","Intel Core i7","16","1000.0"
"2651","Dell XPS 15 9520 Intel Core i7-12700H/32GB/1TB SSD/RTX3050 Ti/15.6"" TÃ¡ctil","laptop","Dell","305142.79","Type: Refurbished. Model: XPS; Storage Type: SSD; GPU: RTX 3050; Screen: 15.6; Touch: Yes","","Intel Core i7","32","1000.0"
"2652","Dynabook PortÃ©gÃ© X30-F-15T Intel Core i5-8265U/8GB/256GB SSD/13.3""","laptop","Dynabook Toshiba","148329.52","Type: New. Model: PortÃ©gÃ©; Storage Type: SSD; GPU: Unknown; Screen: 13.3; Touch: No","","Intel Core i5","8","256.0"
"2653","Dynabook Toshiba PortÃ©gÃ© X30W-J-10P Intel Core i5-1135G7/16GB/512GB SSD/13.3"" TÃ¡ctil","laptop","Dynabook Toshiba","143266.35","Type: New. Model: PortÃ©gÃ©; Storage Type: SSD; GPU: Unknown; Screen: 13.3; Touch: Yes","","Intel Core i5","16","512.0"
"2654","Dynabook Toshiba PortÃ©gÃ© X30W-J-148 Intel Core i5-1135G7/16GB/512GB SSD/13.3"" TÃ¡ctil","laptop","Dynabook Toshiba","192737.32","Type: New. Model: PortÃ©gÃ©; Storage Type: SSD; GPU: Unknown; Screen: 13.3; Touch: Yes","","Intel Core i5","16","512.0"
"2655","Dynabook Toshiba PortÃ©gÃ© X30W-K-114 Intel Core i5-1240P/16GB/512GB SSD/13.3"" TÃ¡ctil","laptop","Dynabook Toshiba","171190.68","Type: New. Model: PortÃ©gÃ©; Storage Type: SSD; GPU: Unknown; Screen: 13.3; Touch: Yes","","Intel Core i5","16","512.0"
"2656","Dynabook Toshiba Satellite Pro A50-F-107 Intel Core i3-8145U/8GB/256GB SSD/15.6""","laptop","Dynabook Toshiba","79546.82","Type: New. Model: Satellite Pro; Storage Type: SSD; GPU: Unknown; Screen: 15.6; Touch: No","","Intel Core i3","8","256.0"
"2657","Dynabook Toshiba Satellite Pro C50-H-10C Intel Core i3-1005G1/8GB/512GB SSD/15.6""","laptop","Dynabook Toshiba","43018.56","Type: Refurbished. Model: Satellite Pro; Storage Type: SSD; GPU: Unknown; Screen: 15.6; Touch: No","","Intel Core i3","8","512.0"
"2658","Dynabook Toshiba Tecra A50-J-13Y Intel Core i5-1135G7/8GB/512GB SSD/15.6""","laptop","Dynabook Toshiba","118351.12","Type: New. Model: Tecra; Storage Type: SSD; GPU: Unknown; Screen: 15.6; Touch: No","","Intel Core i5","8","512.0"
"2659","Gigabyte AERO 15 OLED YD-73ES624SP Intel Core i7-11800H/16GB/1TB SSD/RTX 3080/15.6""","laptop","Gigabyte","306994.37","Type: New. Model: Aero; Storage Type: SSD; GPU: RTX 3080; Screen: 15.6; Touch: No","","Intel Core i7","16","1000.0"
"2660","Gigabyte AERO 16 XE5-73PT938HP Intel Core i7-12700H/16GB/2TB SSD/RTX 3070Ti/16"" (PT)","laptop","Gigabyte","250884.76","Type: New. Model: Aero; Storage Type: SSD; GPU: RTX 3070; Screen: 16.0; Touch: No","","Intel Core i7","16","2000.0"
"2661","Gigabyte AERO 17 XE5-73PT738HP Intel Core i7-12700H/16GB/2TB SSD/RTX 3070Ti/17.3"" (PT)","laptop","Gigabyte","241311.73","Type: New. Model: Aero; Storage Type: SSD; GPU: RTX 3070; Screen: 17.3; Touch: No","","Intel Core i7","16","2000.0"
"2662","Gigabyte AORUS 15 XE4-73ESB14SH Intel Core i7-12700H/16GB/1TB SSD/RTX 3070Ti/15.6""","laptop","Gigabyte","248935.72","Type: New. Model: Aorus; Storage Type: SSD; GPU: RTX 3070; Screen: 15.6; Touch: No","","Intel Core i7","16","1000.0"
"2663","Gigabyte AORUS 15X ASF-83ES654SH Intel Core i7-13700HX/16GB/1TB SSD/RTX 4070/15.6""","laptop","Gigabyte","271891.08","Type: New. Model: Aorus; Storage Type: SSD; GPU: RTX 4070; Screen: 15.6; Touch: No","","Intel Core i7","16","1000.0"
"2664","Gigabyte AORUS 17G KD-72ES325SD Intel Core i7-11800H/16GB/512GB SSD/RTX 3060/17.3""","laptop","Gigabyte","168139.35","Type: New. Model: Aorus; Storage Type: SSD; GPU: RTX 3060; Screen: 17.3; Touch: No","","Intel Core i7","16","512.0"
"2665","Gigabyte AORUS 17H BXF-74ES554SH Intel Core i7-13700H/16GB/1TB SSD/RTX 4080/17.3""","laptop","Gigabyte","274206.11","Type: New. Model: Aorus; Storage Type: SSD; GPU: RTX 4080; Screen: 17.3; Touch: No","","Intel Core i7","16","1000.0"
"2666","Gigabyte AORUS 5 SE4-73PT213SH Intel Core i7-12700H/16GB/512GB SSD/RTX 3070Ti/15.6"" (PT)","laptop","Gigabyte","203354.17","Type: New. Model: Aorus; Storage Type: SSD; GPU: RTX 3070; Screen: 15.6; Touch: No","","Intel Core i7","16","512.0"
"2667","Gigabyte G7 GD-51PT123SD Intel Core i5-11400H/16GB/512GB SSD/RTX 3050/17.3"" (PT)","laptop","Gigabyte","148995.45","Type: New. Model: G7; Storage Type: SSD; GPU: RTX 3050; Screen: 17.3; Touch: No","","Intel Core i5","16","512.0"
"2668","Gigabyte U4 UD-50ES823SO Intel Core i5-1155G7/16GB/512GB SSD/14""","laptop","Gigabyte","97343.72","Type: Refurbished. Model: U4; Storage Type: SSD; GPU: Unknown; Screen: 14.0; Touch: No","","Intel Core i5","16","512.0"
"2669","HP 15-DW3009NS Intel Core i5-1135G7/8GB/256GB SSD/MX350/15.6""","laptop","HP","74164.22","Type: New. Model: G7; Storage Type: SSD; GPU: Unknown; Screen: 15.6; Touch: No","","Intel Core i5","8","256.0"
"2670","HP 15S-EQ1133NS AMD 3020e/4GB/256GB SSD/15.6""","laptop","HP","38440.48","Type: New. Model: 15S; Storage Type: SSD; GPU: Unknown; Screen: 15.6; Touch: No","","AMD 3020e","4","256.0"
"2671","HP 15S-EQ1142NS AMD 3020e/4GB/128GB SSD/15.6""","laptop","HP","39775.58","Type: New. Model: 15S; Storage Type: SSD; GPU: Unknown; Screen: 15.6; Touch: No","","AMD 3020e","4","128.0"
"2672","HP 15S-EQ1157NS AMD Athlon Silver 3050U/8GB/256GB SSD/15.6""","laptop","HP","49807.72","Type: New. Model: 15S; Storage Type: SSD; GPU: Unknown; Screen: 15.6; Touch: No","","AMD Athlon","8","256.0"
"2673","HP 15S-EQ1161NS AMD Athlon Silver 3050U/8GB/256GB SSD/15.6""","laptop","HP","40821.56","Type: New. Model: 15S; Storage Type: SSD; GPU: Unknown; Screen: 15.6; Touch: No","","AMD Athlon","8","256.0"
"2674","HP 15S-EQ2094NS AMD Ryzen 5 5500U/8GB/256GB SSD/15.6""","laptop","HP","51806.57","Type: New. Model: 15S; Storage Type: SSD; GPU: Unknown; Screen: 15.6; Touch: No","","AMD Ryzen 5","8","256.0"
"2675","HP 15S-EQ2098NS AMD Ryzen 3 5300U/8GB/256GB SSD/15.6""","laptop","HP","62911.76","Type: New. Model: 15S; Storage Type: SSD; GPU: Unknown; Screen: 15.6; Touch: No","","AMD Ryzen 3","8","256.0"
"2676","HP 15S-EQ2099NS AMD Ryzen 3 5300U/8GB/512GB SSD/15.6""","laptop","HP","64221.95","Type: New. Model: 15S; Storage Type: SSD; GPU: Unknown; Screen: 15.6; Touch: No","","AMD Ryzen 3","8","512.0"
"2677","HP 15S-EQ2100NS AMD Ryzen 3 5300U/8GB/512GB SSD/15.6""","laptop","HP","63523.54","Type: New. Model: 15S; Storage Type: SSD; GPU: Unknown; Screen: 15.6; Touch: No","","AMD Ryzen 3","8","512.0"
"2678","HP 15S-EQ2102NS AMD Ryzen 5 5500U/8GB/256GB SSD/15.6""","laptop","HP","64342.14","Type: New. Model: 15S; Storage Type: SSD; GPU: Unknown; Screen: 15.6; Touch: No","","AMD Ryzen 5","8","256.0"
"2679","HP 15S-EQ2103NS AMD Ryzen 5 5500U/8GB/512GB SSD/15.6""","laptop","HP","76840.9","Type: New. Model: 15S; Storage Type: SSD; GPU: Unknown; Screen: 15.6; Touch: No","","AMD Ryzen 5","8","512.0"
"2680","HP 15S-EQ2104NS AMD Ryzen 5 5500U/8GB/512GB SSD/15.6""","laptop","HP","59987.12","Type: New. Model: 15S; Storage Type: SSD; GPU: Unknown; Screen: 15.6; Touch: No","","AMD Ryzen 5","8","512.0"
"2681","HP 15S-EQ2105NS AMD Ryzen 7 5700U/12GB/512GB SSD/15.6""","laptop","HP","77543.64","Type: New. Model: 15S; Storage Type: SSD; GPU: Unknown; Screen: 15.6; Touch: No","","AMD Ryzen 7","12","512.0"
"2682","HP 15S-EQ2106NS AMD Ryzen 7 5700U/12GB/512GB SSD/15.6""","laptop","HP","72912.5","Type: New. Model: 15S; Storage Type: SSD; GPU: Unknown; Screen: 15.6; Touch: No","","AMD Ryzen 7","12","512.0"
"2683","HP 15S-EQ2113NS AMD Ryzen 7 5700U/8GB/256GB SSD/15.6""","laptop","HP","65029.72","Type: New. Model: 15S; Storage Type: SSD; GPU: Unknown; Screen: 15.6; Touch: No","","AMD Ryzen 7","8","256.0"
"2684","HP 15S-EQ2114NS AMD Ryzen 7 5700U/8GB/512GB SSD/15.6""","laptop","HP","66483.92","Type: New. Model: 15S; Storage Type: SSD; GPU: Unknown; Screen: 15.6; Touch: No","","AMD Ryzen 7","8","512.0"
"2685","HP 15S-EQ2125NS AMD Ryzen 7 5700U/8GB/512GB SSD/15.6""","laptop","HP","65112.01","Type: New. Model: 15S; Storage Type: SSD; GPU: Unknown; Screen: 15.6; Touch: No","","AMD Ryzen 7","8","512.0"
"2686","HP 15S-EQ2130NS AMD Ryzen 5 5500U/8GB/512GB SSD/15.6""","laptop","HP","70698.18","Type: New. Model: 15S; Storage Type: SSD; GPU: Unknown; Screen: 15.6; Touch: No","","AMD Ryzen 5","8","512.0"
"2687","HP 15S-EQ2134NS AMD Ryzen 5 5500U/8GB/512GB SSD/15.6""","laptop","HP","58360.75","Type: New. Model: 15S; Storage Type: SSD; GPU: Unknown; Screen: 15.6; Touch: No","","AMD Ryzen 5","8","512.0"
"2688","HP 15S-FQ0023NS Intel Celeron N4120/8GB/256GB SSD/15.6""","laptop","HP","36304.12","Type: New. Model: 15S; Storage Type: SSD; GPU: Unknown; Screen: 15.6; Touch: No","","Intel Celeron","8","256.0"
"2689","HP 15S-FQ2029NS Intel Core i5-1135G7/8GB/512GB SSD/15.6""","laptop","HP","95925.25","Type: New. Model: 15S; Storage Type: SSD; GPU: Unknown; Screen: 15.6; Touch: No","","Intel Core i5","8","512.0"
"2690","HP 15S-FQ2134NS Intel Core i3-1115G4/8GB/512GB SSD/15.6""","laptop","HP","48884.09","Type: New. Model: 15S; Storage Type: SSD; GPU: Unknown; Screen: 15.6; Touch: No","","Intel Core i3","8","512.0"
"2691","HP 15S-FQ2150NS Intel Core i3-1115G4/8GB/256GB SSD/15.6""","laptop","HP","41031.62","Type: New. Model: 15S; Storage Type: SSD; GPU: Unknown; Screen: 15.6; Touch: No","","Intel Core i3","8","256.0"
"2692","HP 15S-FQ2162NS Intel Core i3-1115G4/8GB/512GB SSD/15.6""","laptop","HP","69991.11","Type: New. Model: 15S; Storage Type: SSD; GPU: Unknown; Screen: 15.6; Touch: No","","Intel Core i3","8","512.0"
"2693","HP 15S-FQ3003NS Intel Celeron N4500/8GB/512GB SSD/15.6""","laptop","HP","55981.84","Type: New. Model: 15S; Storage Type: SSD; GPU: Unknown; Screen: 15.6; Touch: No","","Intel Celeron","8","512.0"
"2694","HP 15S-FQ3014NS Intel Celeron N4500/8GB/256GB SSD/15.6""","laptop","HP","38331.12","Type: New. Model: 15S; Storage Type: SSD; GPU: Unknown; Screen: 15.6; Touch: No","","Intel Celeron","8","256.0"
"2695","HP 15S-FQ3018NS Intel Celeron N4500/8GB/256GB SSD/15.6""","laptop","HP","43726.71","Type: New. Model: 15S; Storage Type: SSD; GPU: Unknown; Screen: 15.6; Touch: No","","Intel Celeron","8","256.0"
"2696","HP 15S-FQ4038NS Intel Core i5-1155G7/8GB/512GB SSD/15.6""","laptop","HP","67529.9","Type: New. Model: 15S; Storage Type: SSD; GPU: Unknown; Screen: 15.6; Touch: No","","Intel Core i5","8","512.0"
"2697","HP 15S-FQ4048NS Intel Core i5-1155G7/8GB/512GB SSD/15.6""","laptop","HP","56495.09","Type: New. Model: 15S; Storage Type: SSD; GPU: Unknown; Screen: 15.6; Touch: No","","Intel Core i5","8","512.0"
"2698","HP 15S-FQ4051NS Intel Core i5-1155G7/8GB/256GB SSD/15.6""","laptop","HP","61870.11","Type: New. Model: 15S; Storage Type: SSD; GPU: Unknown; Screen: 15.6; Touch: No","","Intel Core i5","8","256.0"
"2699","HP 15S-FQ4053NS Intel Core i5-1155G7/8GB/256GB SSD/15.6""","laptop","HP","58794.96","Type: New. Model: 15S; Storage Type: SSD; GPU: Unknown; Screen: 15.6; Touch: No","","Intel Core i5","8","256.0"
"2700","HP 15S-FQ4057NS Intel Core i5-1155G7/8GB/256GB SSD/15.6""","laptop","HP","53578.03","Type: New. Model: 15S; Storage Type: SSD; GPU: Unknown; Screen: 15.6; Touch: No","","Intel Core i5","8","256.0"
"2701","HP 15S-FQ4058NS Intel Core i5-1155G7/8GB/256GB SSD/15.6""","laptop","HP","54913.12","Type: New. Model: 15S; Storage Type: SSD; GPU: Unknown; Screen: 15.6; Touch: No","","Intel Core i5","8","256.0"
"2702","HP 15S-FQ4060NS Intel Core i5-1155G7/8GB/512GB SSD/15.6""","laptop","HP","59638.46","Type: New. Model: 15S; Storage Type: SSD; GPU: Unknown; Screen: 15.6; Touch: No","","Intel Core i5","8","512.0"
"2703","HP 15S-FQ4065NS Intel Core i7-1195G7/8GB/512GB SSD/15.6""","laptop","HP","79546.82","Type: New. Model: 15S; Storage Type: SSD; GPU: Unknown; Screen: 15.6; Touch: No","","Intel Core i7","8","512.0"
"2704","HP 15S-FQ5016NS Intel Core i5-1235U/8GB/512GB SSD/15.6""","laptop","HP","82184.52","Type: New. Model: 15S; Storage Type: SSD; GPU: Unknown; Screen: 15.6; Touch: No","","Intel Core i5","8","512.0"
"2705","HP 15S-FQ5042NS Intel Core i7-1255U/8GB/512GB SSD/15.6""","laptop","HP","97560.28","Type: New. Model: 15S; Storage Type: SSD; GPU: Unknown; Screen: 15.6; Touch: No","","Intel Core i7","8","512.0"
"2706","HP 15S-FQ5072NS Intel Core i5-1235U/8GB/512GB SSD/15.6""","laptop","HP","56966.11","Type: New. Model: 15S; Storage Type: SSD; GPU: Unknown; Screen: 15.6; Touch: No","","Intel Core i5","8","512.0"
"2707","HP 15S-FQ5077NS Intel Core i5-1235U/8GB/512GB SSD/15.6""","laptop","HP","73197.28","Type: New. Model: 15S; Storage Type: SSD; GPU: Unknown; Screen: 15.6; Touch: No","","Intel Core i5","8","512.0"
"2708","HP 15S-FQ5079NS Intel Core i5-1235U/8GB/512GB SSD/15.6""","laptop","HP","66591.12","Type: New. Model: 15S; Storage Type: SSD; GPU: Unknown; Screen: 15.6; Touch: No","","Intel Core i5","8","512.0"
"2709","HP 15S-eq2097ns AMD Ryzen 3 5300U/8GB/256GB SSD/15.6""","laptop","HP","49922.49","Type: New. Model: 15S; Storage Type: SSD; GPU: Unknown; Screen: 15.6; Touch: No","","AMD Ryzen 3","8","256.0"
"2710","HP 15S-fq2133ns Intel Core i3-1115G4/8GB/256GB SSD/15.6""","laptop","HP","46805.11","Type: New. Model: 15S; Storage Type: SSD; GPU: Unknown; Screen: 15.6; Touch: No","","Intel Core i3","8","256.0"
"2711","HP 15S-fq3011ns Intel Celeron N4500/8GB/256GB SSD/15.6""","laptop","HP","43552.38","Type: New. Model: 15S; Storage Type: SSD; GPU: Unknown; Screen: 15.6; Touch: No","","Intel Celeron","8","256.0"
"2712","HP 15s-eq2133ns AMD Ryzen 5 5500U/8GB/256GB SSD/15.6""","laptop","HP","51648.48","Type: New. Model: 15S; Storage Type: SSD; GPU: Unknown; Screen: 15.6; Touch: No","","AMD Ryzen 5","8","256.0"
"2713","HP 15s-fq4049ns Intel Core i7-1195G7/8GB/512GB SSD/15.6""","laptop","HP","68103.79","Type: New. Model: 15S; Storage Type: SSD; GPU: Unknown; Screen: 15.6; Touch: No","","Intel Core i7","8","512.0"
"2714","HP 15s-fq4056ns Intel Core i7-1195G7/8GB/512GB SSD/15.6""","laptop","HP","77543.64","Type: New. Model: 15S; Storage Type: SSD; GPU: Unknown; Screen: 15.6; Touch: No","","Intel Core i7","8","512.0"
"2715","HP 17-CN0014NS Intel Core i3-1115G4/8GB/512GB SSD/17.3""","laptop","HP","71584.99","Type: New. Model: 17; Storage Type: SSD; GPU: Unknown; Screen: 17.3; Touch: No","","Intel Core i3","8","512.0"
"2716","HP 250 G7 Intel Core i5-1035G1/8 GB/256GB SSD/15.6""","laptop","HP","187365.55","Type: New. Model: 250; Storage Type: SSD; GPU: Unknown; Screen: 15.6; Touch: No","","Intel Core i5","8","256.0"
"2717","HP 250 G8 2X7L0EA Intel Core i3-1115G4/8GB/256GB SSD/15.6""","laptop","HP","50469.31","Type: New. Model: 250; Storage Type: SSD; GPU: Unknown; Screen: 15.6; Touch: No","","Intel Core i3","8","256.0"
"2718","HP 250 G8 Intel Core i3-1115G4/8 GB/512GB SSD/15.6""","laptop","HP","48280.97","Type: New. Model: 250; Storage Type: SSD; GPU: Unknown; Screen: 15.6; Touch: No","","Intel Core i3","8","512.0"
"2719","HP 250 G8 Intel Core i3-1115G4/8GB/256GB SSD/15.6"" Plata","laptop","HP","63495.39","Type: New. Model: 250; Storage Type: SSD; GPU: Unknown; Screen: 15.6; Touch: No","","Intel Core i3","8","256.0"
"2720","HP 250 G8 Intel Core i5-1135G7/8 GB/256 GB SSD/15.6""","laptop","HP","94861.94","Type: New. Model: 250; Storage Type: SSD; GPU: Unknown; Screen: 15.6; Touch: No","","Intel Core i5","8","256.0"
"2721","HP 250 G8 Intel Core i5-1135G7/8GB/512GB SSD/15.6""","laptop","HP","80235.48","Type: New. Model: 250; Storage Type: SSD; GPU: Unknown; Screen: 15.6; Touch: No","","Intel Core i5","8","512.0"
"2722","HP 250 G9 Intel Core i5-1235U/8GB/256GB SSD/15.6""","laptop","HP","85649.48","Type: New. Model: 250; Storage Type: SSD; GPU: Unknown; Screen: 15.6; Touch: No","","Intel Core i5","8","256.0"
"2723","HP 250 G9 Intel Core i5-1235U/8GB/512 GB SSD/15.6""","laptop","HP","95504.04","Type: New. Model: 250; Storage Type: SSD; GPU: Unknown; Screen: 15.6; Touch: No","","Intel Core i5","8","512.0"
"2724","HP 255 G7 AMD Ryzen 5 3500U/8 GB/256 GB SSD/15.6""","laptop","HP","118555.77","Type: New. Model: 255; Storage Type: SSD; GPU: Unknown; Screen: 15.6; Touch: No","","AMD Ryzen 5","8","256.0"
"2725","HP 255 G8 AMD Ryzen 3 3250U/8 GB/256 GB SSD/15.6""","laptop","HP","49326.95","Type: New. Model: 255; Storage Type: SSD; GPU: Unknown; Screen: 15.6; Touch: No","","AMD Ryzen 3","8","256.0"
"2726","HP 255 G8 AMD Ryzen 3 5300U/8GB/256GB SSD/15.6""","laptop","HP","90862.08","Type: New. Model: 255; Storage Type: SSD; GPU: Unknown; Screen: 15.6; Touch: No","","AMD Ryzen 3","8","256.0"
"2727","HP 255 G8 AMD Ryzen 5 3500U/8 GB/256GB SSD/15.6""","laptop","HP","69808.12","Type: New. Model: 255; Storage Type: SSD; GPU: Unknown; Screen: 15.6; Touch: No","","AMD Ryzen 5","8","256.0"
"2728","HP 255 G9 AMD Ryzen 5 5625U/8GB/256GB SSD/15.6""","laptop","HP","58361.84","Type: New. Model: 255; Storage Type: SSD; GPU: Unknown; Screen: 15.6; Touch: No","","AMD Ryzen 5","8","256.0"
"2729","HP 340S G7 Intel Core i3-1005G1/8GB/2565GB SSD/14""","laptop","HP","62918.26","Type: New. Model: G7; Storage Type: SSD; GPU: Unknown; Screen: 14.0; Touch: No","","Intel Core i3","8","256.0"
"2730","HP ChromeBook 14a-na0023ns Intel Celeron N4120/4GB/64GB eMMC/14""","laptop","HP","35624.12","Type: New. Model: Chromebook; Storage Type: eMMC; GPU: Unknown; Screen: 14.0; Touch: No","","Intel Celeron","4","64.0"
"2731","HP Chromebook 11MK G9 Mediatek MT8183/4GB/32GB EMMC/11.6""","laptop","HP","49592.24","Type: New. Model: Chromebook; Storage Type: eMMC; GPU: Unknown; Screen: 11.6; Touch: No","","Mediatek MT8183","4","32.0"
"2732","HP Chromebook X360 11 G3 Intel Celeron N4020/4GB/32GB eMMC/11.6"" TÃ¡ctil","laptop","HP","35993.35","Type: New. Model: Chromebook; Storage Type: eMMC; GPU: Unknown; Screen: 11.6; Touch: Yes","","Intel Celeron","4","32.0"
"2733","HP ENVY 13-ba1001np Intel Core i5-1135G7/8GB/512GB SSD/13.3""(PT)","laptop","HP","113692.92","Type: New. Model: Envy; Storage Type: SSD; GPU: Unknown; Screen: 13.3; Touch: No","","Intel Core i5","8","512.0"
"2734","HP ENVY x360 2-in-1 Laptop 15-ew0008np Intel Core i7-1255U/16GB/512GB SSD/RTX2050/TÃ¡til (PT)","laptop","HP","201781.95","Type: New. Model: Envy; Storage Type: SSD; GPU: RTX 2050; Screen: Unknown; Touch: Yes","","Intel Core i7","16","512.0"
"2735","HP Elite Dragonfly G3 Intel Core i7-1255U/16GB/1TB SSD/13.5""","laptop","HP","183968.8","Type: New. Model: Go; Storage Type: SSD; GPU: Unknown; Screen: 13.5; Touch: No","","Intel Core i7","16","1000.0"
"2736","HP EliteBook 1040 G9 Intel Core i7-1255U/32GB/1TB SSD/14""","laptop","HP","270988.02","Type: New. Model: EliteBook; Storage Type: SSD; GPU: Unknown; Screen: 14.0; Touch: No","","Intel Core i7","32","1000.0"
"2737","HP EliteBook 1040 Intel Core i5-1235U/16GB/512GB SSD/14""","laptop","HP","175896.53","Type: New. Model: EliteBook; Storage Type: SSD; GPU: Unknown; Screen: 14.0; Touch: No","","Intel Core i5","16","512.0"
"2738","HP EliteBook 630 G9 Intel Core i5-1235U/8GB/512GB SSD/13.3""","laptop","HP","112855.91","Type: New. Model: EliteBook; Storage Type: SSD; GPU: Unknown; Screen: 13.3; Touch: No","","Intel Core i5","8","512.0"
"2739","HP EliteBook 640 G9 Intel Core i5-1235U/8GB/512GB SSD/14""","laptop","HP","159635.04","Type: Refurbished. Model: EliteBook; Storage Type: SSD; GPU: Unknown; Screen: 14.0; Touch: No","","Intel Core i5","8","512.0"
"2740","HP EliteBook 650 G9 Intel Core i5-1235U/8GB/512GB SSD/15.6""","laptop","HP","115273.81","Type: New. Model: EliteBook; Storage Type: SSD; GPU: Unknown; Screen: 15.6; Touch: No","","Intel Core i5","8","512.0"
"2741","HP EliteBook 840 G8 Intel Core i5-1135G7/8GB/256GB SSD/14""","laptop","HP","164584.52","Type: New. Model: EliteBook; Storage Type: SSD; GPU: Unknown; Screen: 14.0; Touch: No","","Intel Core i5","8","256.0"
"2742","HP EliteBook 840 G9 Intel Core i5-1235U/16GB/512GB SSD/14""","laptop","HP","219370.95","Type: Refurbished. Model: EliteBook; Storage Type: SSD; GPU: Unknown; Screen: 14.0; Touch: No","","Intel Core i5","16","512.0"
"2743","HP EliteBook 850 G8 Intel Core i5-1135G7/8GB/256GB SSD/15.6""","laptop","HP","109905.28","Type: New. Model: EliteBook; Storage Type: SSD; GPU: Unknown; Screen: 15.6; Touch: No","","Intel Core i5","8","256.0"
"2744","HP EliteBook 860 G9 Intel Core i5-1235U/16GB/512GB SSD/16""","laptop","HP","158447.21","Type: New. Model: EliteBook; Storage Type: SSD; GPU: Unknown; Screen: 16.0; Touch: No","","Intel Core i5","16","512.0"
"2745","HP EliteBook x360 1030 G8 Intel Core i5-1135G7/16GB/512GB SSD/13.3"" TÃ¡ctil","laptop","HP","216451.72","Type: New. Model: EliteBook; Storage Type: SSD; GPU: Unknown; Screen: 13.3; Touch: Yes","","Intel Core i5","16","512.0"
"2746","HP EliteBook x360 830 G8 Intel Core i5-1135G7/8GB/512GB SSD/13.3"" TÃ¡ctil","laptop","HP","113906.23","Type: New. Model: EliteBook; Storage Type: SSD; GPU: Unknown; Screen: 13.3; Touch: Yes","","Intel Core i5","8","512.0"
"2747","HP Laptop 15S-EQ2052NP AMD Ryzen 7-5700U/12GB/256GB SSD/15.6'' (PT)","laptop","HP","81218.66","Type: New. Model: 15S; Storage Type: SSD; GPU: Unknown; Screen: 15.6; Touch: No","","AMD Ryzen 7","12","256.0"
"2748","HP OMEN 16-B1018NS Intel Core i7-12700H/16GB/1TB SSD/RTX 3060/16.1""","laptop","HP","176251.69","Type: New. Model: Omen; Storage Type: SSD; GPU: RTX 3060; Screen: 16.1; Touch: No","","Intel Core i7","16","1000.0"
"2749","HP OMEN 16-c0007np AMD Ryzen 7 5800H/16GB/512GB SSD/RTX 3070/16.1""(PT)","laptop","HP","219291.9","Type: New. Model: Omen; Storage Type: SSD; GPU: RTX 3070; Screen: 16.1; Touch: No","","AMD Ryzen 7","16","512.0"
"2750","HP Pavilion 14-DV2006NS Intel Core i5-1235U/16GB/512GB SSD/14""","laptop","HP","105789.56","Type: New. Model: Pavilion; Storage Type: SSD; GPU: Unknown; Screen: 14.0; Touch: No","","Intel Core i5","16","512.0"
"2751","HP Pavilion 14-dv1009ns Intel Core i5-1155G7/16GB/512GB SSD/14""","laptop","HP","99706.39","Type: New. Model: Pavilion; Storage Type: SSD; GPU: Unknown; Screen: 14.0; Touch: No","","Intel Core i5","16","512.0"
"2752","HP Pavilion 15-EH1001NS AMD Ryzen 5 5500U/16GB/512GB SSD/15.6""","laptop","HP","88379.22","Type: New. Model: Pavilion; Storage Type: SSD; GPU: Unknown; Screen: 15.6; Touch: No","","AMD Ryzen 5","16","512.0"
"2753","HP Pavilion x360 14-ek0018ns Intel Core  i5-1235U/8GB/512GB SSD/14"" TÃ¡ctil","laptop","HP","106872.36","Type: New. Model: Pavilion; Storage Type: SSD; GPU: Unknown; Screen: 14.0; Touch: Yes","","Intel Core i5","8","512.0"
"2754","HP Pavilion x360 14-ek0039ns Intel Core i3-1215U/8GB/256GB SSD/14"" TÃ¡ctil","laptop","HP","85866.04","Type: New. Model: Pavilion; Storage Type: SSD; GPU: Unknown; Screen: 14.0; Touch: Yes","","Intel Core i3","8","256.0"
"2755","HP PavilionÂ x360 14-ek0032ns Intel Core i7-1255U/16GB/512GB SSD/14"" TÃ¡ctil","laptop","HP","130477.4","Type: New. Model: Pavilion; Storage Type: SSD; GPU: Unknown; Screen: 14.0; Touch: Yes","","Intel Core i7","16","512.0"
"2756","HP ProBook 430 G6 Intel Core i5-8265U/4GB/500GB/13.3""","laptop","HP","99599.19","Type: New. Model: ProBook; Storage Type: Unknown; GPU: Unknown; Screen: 13.3; Touch: No","","Intel Core i5","4","500.0"
"2757","HP ProBook 450 G8 Intel Core i5-1135G7/8GB/256GB SSD/15.6""","laptop","HP","151509.71","Type: New. Model: ProBook; Storage Type: SSD; GPU: Unknown; Screen: 15.6; Touch: No","","Intel Core i5","8","256.0"
"2758","HP ProBook 450 G8 Intel Core i5-1135G7/8GB/256GB SSD/15.6"" Plata","laptop","HP","84059.93","Type: New. Model: ProBook; Storage Type: SSD; GPU: Unknown; Screen: 15.6; Touch: No","","Intel Core i5","8","256.0"
"2759","HP Victus 15-fa0053ns Intel Core i5-12450H/16GB/512GB SSD/RTX 3050/15.6""","laptop","HP","97344.8","Type: New. Model: Victus; Storage Type: SSD; GPU: RTX 3050; Screen: 15.6; Touch: No","","Intel Core i5","16","512.0"
"2760","HP Victus 16-D1024NS Intel Core i7-12700H/16GB/512GB SSD/RTX 3050 Ti/16.1""","laptop","HP","132186.06","Type: New. Model: Victus; Storage Type: SSD; GPU: RTX 3050; Screen: 16.1; Touch: No","","Intel Core i7","16","512.0"
"2761","HP Victus 16-D1025NS Intel Core i7-12700H/16GB/512GB SSD/RTX 3050 Ti/16.1""","laptop","HP","140872.28","Type: New. Model: Victus; Storage Type: SSD; GPU: RTX 3050; Screen: 16.1; Touch: No","","Intel Core i7","16","512.0"
"2762","HP Victus 16-D1036NS Intel Core i7-12700H/16GB/512GB SSD/RTX 3050 Ti/16.1""","laptop","HP","129175.87","Type: New. Model: Victus; Storage Type: SSD; GPU: RTX 3050; Screen: 16.1; Touch: No","","Intel Core i7","16","512.0"
"2763","HP Victus 16-E0068NS AMD Ryzen 5-5600H/8GB/512GB SSD/GTX 1650/16.1""","laptop","HP","87979.67","Type: New. Model: Victus; Storage Type: SSD; GPU: GTX 1650; Screen: 16.1; Touch: No","","AMD Ryzen 5","8","512.0"
"2764","HP Victus 16-E0071NS AMD Ryzen 7 5800H/8GB/512GB SSD/RX 5500M/16.1""","laptop","HP","98440.6","Type: New. Model: Victus; Storage Type: SSD; GPU: Radeon Pro 5500M; Screen: 16.1; Touch: No","","AMD Ryzen 7","8","512.0"
"2765","HP Victus 16-E0094NS AMD Ryzen 5 5600H/16GB/512GB SSD/RTX 3050Ti/16.1""","laptop","HP","93705.51","Type: New. Model: Victus; Storage Type: SSD; GPU: RTX 3050; Screen: 16.1; Touch: No","","AMD Ryzen 5","16","512.0"
"2766","HP Victus 16-E0098NS AMD Ryzen 7 5800H/16GB/512GB SSD/RTX 3050/16.1""","laptop","HP","108124.08","Type: New. Model: Victus; Storage Type: SSD; GPU: RTX 3050; Screen: 16.1; Touch: No","","AMD Ryzen 7","16","512.0"
"2767","HP Victus 16-E0100NS AMD Ryzen 5 5600H/8GB/512GB SSD/GTX 1650/16.1""","laptop","HP","85828.14","Type: New. Model: Victus; Storage Type: SSD; GPU: GTX 1650; Screen: 16.1; Touch: No","","AMD Ryzen 5","8","512.0"
"2768","HP ZBook Firefly 14 G8 Intel Core i5-1135G7/16GB/512 GB SSD/14""","laptop","HP","262774.99","Type: New. Model: Zbook; Storage Type: SSD; GPU: Unknown; Screen: 14.0; Touch: No","","Intel Core i5","16","512.0"
"2769","HP ZBook Firefly 14 G8 Intel Core i5-1135G7/16GB/512GB SSD/14""","laptop","HP","149967.8","Type: New. Model: Zbook; Storage Type: SSD; GPU: Unknown; Screen: 14.0; Touch: No","","Intel Core i5","16","512.0"
"2770","HP ZBook Firefly 14 G9 Intel Core i7-1260P/16 GB/512GB SSD/14""","laptop","HP","192521.84","Type: New. Model: Zbook; Storage Type: SSD; GPU: Unknown; Screen: 14.0; Touch: No","","Intel Core i7","16","512.0"
"2771","HP ZBook Firefly 14 G9 Intel Core i7-1260P/16GB/512GB SSD/14""","laptop","HP","216244.91","Type: New. Model: Zbook; Storage Type: SSD; GPU: Unknown; Screen: 14.0; Touch: No","","Intel Core i7","16","512.0"
"2772","HP ZBook Firefly 14 G9 Intel Core i7-1265U/16GB/512GB SSD/Quadro T500/14""","laptop","HP","194907.25","Type: New. Model: Zbook; Storage Type: SSD; GPU: T 500; Screen: 14.0; Touch: No","","Intel Core i7","16","512.0"
"2773","HP ZBook Firefly 16 G9 Intel Core i7-1265U/16GB/512GB SSD/Quadro T500/16""","laptop","HP","194907.25","Type: New. Model: Zbook; Storage Type: SSD; GPU: T 500; Screen: 16.0; Touch: No","","Intel Core i7","16","512.0"
"2774","HP ZBook Firefly G8 Intel Core i5-1135G7/16GB/512GB SSD/14"" TÃ¡ctil","laptop","HP","262744.67","Type: New. Model: Zbook; Storage Type: SSD; GPU: Unknown; Screen: 14.0; Touch: Yes","","Intel Core i5","16","512.0"
"2775","HP ZBook Firefly G8 Intel Core i7-1165G7/16GB/512GB SSD/14""","laptop","HP","268979.43","Type: New. Model: Zbook; Storage Type: SSD; GPU: Unknown; Screen: 14.0; Touch: No","","Intel Core i7","16","512.0"
"2776","HP ZBook Fury 16 G9 Intel Core i7-12800HX/16GB/512GB SSD/RTX A2000/16""","laptop","HP","400313.33","Type: Refurbished. Model: Zbook; Storage Type: SSD; GPU: RTX A2000; Screen: 16.0; Touch: No","","Intel Core i7","16","512.0"
"2777","HP ZBook Fury 16 G9 Intel Core i7-12800HX/32GB/1TB SSD/RTX A3000/16""","laptop","HP","524338.32","Type: New. Model: Zbook; Storage Type: SSD; GPU: RTX A3000; Screen: 16.0; Touch: No","","Intel Core i7","32","1000.0"
"2778","HP ZBook Power G9 Intel Core i7-12800H/16GB/512GB SSD/NVIDIA T600/15.6""","laptop","HP","217513.95","Type: New. Model: Zbook; Storage Type: SSD; GPU: T 600; Screen: 15.6; Touch: No","","Intel Core i7","16","512.0"
"2779","HP ZBook Studio G8 Intel Core i7-11850H/16GB/512GB SSD/RTX A3000/15.6""","laptop","HP","581330.42","Type: New. Model: Zbook; Storage Type: SSD; GPU: RTX A3000; Screen: 15.6; Touch: No","","Intel Core i7","16","512.0"
"2780","HP ZBook Studio G9 Intel Core i7-12700H/32GB/512GB SSD/RTX 3060/16""","laptop","HP","393891.24","Type: New. Model: Zbook; Storage Type: SSD; GPU: RTX 3060; Screen: 16.0; Touch: No","","Intel Core i7","32","512.0"
"2781","HP ZBook Studio G9 Intel Core i7-12800H/32GB/1TB SSD/RTX A2000/16""","laptop","HP","409026.62","Type: New. Model: Zbook; Storage Type: SSD; GPU: RTX A2000; Screen: 16.0; Touch: No","","Intel Core i7","32","1000.0"
"2782","InnJoo Voom Excellence Intel Celeron N4020/8GB/256GB SSD/15.6""","laptop","Innjoo","33715.14","Type: New. Model: Voom; Storage Type: SSD; GPU: Unknown; Screen: 15.6; Touch: No","","Intel Celeron","8","256.0"
"2783","InnJoo Voom Excellence Pro Intel Celeron N4020/8GB/512GB SSD/15.6""","laptop","Innjoo","42505.31","Type: New. Model: Voom; Storage Type: SSD; GPU: Unknown; Screen: 15.6; Touch: No","","Intel Celeron","8","512.0"
"2784","Innjoo Voom Intel Celeron N3350/4GB/64GB eMMC/14.1""","laptop","Innjoo","27221.59","Type: New. Model: Voom; Storage Type: eMMC; GPU: Unknown; Screen: 14.1; Touch: No","","Intel Celeron","4","64.0"
"2785","Innjoo Voom Laptop Max Intel Celeron N3350/6GB/64GB eMMC/14.1""","laptop","Innjoo","41537.29","Type: New. Model: Voom; Storage Type: eMMC; GPU: Unknown; Screen: 14.1; Touch: No","","Intel Celeron","6","64.0"
"2786","Innjoo Voom Laptop Pro Intel Celeron N3350/6GB/128GB SSD/14.1""","laptop","Innjoo","34326.93","Type: New. Model: Voom; Storage Type: SSD; GPU: Unknown; Screen: 14.1; Touch: No","","Intel Celeron","6","128.0"
"2787","Innjoo Voom Pro Intel Celeron N3350/6GB/128GB eMMC/14.1""","laptop","Innjoo","46709.83","Type: New. Model: Voom; Storage Type: eMMC; GPU: Unknown; Screen: 14.1; Touch: No","","Intel Celeron","6","128.0"
"2788","Jetwing N1510P3 Intel Core i3-1005G1/8GB/256GB SSD/15.6""","laptop","Jetwing","50812.56","Type: New. Model: N1510; Storage Type: SSD; GPU: Unknown; Screen: 15.6; Touch: No","","Intel Core i3","8","256.0"
"2789","LG Gram 16Z90Q-G.AP75B Intel Core i7-1260P/16GB/512GB SSD/16""","laptop","LG","186300.07","Type: New. Model: Gram; Storage Type: SSD; GPU: Unknown; Screen: 16.0; Touch: No","","Intel Core i7","16","512.0"
"2790","LG Gram 17Z90Q Intel Core i7-1260P/16GB/512GB SSD/17""","laptop","LG","178278.69","Type: New. Model: Gram; Storage Type: SSD; GPU: Unknown; Screen: 17.0; Touch: No","","Intel Core i7","16","512.0"
"2791","Lenovo 100e Chromebook Gen 3 AMD 3015Ce/4GB/32GB eMMC/11.6""","laptop","Lenovo","35407.56","Type: New. Model: Chromebook; Storage Type: eMMC; GPU: Unknown; Screen: 11.6; Touch: No","","AMD 3015Ce","4","32.0"
"2792","Lenovo 100e Intel Celeron N4020/4GB/128GB SSD/11.6""","laptop","Lenovo","33657.76","Type: New. Model: 100e; Storage Type: SSD; GPU: Unknown; Screen: 11.6; Touch: No","","Intel Celeron","4","128.0"
"2793","Lenovo 14w Gen 2 AMD 3015e/4GB/128GB SSD/14""","laptop","Lenovo","49917.08","Type: New. Model: 14w; Storage Type: SSD; GPU: Unknown; Screen: 14.0; Touch: No","","AMD 3015e","4","128.0"
"2794","Lenovo IdeaPad 1 14ADA7 AMD 3020e/4GB/128GB eMMC/14""","laptop","Lenovo","47101.8","Type: New. Model: IdeaPad; Storage Type: eMMC; GPU: Unknown; Screen: 14.0; Touch: No","","AMD 3020e","4","128.0"
"2795","Lenovo IdeaPad 1 14ADA7 AMD 3020e/4GB/256GB SSD/14""","laptop","Lenovo","45694.16","Type: New. Model: IdeaPad; Storage Type: SSD; GPU: Unknown; Screen: 14.0; Touch: No","","AMD 3020e","4","256.0"
"2796","Lenovo IdeaPad 1 15ADA7 AMD Ryzen 5 3500U/8 GB/512GB SSD/15.6""","laptop","Lenovo","59987.12","Type: New. Model: IdeaPad; Storage Type: SSD; GPU: Unknown; Screen: 15.6; Touch: No","","AMD Ryzen 5","8","512.0"
"2797","Lenovo IdeaPad 1 15ALC7 AMD Ryzen 7 5700U/8GB/512GB SSD/15.6""","laptop","Lenovo","93878.76","Type: New. Model: IdeaPad; Storage Type: SSD; GPU: Unknown; Screen: 15.6; Touch: No","","AMD Ryzen 7","8","512.0"
"2798","Lenovo IdeaPad 3 15ALC6 AMD Ryzen 5 5500U/8GB/512GB SSD/15.6"" Azul","laptop","Lenovo","57533.5","Type: New. Model: IdeaPad; Storage Type: SSD; GPU: Unknown; Screen: 15.6; Touch: No","","AMD Ryzen 5","8","512.0"
"2799","Lenovo IdeaPad 3 15ALC6 AMD Ryzen 7 5700U/8GB/512GB SSD/15.6""","laptop","Lenovo","81413.57","Type: New. Model: IdeaPad; Storage Type: SSD; GPU: Unknown; Screen: 15.6; Touch: No","","AMD Ryzen 7","8","512.0"
"2800","Lenovo IdeaPad 3 15ITL6 Intel Core i3-1115G4/8GB/256GB SSD/15.6""","laptop","Lenovo","57280.12","Type: Refurbished. Model: IdeaPad; Storage Type: SSD; GPU: Unknown; Screen: 15.6; Touch: No","","Intel Core i3","8","256.0"
"2801","Lenovo IdeaPad 3 15ITL6 Intel Core i3-1115G4/8GB/512GB SSD/15.6""","laptop","Lenovo","59327.69","Type: New. Model: IdeaPad; Storage Type: SSD; GPU: Unknown; Screen: 15.6; Touch: No","","Intel Core i3","8","512.0"
"2802","Lenovo IdeaPad 3 17ABA7 AMD Ryzen 5 5625U/8GB/512GB SSD/17.3""","laptop","Lenovo","96910.6","Type: New. Model: IdeaPad; Storage Type: SSD; GPU: Unknown; Screen: 17.3; Touch: No","","AMD Ryzen 5","8","512.0"
"2803","Lenovo IdeaPad 3 Chromebook 15IJL6 Intel Celeron N4500/8GB/128GB EMMC/15.6""","laptop","Lenovo","62716.86","Type: New. Model: IdeaPad; Storage Type: eMMC; GPU: Unknown; Screen: 15.6; Touch: No","","Intel Celeron","8","128.0"
"2804","Lenovo IdeaPad 5 14ITL05 Intel Core i5-1135G7/8 GB/512GB SSD/14""","laptop","Lenovo","109963.75","Type: New. Model: IdeaPad; Storage Type: SSD; GPU: Unknown; Screen: 14.0; Touch: No","","Intel Core i5","8","512.0"
"2805","Lenovo IdeaPad 5 Pro 14ITL6 Intel Core i5-1135G7/8GB/512GB SSD/14""","laptop","Lenovo","138046.17","Type: New. Model: IdeaPad; Storage Type: SSD; GPU: Unknown; Screen: 14.0; Touch: No","","Intel Core i5","8","512.0"
"2806","Lenovo IdeaPad Gaming 3 15ACH06 AMD Ryzen 5 5600H/8GB/512GB SSD/RTX 3050/15.6'' (PT)","laptop","Lenovo","107869.62","Type: New. Model: IdeaPad; Storage Type: SSD; GPU: RTX 3050; Screen: 15.6; Touch: No","","AMD Ryzen 5","8","512.0"
"2807","Lenovo IdeaPad Gaming 3 15ACH6 AMD Ryzen 5 5600H/16GB/512GB SSD/RTX 3060","laptop","Lenovo","162961.4","Type: New. Model: IdeaPad; Storage Type: SSD; GPU: RTX 3060; Screen: Unknown; Touch: No","","AMD Ryzen 5","16","512.0"
"2808","Lenovo IdeaPad Gaming 3 15ACH6 AMD Ryzen 7 5800H/16GB/512GB SSD/RTX 3050/15.6""","laptop","Lenovo","102757.72","Type: New. Model: IdeaPad; Storage Type: SSD; GPU: RTX 3050; Screen: 15.6; Touch: No","","AMD Ryzen 7","16","512.0"
"2809","Lenovo IdeaPad Gaming 3 15IAH7 Intel Core i5-12450H/16GB/512GB SSD/RTX 3050/15.6""","laptop","Lenovo","130584.6","Type: New. Model: IdeaPad; Storage Type: SSD; GPU: RTX 3050; Screen: 15.6; Touch: No","","Intel Core i5","16","512.0"
"2810","Lenovo IdeaPad Gaming 3 15IAH7 Intel Core i7-12650H/16GB/512GB SSD/RTX 3050/15.6""","laptop","Lenovo","118998.64","Type: New. Model: IdeaPad; Storage Type: SSD; GPU: RTX 3050; Screen: 15.6; Touch: No","","Intel Core i7","16","512.0"
"2811","Lenovo Legion 5 15IAH7H Intel Core i7-12700H/16GB/1TB SSD/RTX 3070/15.6""","laptop","Lenovo","252075.84","Type: New. Model: Legion; Storage Type: SSD; GPU: RTX 3070; Screen: 15.6; Touch: No","","Intel Core i7","16","1000.0"
"2812","Lenovo Legion 5 15IAH7H Intel Core i7-12700H/16GB/512GB SSD/RTX 3070/15.6""","laptop","Lenovo","258680.92","Type: New. Model: Legion; Storage Type: SSD; GPU: RTX 3070; Screen: 15.6; Touch: No","","Intel Core i7","16","512.0"
"2813","Lenovo Legion 5 Pro 16IAH7H Intel Core i7-12700H/16GB/1TB SSD/RTX 3060/16""","laptop","Lenovo","210496.32","Type: New. Model: Legion; Storage Type: SSD; GPU: RTX 3060; Screen: 16.0; Touch: No","","Intel Core i7","16","1000.0"
"2814","Lenovo Legion 5 Pro 16IAH7H Intel Core i7-12700H/32 GB/1TB SSD/RTX 3070/16""","laptop","Lenovo","261712.76","Type: New. Model: Legion; Storage Type: SSD; GPU: RTX 3070; Screen: 16.0; Touch: No","","Intel Core i7","32","1000.0"
"2815","Lenovo Legion PRO 7 16IRX8H-566 Intel Core i9-13900HX/32GB/1TB SSD/RTX 4080/16'' (PT)","laptop","Lenovo","543364.2","Type: New. Model: Legion; Storage Type: SSD; GPU: RTX 4080; Screen: 16.0; Touch: No","","Intel Core i9","32","1000.0"
"2816","Lenovo ThinkBook 13x Intel Evo Core i5-1130G7/16GB/512GB SSD/13.3""","laptop","Lenovo","125910.15","Type: New. Model: ThinkBook; Storage Type: SSD; GPU: Unknown; Screen: 13.3; Touch: No","","Intel Evo Core i5","16","512.0"
"2817","Lenovo ThinkBook 14 G3 ACL AMD Ryzen 5 5500U/8GB/256GB SSD/14""","laptop","Lenovo","94750.41","Type: New. Model: ThinkBook; Storage Type: SSD; GPU: Unknown; Screen: 14.0; Touch: No","","AMD Ryzen 5","8","256.0"
"2818","Lenovo ThinkBook 14 G3 ACL AMD Ryzen 7 5700U/16GB/512GB SSD/14""","laptop","Lenovo","116932.65","Type: New. Model: ThinkBook; Storage Type: SSD; GPU: Unknown; Screen: 14.0; Touch: No","","AMD Ryzen 7","16","512.0"
"2819","Lenovo ThinkBook 14 G4 ABA AMD Ryzen 7 5825U/16GB/512GB SSD/14""","laptop","Lenovo","125222.57","Type: New. Model: ThinkBook; Storage Type: SSD; GPU: Unknown; Screen: 14.0; Touch: No","","AMD Ryzen 7","16","512.0"
"2820","Lenovo ThinkBook 14 G4 IAP Intel Core i5-1235U/16GB/512GB SSD/14""","laptop","Lenovo","107036.95","Type: New. Model: ThinkBook; Storage Type: SSD; GPU: Unknown; Screen: 14.0; Touch: No","","Intel Core i5","16","512.0"
"2821","Lenovo ThinkBook 14 G4 IAP Intel Core i7-1255U/16GB/512GB SSD/14""","laptop","Lenovo","146935.96","Type: New. Model: ThinkBook; Storage Type: SSD; GPU: Unknown; Screen: 14.0; Touch: No","","Intel Core i7","16","512.0"
"2822","Lenovo ThinkBook 14 Gen 4+ Intel Core i5-1235U/8GB/256GB SSD/14""","laptop","Lenovo","96750.35","Type: New. Model: ThinkBook; Storage Type: SSD; GPU: Unknown; Screen: 14.0; Touch: No","","Intel Core i5","8","256.0"
"2823","Lenovo ThinkBook 14s Yoga Intel Core i5-1135G7/8GB/256GB SSD/14"" TÃ¡ctil","laptop","Lenovo","86081.52","Type: Refurbished. Model: ThinkBook; Storage Type: SSD; GPU: Unknown; Screen: 14.0; Touch: Yes","","Intel Core i5","8","256.0"
"2824","Lenovo ThinkBook 15 AMD Ryzen 5 4500U/8GB/256GB SSD/15.6""","laptop","Lenovo","85207.7","Type: Refurbished. Model: ThinkBook; Storage Type: SSD; GPU: Unknown; Screen: 15.6; Touch: No","","AMD Ryzen 5","8","256.0"
"2825","Lenovo ThinkBook 15 G2 ITL Intel Core i3-1115G4/8GB/256GB SSD/15.6""","laptop","Lenovo","94701.69","Type: Refurbished. Model: ThinkBook; Storage Type: SSD; GPU: Unknown; Screen: 15.6; Touch: No","","Intel Core i3","8","256.0"
"2826","Lenovo ThinkBook 15 G2 ITL Intel Core i5-1135G7/8GB/256GB SSD/15.6""","laptop","Lenovo","108309.24","Type: New. Model: ThinkBook; Storage Type: SSD; GPU: Unknown; Screen: 15.6; Touch: No","","Intel Core i5","8","256.0"
"2827","Lenovo ThinkBook 15 G2 ITL Intel Core i7-1165G7/16GB/512GB SSD/15.6""","laptop","Lenovo","112245.21","Type: Refurbished. Model: ThinkBook; Storage Type: SSD; GPU: Unknown; Screen: 15.6; Touch: No","","Intel Core i7","16","512.0"
"2828","Lenovo ThinkBook 15 G3 ACL AMD Ryzen 3 5300U/8GB/256GB SSD/15.6""","laptop","Lenovo","80668.6","Type: New. Model: ThinkBook; Storage Type: SSD; GPU: Unknown; Screen: 15.6; Touch: No","","AMD Ryzen 3","8","256.0"
"2829","Lenovo ThinkBook 15 G4 ABA AMD Ryzen 5 5625U/8GB/256GB SSD/15.6""","laptop","Lenovo","91677.43","Type: New. Model: ThinkBook; Storage Type: SSD; GPU: Unknown; Screen: 15.6; Touch: No","","AMD Ryzen 5","8","256.0"
"2830","Lenovo ThinkBook 15 G4 ABA AMD Ryzen 7 5825U/16GB/512GB SSD/15.6""","laptop","Lenovo","124474.36","Type: New. Model: ThinkBook; Storage Type: SSD; GPU: Unknown; Screen: 15.6; Touch: No","","AMD Ryzen 7","16","512.0"
"2831","Lenovo ThinkBook 15 Gen 4 IAP Intel Core i5-1235U/8GB/256GB SSD/15.6""","laptop","Lenovo","97080.6","Type: New. Model: ThinkBook; Storage Type: SSD; GPU: Unknown; Screen: 15.6; Touch: No","","Intel Core i5","8","256.0"
"2832","Lenovo ThinkBook 15p Intel Core i5-10300H/16GB/512GB SSD/GTX 1650/15.6""","laptop","Lenovo","146183.41","Type: Refurbished. Model: ThinkBook; Storage Type: SSD; GPU: GTX 1650; Screen: 15.6; Touch: No","","Intel Core i5","16","512.0"
"2833","Lenovo ThinkBook 16p AMD Ryzen 7 5800H/16GB/512GB SSD/RTX 3060/16""","laptop","Lenovo","301800.18","Type: New. Model: ThinkBook; Storage Type: SSD; GPU: RTX 3060; Screen: 16.0; Touch: No","","AMD Ryzen 7","16","512.0"
"2834","Lenovo ThinkBook 16p AMD Ryzen 9 5900HX/32GB/1TB SSD/RTX 3060/16""","laptop","Lenovo","262471.8","Type: New. Model: ThinkBook; Storage Type: SSD; GPU: RTX 3060; Screen: 16.0; Touch: No","","AMD Ryzen 9","32","1000.0"
"2835","Lenovo ThinkBook 16p G2 ACH AMD Ryzen 7 5800H/16GB/512GB SSD/RTX 3060/16""","laptop","Lenovo","189380.64","Type: New. Model: ThinkBook; Storage Type: SSD; GPU: RTX 3060; Screen: 16.0; Touch: No","","AMD Ryzen 7","16","512.0"
"2836","Lenovo ThinkBook Plus G3 IAP Intel Core i7-12700H/32GB/1TB SSD/17.3"" TÃ¡ctil","laptop","Lenovo","309464.24","Type: New. Model: ThinkBook; Storage Type: SSD; GPU: Unknown; Screen: 17.3; Touch: Yes","","Intel Core i7","32","1000.0"
"2837","Lenovo ThinkPad E14 Gen 2 Intel Core i5-1135G7/16GB/512GB SSD/14""","laptop","Lenovo","135728.98","Type: New. Model: ThinkPad; Storage Type: SSD; GPU: Unknown; Screen: 14.0; Touch: No","","Intel Core i5","16","512.0"
"2838","Lenovo ThinkPad E15 Gen 4 AMD Ryzen 5 5625U/16GB/512GB SSD/15.6""","laptop","Lenovo","114885.08","Type: New. Model: ThinkPad; Storage Type: SSD; GPU: Unknown; Screen: 15.6; Touch: No","","AMD Ryzen 5","16","512.0"
"2839","Lenovo ThinkPad E15 Gen 4 AMD Ryzen 5 5625U/8GB/256GB SSD/15.6""","laptop","Lenovo","108560.45","Type: New. Model: ThinkPad; Storage Type: SSD; GPU: Unknown; Screen: 15.6; Touch: No","","AMD Ryzen 5","8","256.0"
"2840","Lenovo ThinkPad E15 Gen 4 Intel Core i5-1235U/8GB/256GB SSD/15.6""","laptop","Lenovo","122897.8","Type: New. Model: ThinkPad; Storage Type: SSD; GPU: Unknown; Screen: 15.6; Touch: No","","Intel Core i5","8","256.0"
"2841","Lenovo ThinkPad L13 Gen 3 Intel Core i5-1235U/16 GB/512GB SSD/13.3""","laptop","Lenovo","154134.41","Type: New. Model: ThinkPad; Storage Type: SSD; GPU: Unknown; Screen: 13.3; Touch: No","","Intel Core i5","16","512.0"
"2842","Lenovo ThinkPad L13 Gen 3 Intel Core i5-1235U/8GB/256GB SSD/13.3""","laptop","Lenovo","127553.84","Type: New. Model: ThinkPad; Storage Type: SSD; GPU: Unknown; Screen: 13.3; Touch: No","","Intel Core i5","8","256.0"
"2843","Lenovo ThinkPad L13 Yoga Gen 2 Intel Core i5-1135G7/8GB/256GB SSD/13.3"" TÃ¡ctil","laptop","Lenovo","101747.47","Type: New. Model: ThinkPad; Storage Type: SSD; GPU: Unknown; Screen: 13.3; Touch: Yes","","Intel Core i5","8","256.0"
"2844","Lenovo ThinkPad L13 Yoga Gen 3 Intel Core i5-1235U/8GB/256GB SSD/13.3"" TÃ¡ctil","laptop","Lenovo","143904.12","Type: New. Model: ThinkPad; Storage Type: SSD; GPU: Unknown; Screen: 13.3; Touch: Yes","","Intel Core i5","8","256.0"
"2845","Lenovo ThinkPad L14 Gen 2 Intel Core i5-1135G7/8GB/512GB SSD/14""","laptop","Lenovo","99509.32","Type: New. Model: ThinkPad; Storage Type: SSD; GPU: Unknown; Screen: 14.0; Touch: No","","Intel Core i5","8","512.0"
"2846","Lenovo ThinkPad L14 Gen 3 Intel Core i5-1235U/8GB/256GB SSD/14""","laptop","Lenovo","125713.08","Type: New. Model: ThinkPad; Storage Type: SSD; GPU: Unknown; Screen: 14.0; Touch: No","","Intel Core i5","8","256.0"
"2847","Lenovo ThinkPad L14 Gen 3 Intel Core i7-1255U/16 GB/512GB SSD/14""","laptop","Lenovo","168425.21","Type: New. Model: ThinkPad; Storage Type: SSD; GPU: Unknown; Screen: 14.0; Touch: No","","Intel Core i7","16","512.0"
"2848","Lenovo ThinkPad L15 Gen 3 Intel Core i7-1255U/16GB/512GB SSD/15.6""","laptop","Lenovo","146630.61","Type: New. Model: ThinkPad; Storage Type: SSD; GPU: Unknown; Screen: 15.6; Touch: No","","Intel Core i7","16","512.0"
"2849","Lenovo ThinkPad P1 Gen 5 Intel Core i7-12700H/16GB/1TB SSD/RTX A2000/16""","laptop","Lenovo","448135.19","Type: New. Model: ThinkPad; Storage Type: SSD; GPU: RTX A2000; Screen: 16.0; Touch: No","","Intel Core i7","16","1000.0"
"2850","Lenovo ThinkPad P14s Gen 3 Intel Core i7-1260P/16GB/512GB SSD/Quadro T550/14""","laptop","Lenovo","235509.0","Type: New. Model: ThinkPad; Storage Type: SSD; GPU: T 550; Screen: 14.0; Touch: No","","Intel Core i7","16","512.0"
"2851","Lenovo ThinkPad P15 Gen 2 Intel Core i7-11800H/16GB/512GB SSD/RTX A2000/15.6""","laptop","Lenovo","221757.44","Type: New. Model: ThinkPad; Storage Type: SSD; GPU: RTX A2000; Screen: 15.6; Touch: No","","Intel Core i7","16","512.0"
"2852","Lenovo ThinkPad P15 Gen 2 Intel Core i7-11850H/16GB/512GB SSD/RTX A2000","laptop","Lenovo","278171.32","Type: New. Model: ThinkPad; Storage Type: SSD; GPU: RTX A2000; Screen: Unknown; Touch: No","","Intel Core i7","16","512.0"
"2853","Lenovo ThinkPad P16 Gen 1 Intel Core i7-12800HX/16GB/512GB SSD/RTX A1000/16""","laptop","Lenovo","360347.18","Type: New. Model: ThinkPad; Storage Type: SSD; GPU: RTX A1000; Screen: 16.0; Touch: No","","Intel Core i7","16","512.0"
"2854","Lenovo ThinkPad P16s Gen 1 Intel Core i7-1260P/16GB/512GB SSD/Quadro T550/16""","laptop","Lenovo","230857.29","Type: New. Model: ThinkPad; Storage Type: SSD; GPU: T 550; Screen: 16.0; Touch: No","","Intel Core i7","16","512.0"
"2855","Lenovo ThinkPad P17 Gen 2 Intel Core i7-11800H/16GB/512GB SSD/RTX A2000/17.3""","laptop","Lenovo","279143.67","Type: New. Model: ThinkPad; Storage Type: SSD; GPU: RTX A2000; Screen: 17.3; Touch: No","","Intel Core i7","16","512.0"
"2856","Lenovo ThinkPad T14 Gen 3 Intel Core i5-1235U/8GB/256GB SSD/14""","laptop","Lenovo","192954.96","Type: New. Model: ThinkPad; Storage Type: SSD; GPU: Unknown; Screen: 14.0; Touch: No","","Intel Core i5","8","256.0"
"2857","Lenovo ThinkPad T14 Gen 3 Intel Core i7-1260P/32GB/1TB SSD/MX550/14""","laptop","Lenovo","289323.08","Type: New. Model: ThinkPad; Storage Type: SSD; GPU: MX 550; Screen: 14.0; Touch: No","","Intel Core i7","32","1000.0"
"2858","Lenovo ThinkPad T14s G3 Intel Core i5-1240P/16GB/512GB SSD/14""","laptop","Lenovo","223923.04","Type: New. Model: ThinkPad; Storage Type: SSD; GPU: Unknown; Screen: 14.0; Touch: No","","Intel Core i5","16","512.0"
"2859","Lenovo ThinkPad T14s Gen 2 Intel Core i5-1135G7/8GB/256GB SSD/14""","laptop","Lenovo","132473.0","Type: New. Model: ThinkPad; Storage Type: SSD; GPU: Unknown; Screen: 14.0; Touch: No","","Intel Core i5","8","256.0"
"2860","Lenovo ThinkPad T14s Gen 2 Intel Evo Core i5-1135G7/8 GB/256GB SSD/14""","laptop","Lenovo","163777.83","Type: New. Model: ThinkPad; Storage Type: SSD; GPU: Unknown; Screen: 14.0; Touch: No","","Intel Evo Core i5","8","256.0"
"2861","Lenovo ThinkPad T15 Gen 2 Intel Core i7-1165G7/16GB/512GB SSD/15.6""","laptop","Lenovo","163176.88","Type: New. Model: ThinkPad; Storage Type: SSD; GPU: Unknown; Screen: 15.6; Touch: No","","Intel Core i7","16","512.0"
"2862","Lenovo ThinkPad T15 Gen 2 Intel Core i7-1185G7/16GB/2TB SSD/MX 450/15.6""","laptop","Lenovo","194362.6","Type: New. Model: ThinkPad; Storage Type: SSD; GPU: MX 450; Screen: 15.6; Touch: No","","Intel Core i7","16","2000.0"
"2863","Lenovo ThinkPad T15 Intel Core i5-10210U/8GB/256GB SSD/15.6""","laptop","Lenovo","91929.72","Type: New. Model: ThinkPad; Storage Type: SSD; GPU: Unknown; Screen: 15.6; Touch: No","","Intel Core i5","8","256.0"
"2864","Lenovo ThinkPad T16 Gen 1 Intel Core i5-1235U/16GB/512GB SSD/16""","laptop","Lenovo","208439.0","Type: New. Model: ThinkPad; Storage Type: SSD; GPU: Unknown; Screen: 16.0; Touch: No","","Intel Core i5","16","512.0"
"2865","Lenovo ThinkPad X1 Carbon Gen 9 Intel Evo Core i5-1135G7/8 GB/256GB SSD/14""","laptop","Lenovo","144547.3","Type: New. Model: ThinkPad; Storage Type: SSD; GPU: Unknown; Screen: 14.0; Touch: No","","Intel Evo Core i5","8","256.0"
"2866","Lenovo ThinkPad X1 Nano Gen 2 Intel Evo Core i7-1260P/16GB/1TB SSD/13"" TÃ¡ctil","laptop","Lenovo","336493.09","Type: New. Model: ThinkPad; Storage Type: SSD; GPU: Unknown; Screen: 13.0; Touch: Yes","","Intel Evo Core i7","16","1000.0"
"2867","Lenovo ThinkPad X1 Nano Intel Core i7-1160G7/16GB/1TB SSD/13""","laptop","Lenovo","212182.24","Type: New. Model: ThinkPad; Storage Type: SSD; GPU: Unknown; Screen: 13.0; Touch: No","","Intel Core i7","16","1000.0"
"2868","Lenovo ThinkPad X13 Intel Core i5-10210U/8GB/512GB SSD/13.3""","laptop","Lenovo","147110.29","Type: New. Model: ThinkPad; Storage Type: SSD; GPU: Unknown; Screen: 13.3; Touch: No","","Intel Core i5","8","512.0"
"2869","Lenovo ThinkPad X13s G1 Qualcomm Snapdragon 8cx Gen 3/16GB/256GB SSD/13.3""","laptop","Lenovo","216235.16","Type: New. Model: ThinkPad; Storage Type: SSD; GPU: Unknown; Screen: 13.3; Touch: No","","Qualcomm Snapdragon 8","16","256.0"
"2870","Lenovo ThinkPad Z13 AMD Ryzen 7 Pro 6850H/16GB/512GB SSD/13.3""","laptop","Lenovo","223923.04","Type: New. Model: ThinkPad; Storage Type: SSD; GPU: Unknown; Screen: 13.3; Touch: No","","AMD Ryzen 7","16","512.0"
"2871","Lenovo ThinkPad Z16 G1 AMD Ryzen 7 Pro 6850H/16GB/512GB SSD/16""","laptop","Lenovo","246986.68","Type: New. Model: ThinkPad; Storage Type: SSD; GPU: Unknown; Screen: 16.0; Touch: No","","AMD Ryzen 7","16","512.0"
"2872","Lenovo Thinkpad P15 G2 Intel Core i7-11800H/16GB/512GB SSD/15.6""","laptop","Lenovo","216495.03","Type: New. Model: ThinkPad; Storage Type: SSD; GPU: Unknown; Screen: 15.6; Touch: No","","Intel Core i7","16","512.0"
"2873","Lenovo Thinkpad X1 Carbon Intel Evo Core i7-1165G7/32GB/1TB SSD/14""","laptop","Lenovo","402918.54","Type: New. Model: ThinkPad; Storage Type: SSD; GPU: Unknown; Screen: 14.0; Touch: No","","Intel Evo Core i7","32","1000.0"
"2874","Lenovo V14 G2 ALC AMD Ryzen 3 5300U/8GB/256GB SSD/14""","laptop","Lenovo","81962.55","Type: New. Model: V14; Storage Type: SSD; GPU: Unknown; Screen: 14.0; Touch: No","","AMD Ryzen 3","8","256.0"
"2875","Lenovo V14 IIL Intel Core i5-1035G1/8GB/256GB/14""","laptop","Lenovo","42882.13","Type: Refurbished. Model: V14; Storage Type: Unknown; GPU: Unknown; Screen: 14.0; Touch: No","","Intel Core i5","8","256.0"
"2876","Lenovo V14 IML Intel Core i3-10110U/8GB/512GB SSD/14""","laptop","Lenovo","55641.84","Type: New. Model: V14; Storage Type: SSD; GPU: Unknown; Screen: 14.0; Touch: No","","Intel Core i3","8","512.0"
"2877","Lenovo V15 G2 ALC AMD Ryzen 7 5700U/8 GB/512GB SSD/15.6""","laptop","Lenovo","61137.05","Type: New. Model: V15; Storage Type: SSD; GPU: Unknown; Screen: 15.6; Touch: No","","AMD Ryzen 7","8","512.0"
"2878","Lenovo V15 G2 ITL Intel Core i3-1115G4/8GB/256GB/15.6""","laptop","Lenovo","71573.08","Type: New. Model: V15; Storage Type: Unknown; GPU: Unknown; Screen: 15.6; Touch: No","","Intel Core i3","8","256.0"
"2879","Lenovo V15 G2 ITL Intel Core i7-1165G7/8 GB/512GB SSD/15.6""","laptop","Lenovo","71656.46","Type: New. Model: V15; Storage Type: SSD; GPU: Unknown; Screen: 15.6; Touch: No","","Intel Core i7","8","512.0"
"2880","Lenovo V15 G2 Intel Core i5-1135G7/8GB/512GB SSD/15.6""","laptop","Lenovo","54855.73","Type: New. Model: V15; Storage Type: SSD; GPU: Unknown; Screen: 15.6; Touch: No","","Intel Core i5","8","512.0"
"2881","Lenovo V15 G3 ABA AMD Ryzen 5 5625U/8GB/256GB SSD/15.6""","laptop","Lenovo","77745.04","Type: New. Model: V15; Storage Type: SSD; GPU: Unknown; Screen: 15.6; Touch: No","","AMD Ryzen 5","8","256.0"
"2882","Lenovo V15 G3 ABA AMD Ryzen 5 5625U/8GB/512GB SSD/15.6""","laptop","Lenovo","59297.38","Type: New. Model: V15; Storage Type: SSD; GPU: Unknown; Screen: 15.6; Touch: No","","AMD Ryzen 5","8","512.0"
"2883","Lenovo V15 G3 IAP Intel Core i5-1235U/16GB/512GB SSD/15.6""","laptop","Lenovo","106006.12","Type: New. Model: V15; Storage Type: SSD; GPU: Unknown; Screen: 15.6; Touch: No","","Intel Core i5","16","512.0"
"2884","Lenovo V15 G3 IAP Intel Core i5-1235U/8GB/256GB SSD/15.6""","laptop","Lenovo","91278.96","Type: New. Model: V15; Storage Type: SSD; GPU: Unknown; Screen: 15.6; Touch: No","","Intel Core i5","8","256.0"
"2885","Lenovo V15 IGL Intel Celeron N4020/8 GB/256 GB SSD/15.6""","laptop","Lenovo","36791.38","Type: New. Model: V15; Storage Type: SSD; GPU: Unknown; Screen: 15.6; Touch: No","","Intel Celeron","8","256.0"
"2886","Lenovo V15 IIL Intel Celeron N4020/4GB/256GB SSD/15.6""","laptop","Lenovo","39089.08","Type: New. Model: V15; Storage Type: SSD; GPU: Unknown; Screen: 15.6; Touch: No","","Intel Celeron","4","256.0"
"2887","Lenovo V15 Intel Core i3-1115G4/8 GB/512GB SSD/15.6""","laptop","Lenovo","62440.74","Type: New. Model: V15; Storage Type: SSD; GPU: Unknown; Screen: 15.6; Touch: No","","Intel Core i3","8","512.0"
"2888","Lenovo Yoga 7 14ARB7 AMD Ryzen 5 6600U/8GB/512GB SSD/14"" TÃ¡ctil","laptop","Lenovo","141955.08","Type: New. Model: Yoga; Storage Type: SSD; GPU: Unknown; Screen: 14.0; Touch: Yes","","AMD Ryzen 5","8","512.0"
"2889","Lenovo Yoga 9 14IAP7 Intel Evo Core i7-1260P/16GB/1TB SSD/14"" TÃ¡ctil","laptop","Lenovo","258123.28","Type: New. Model: Yoga; Storage Type: SSD; GPU: Unknown; Screen: 14.0; Touch: Yes","","Intel Evo Core i7","16","1000.0"
"2890","Lenovo Yoga 9 14ITL5 Intel Evo Core i7-1185G7/16GB/1TB SSD/14"" TÃ¡ctil UHD","laptop","Lenovo","286508.88","Type: New. Model: Yoga; Storage Type: SSD; GPU: Unknown; Screen: 14.0; Touch: Yes","","Intel Evo Core i7","16","1000.0"
"2891","Lenovo Yoga Chromebook C630 Intel Core i5-8250U/8GB/128GB/15.6"" TÃ¡ctil","laptop","Lenovo","126485.12","Type: New. Model: Yoga; Storage Type: Unknown; GPU: Unknown; Screen: 15.6; Touch: Yes","","Intel Core i5","8","128.0"
"2892","Lenovo Yoga Slim 7 14ITL05 Intel Core i7-1165G7/16GB/1TB SSD/14""","laptop","Lenovo","224646.35","Type: New. Model: Yoga; Storage Type: SSD; GPU: Unknown; Screen: 14.0; Touch: No","","Intel Core i7","16","1000.0"
"2893","Lenovo Yoga Slim 7 Pro 14IHU5 Intel Evo Core i7-11370H/16GB/512GB SSD/14""","laptop","Lenovo","175985.32","Type: New. Model: Yoga; Storage Type: SSD; GPU: Unknown; Screen: 14.0; Touch: No","","Intel Evo Core i7","16","512.0"
"2894","Lenovo Yoga Slim 7 Pro Intel Evo Core i7-1260P/8GB/512GB SSD/14""","laptop","Lenovo","137623.88","Type: New. Model: Yoga; Storage Type: SSD; GPU: Unknown; Screen: 14.0; Touch: No","","Intel Evo Core i7","8","512.0"
"2895","Lenovo Yoga Slim 7 ProX 14IAH7 Intel Evo Core i5-12500H/16 GB/512GB SSD/14.5""","laptop","Lenovo","172719.59","Type: New. Model: Yoga; Storage Type: SSD; GPU: Unknown; Screen: 14.5; Touch: No","","Intel Evo Core i5","16","512.0"
"2896","Lenovo Yoga Slim 9 14ITL5 Intel Evo Core i7-1165G7/16GB/1TB SSD/14"" TÃ¡ctil","laptop","Lenovo","297227.52","Type: New. Model: Yoga; Storage Type: SSD; GPU: Unknown; Screen: 14.0; Touch: Yes","","Intel Evo Core i7","16","1000.0"
"2897","MSI Bravo 15 B5DD-007XES AMD Ryzen 5 5600H/8GB/512GB SSD/RX5500M/15.6""","laptop","MSI","100195.82","Type: New. Model: Bravo; Storage Type: SSD; GPU: Radeon Pro 5500M; Screen: 15.6; Touch: No","","AMD Ryzen 5","8","512.0"
"2898","MSI Creator Pro Z17 A12UMST-200ES Intel Core i9-12900H/64GB/2TB SSD/RTX A5500/17"" TÃ¡ctil","laptop","MSI","373394.92","Type: New. Model: Creator; Storage Type: SSD; GPU: RTX A5500; Screen: 17.0; Touch: Yes","","Intel Core i9","64","2000.0"
"2899","MSI Katana 15 B13VEK-030XES Intel Core i7-13620H/16GB/1TB SSD/RTX 4050/15.6""","laptop","MSI","133213.64","Type: New. Model: Katana; Storage Type: SSD; GPU: RTX 4050; Screen: 15.6; Touch: No","","Intel Core i7","16","1000.0"
"2900","MSI Katana GF66 12UGS-663XES  Intel Core i7-12700H/16GB/1TB SSD/RTX 3070Ti/15.6""","laptop","MSI","238141.29","Type: New. Model: Katana; Storage Type: SSD; GPU: RTX 3070; Screen: 15.6; Touch: No","","Intel Core i7","16","1000.0"
"2901","MSI Katana GF66 Intel Core i7-11800H/16GB/512GB SSD/RTX3050/15.6""","laptop","MSI","162414.59","Type: New. Model: Katana; Storage Type: SSD; GPU: RTX 3050; Screen: 15.6; Touch: No","","Intel Core i7","16","512.0"
"2902","MSI Katana GF76 12UGS-448XES Intel Core i7-12700H/16GB/512GB SSD/RTX 3070Ti/17.3""","laptop","MSI","249405.66","Type: New. Model: Katana; Storage Type: SSD; GPU: RTX 3070; Screen: 17.3; Touch: No","","Intel Core i7","16","512.0"
"2903","MSI Modern 15 A11M-1050XES Intel Core i7-1195G7/16GB/512GB SSD/15.6""","laptop","MSI","131469.24","Type: New. Model: Modern; Storage Type: SSD; GPU: Unknown; Screen: 15.6; Touch: No","","Intel Core i7","16","512.0"
"2904","MSI Prestige 14 A12UC-047ES Intel Core i7-1280P/16GB/1TB SSD/RTX 3050/14""","laptop","MSI","187539.88","Type: New. Model: Prestige; Storage Type: SSD; GPU: RTX 3050; Screen: 14.0; Touch: No","","Intel Core i7","16","1000.0"
"2905","MSI Raider GE78HX 13VI-201ES Intel Core i7-13700H/32GB/1TB SSD/RTX 4090/17""","laptop","MSI","418437.23","Type: New. Model: Raider; Storage Type: SSD; GPU: RTX 4090; Screen: 17.0; Touch: No","","Intel Core i7","32","1000.0"
"2906","MSI Stealth 15M B12UE-019ES Intel Core i7-1280P/16GB/1TB SSD/RTX 3060/15.6''","laptop","MSI","194795.72","Type: Refurbished. Model: Stealth; Storage Type: SSD; GPU: RTX 3060; Screen: 15.6; Touch: No","","Intel Core i7","16","1000.0"
"2907","MSI Stealth GS77 12UHS-086ES Intel Core i7-12700H/32GB/1TB SSD/RTX 3080Ti/17.3""","laptop","MSI","396742.25","Type: New. Model: Stealth; Storage Type: SSD; GPU: RTX 3080; Screen: 17.3; Touch: No","","Intel Core i7","32","1000.0"
"2908","MSI Summit E14 Evo A12M-084ES Intel Core i7-1280P/32GB/1TB SSD/14""","laptop","MSI","185046.19","Type: New. Model: Summit; Storage Type: SSD; GPU: Unknown; Screen: 14.0; Touch: No","","Intel Core i7","32","1000.0"
"2909","MSI Summit E16 Flip A12UDT-001ES Intel Core i7-1280P/32GB/1TB SSD/RTX3050Ti/16"" TÃ¡ctil","laptop","MSI","248935.72","Type: Refurbished. Model: Summit; Storage Type: SSD; GPU: RTX 3050; Screen: 16.0; Touch: Yes","","Intel Core i7","32","1000.0"
"2910","MSI Titan GT77 HX 13VI-007ES Intel Core i9-13980HX/64GB/2TB SSD/RTX 4090/17.3""","laptop","MSI","540653.95","Type: New. Model: Titan; Storage Type: SSD; GPU: RTX 4090; Screen: 17.3; Touch: No","","Intel Core i9","64","2000.0"
"2911","MSI WS63 8SL-013ES Vpro Intel Core i7-8850H/32GB/512GB SSD+1TB/P4200/15.6""","laptop","MSI","422346.14","Type: New. Model: WS63; Storage Type: SSD; GPU: Unknown; Screen: 15.6; Touch: No","","Intel Core i7","32","1000.0"
"2912","Medion Akoya E15301 AMD Ryzen 3 3200U/8GB/256GB SSD/15.6"" Plata","laptop","Medion","40047.36","Type: New. Model: Akoya; Storage Type: SSD; GPU: Unknown; Screen: 15.6; Touch: No","","AMD Ryzen 3","8","256.0"
"2913","Medion Akoya E15301 AMD Ryzen 5 3500U/8 GB/256GB SSD/15.6""","laptop","Medion","43310.92","Type: New. Model: Akoya; Storage Type: SSD; GPU: Unknown; Screen: 15.6; Touch: No","","AMD Ryzen 5","8","256.0"
"2914","Medion Akoya E15303 MD62129 AMD Ryzen 5 3500U/8GB/256GB SSD/15.6""","laptop","Medion","71887.09","Type: New. Model: Akoya; Storage Type: SSD; GPU: Unknown; Screen: 15.6; Touch: No","","AMD Ryzen 5","8","256.0"
"2915","Medion Akoya E3221 Intel Celeron N4020/4GB/64GB eMMC/13.3""","laptop","Medion","50984.72","Type: New. Model: Akoya; Storage Type: eMMC; GPU: Unknown; Screen: 13.3; Touch: No","","Intel Celeron","4","64.0"
"2916","Medion Akoya E4251 Intel Celeron N4020/4GB/128GB/14""","laptop","Medion","28963.82","Type: New. Model: Akoya; Storage Type: Unknown; GPU: Unknown; Screen: 14.0; Touch: No","","Intel Celeron","4","128.0"
"2917","Medion Akoya E6247 Intel Celeron N4020/8GB/256 GB SSD/15.6""","laptop","Medion","44204.23","Type: New. Model: Akoya; Storage Type: SSD; GPU: Unknown; Screen: 15.6; Touch: No","","Intel Celeron","8","256.0"
"2918","Medion Akoya S15449 Intel Core i5-1135G7/8 GB/512GB SSD/15.6""","laptop","Medion","64785.01","Type: New. Model: Akoya; Storage Type: SSD; GPU: Unknown; Screen: 15.6; Touch: No","","Intel Core i5","8","512.0"
"2919","Medion Akoya S15449-MD61991 Intel Core i5-1135G7/8GB/512GB SSD/15.6""","laptop","Medion","72639.64","Type: New. Model: Akoya; Storage Type: SSD; GPU: Unknown; Screen: 15.6; Touch: No","","Intel Core i5","8","512.0"
"2920","Microsoft Surface Go 2 Intel Core M3-8100Y/8GB/128 GB SSD/10.5"" 4G TÃ¡ctil Platino","laptop","Microsoft","124269.71","Type: New. Model: Surface Go; Storage Type: SSD; GPU: Unknown; Screen: 10.5; Touch: Yes","","Intel Core M3","8","128.0"
"2921","Microsoft Surface Go 3 Business 4G LTE Intel Core i3-10100Y/8 GB/256GB SSD/10.5"" TÃ¡ctil Platino","laptop","Microsoft","111744.96","Type: New. Model: Surface Go; Storage Type: SSD; GPU: Unknown; Screen: 10.5; Touch: Yes","","Intel Core i3","8","256.0"
"2922","Microsoft Surface Go 3 Business 4G LTE Intel Core i3-10100Y/8GB/256GB SSD/10.5"" TÃ¡ctil Platino","laptop","Microsoft","103711.67","Type: New. Model: Surface Go; Storage Type: SSD; GPU: Unknown; Screen: 10.5; Touch: Yes","","Intel Core i3","8","256.0"
"2923","Microsoft Surface Go 3 Intel Core i3-10100Y/8GB/128 GB SSD/10.5"" TÃ¡ctil Platino","laptop","Microsoft","87490.24","Type: New. Model: Surface Go; Storage Type: SSD; GPU: Unknown; Screen: 10.5; Touch: Yes","","Intel Core i3","8","128.0"
"2924","Microsoft Surface Go 3 Intel Core i3-10100Y/8GB/128GB SSD/10.5"" TÃ¡ctil Platino","laptop","Microsoft","93553.92","Type: New. Model: Surface Go; Storage Type: SSD; GPU: Unknown; Screen: 10.5; Touch: Yes","","Intel Core i3","8","128.0"
"2925","Microsoft Surface Laptop 4 Negro Intel Core i5-1145G7/16GB/512GB SSD/13.5"" TÃ¡ctil","laptop","Microsoft","219164.13","Type: New. Model: Surface Laptop; Storage Type: SSD; GPU: Unknown; Screen: 13.5; Touch: Yes","","Intel Core i5","16","512.0"
"2926","Microsoft Surface Laptop 4 Negro Intel Core i5-1145G7/8GB/256GB SSD/13.5"" TÃ¡ctil","laptop","Microsoft","103054.41","Type: New. Model: Surface Laptop; Storage Type: SSD; GPU: Unknown; Screen: 13.5; Touch: Yes","","Intel Core i5","8","256.0"
"2927","Microsoft Surface Laptop 4 Negro Intel Core i5-1145G7/8GB/512 GB SSD/13.5"" TÃ¡ctil","laptop","Microsoft","180611.04","Type: New. Model: Surface Laptop; Storage Type: SSD; GPU: Unknown; Screen: 13.5; Touch: Yes","","Intel Core i5","8","512.0"
"2928","Microsoft Surface Laptop 4 Negro Intel Core i7-1185G7/8GB/512GB SSD/15"" TÃ¡ctil","laptop","Microsoft","135478.85","Type: New. Model: Surface Laptop; Storage Type: SSD; GPU: Unknown; Screen: 15.0; Touch: Yes","","Intel Core i7","8","512.0"
"2929","Microsoft Surface Laptop 4 Platino AMD Ryzen 7 4980U/8GB/256GB SSD/15"" TÃ¡ctil","laptop","Microsoft","178612.19","Type: New. Model: Surface Laptop; Storage Type: SSD; GPU: Unknown; Screen: 15.0; Touch: Yes","","AMD Ryzen 7","8","256.0"
"2930","Microsoft Surface Laptop 4 Platino Intel Core i5-1145G7/16GB/512GB SSD/13.5"" TÃ¡ctil","laptop","Microsoft","405823.69","Type: New. Model: Surface Laptop; Storage Type: SSD; GPU: Unknown; Screen: 13.5; Touch: Yes","","Intel Core i5","16","512.0"
"2931","Microsoft Surface Laptop 4 Platino Intel Core i5-1145G7/8GB/256GB SSD/13.5"" TÃ¡ctil","laptop","Microsoft","102664.6","Type: New. Model: Surface Laptop; Storage Type: SSD; GPU: Unknown; Screen: 13.5; Touch: Yes","","Intel Core i5","8","256.0"
"2932","Microsoft Surface Laptop 5 AlcÃ¡ntara Intel Evo Core i5-1245U/16GB/512GB SSD/13.5"" TÃ¡ctil","laptop","Microsoft","199976.92","Type: New. Model: Surface Laptop; Storage Type: SSD; GPU: Unknown; Screen: 13.5; Touch: Yes","","Intel Evo Core i5","16","512.0"
"2933","Microsoft Surface Laptop 5 AlcÃ¡ntara Intel Evo Core i5-1245U/8GB/256GB SSD/13.5"" TÃ¡ctil","laptop","Microsoft","143088.77","Type: New. Model: Surface Laptop; Storage Type: SSD; GPU: Unknown; Screen: 13.5; Touch: Yes","","Intel Evo Core i5","8","256.0"
"2934","Microsoft Surface Laptop 5 AlcÃ¡ntara Intel Evo Core i5-1245U/8GB/512GB SSD/13.5"" TÃ¡ctil","laptop","Microsoft","170678.52","Type: New. Model: Surface Laptop; Storage Type: SSD; GPU: Unknown; Screen: 13.5; Touch: Yes","","Intel Evo Core i5","8","512.0"
"2935","Microsoft Surface Laptop 5 AlcÃ¡ntara Intel Evo Core i7-1265U/16GB/512GB SSD/13.5"" TÃ¡ctil","laptop","Microsoft","219017.96","Type: New. Model: Surface Laptop; Storage Type: SSD; GPU: Unknown; Screen: 13.5; Touch: Yes","","Intel Evo Core i7","16","512.0"
"2936","Microsoft Surface Laptop 5 Negro Intel Evo Core i5-1245U/8GB/512GB SSD/13.5"" TÃ¡ctil","laptop","Microsoft","170678.52","Type: New. Model: Surface Laptop; Storage Type: SSD; GPU: Unknown; Screen: 13.5; Touch: Yes","","Intel Evo Core i5","8","512.0"
"2937","Microsoft Surface Laptop 5 Negro Intel Evo Core i7-1265U/16GB/256GB SSD/15"" TÃ¡ctil","laptop","Microsoft","250354.19","Type: New. Model: Surface Laptop; Storage Type: SSD; GPU: Unknown; Screen: 15.0; Touch: Yes","","Intel Evo Core i7","16","256.0"
"2938","Microsoft Surface Laptop 5 Negro Intel Evo Core i7-1265U/16GB/512GB SSD/13.5"" TÃ¡ctil","laptop","Microsoft","219017.96","Type: New. Model: Surface Laptop; Storage Type: SSD; GPU: Unknown; Screen: 13.5; Touch: Yes","","Intel Evo Core i7","16","512.0"
"2939","Microsoft Surface Laptop 5 Platino Intel Evo Core i7-1255U/8 GB/256GB SSD/15"" TÃ¡ctil","laptop","Microsoft","179635.44","Type: New. Model: Surface Laptop; Storage Type: SSD; GPU: Unknown; Screen: 15.0; Touch: Yes","","Intel Evo Core i7","8","256.0"
"2940","Microsoft Surface Laptop 5 Platino Intel Evo Core i7-1265U/16GB/256GB SSD/15"" TÃ¡ctil","laptop","Microsoft","227772.39","Type: New. Model: Surface Laptop; Storage Type: SSD; GPU: Unknown; Screen: 15.0; Touch: Yes","","Intel Evo Core i7","16","256.0"
"2941","Microsoft Surface Laptop 5 Platino Intel Evo Core i7-1265U/16GB/512GB SSD/15"" TÃ¡ctil","laptop","Microsoft","232843.15","Type: New. Model: Surface Laptop; Storage Type: SSD; GPU: Unknown; Screen: 15.0; Touch: Yes","","Intel Evo Core i7","16","512.0"
"2942","Microsoft Surface Laptop 5 Platino Intel Evo Core i7-1265U/8GB/512GB SSD/15"" TÃ¡ctil","laptop","Microsoft","199050.04","Type: New. Model: Surface Laptop; Storage Type: SSD; GPU: Unknown; Screen: 15.0; Touch: Yes","","Intel Evo Core i7","8","512.0"
"2943","Microsoft Surface Laptop Go 2 Intel Core i5-1135G7/8GB/128GB SSD/12.4"" TÃ¡ctil Platino (PT)","laptop","Microsoft","89222.72","Type: New. Model: Surface Laptop; Storage Type: SSD; GPU: Unknown; Screen: 12.4; Touch: Yes","","Intel Core i5","8","128.0"
"2944","Microsoft Surface Laptop Go Intel Core i5-1035G1/4GB/64GB eMMC/12.4"" TÃ¡ctil","laptop","Microsoft","74375.37","Type: New. Model: Surface Laptop; Storage Type: eMMC; GPU: Unknown; Screen: 12.4; Touch: Yes","","Intel Core i5","4","64.0"
"2945","Microsoft Surface Laptop Go Intel Core i5-1035G1/8GB/256GB SSD/12.4"" TÃ¡ctil","laptop","Microsoft","122812.26","Type: New. Model: Surface Laptop; Storage Type: SSD; GPU: Unknown; Screen: 12.4; Touch: Yes","","Intel Core i5","8","256.0"
"2946","Microsoft Surface Laptop Studio Intel Core i7-11370H/16GB/512GB SSD/RTX 3050 Ti/14.4"" TÃ¡ctil Platino","laptop","Microsoft","245205.47","Type: New. Model: Surface Laptop; Storage Type: SSD; GPU: RTX 3050; Screen: 14.4; Touch: Yes","","Intel Core i7","16","512.0"
"2947","Microsoft Surface Pro 7 Intel Core i7-1065G7/16GB/256GB/12.3"" Negro","laptop","Microsoft","178553.72","Type: New. Model: Surface Pro; Storage Type: Unknown; GPU: Unknown; Screen: 12.3; Touch: No","","Intel Core i7","16","256.0"
"2948","Microsoft Surface Pro 7 Intel Core i7-1065G7/16GB/512GB/12.3"" Platino","laptop","Microsoft","227279.72","Type: New. Model: Surface Pro; Storage Type: Unknown; GPU: Unknown; Screen: 12.3; Touch: No","","Intel Core i7","16","512.0"
"2949","Microsoft Surface Pro 7+ Intel Core i5-1135G7/8GB/128GB SSD/12.3"" TÃ¡ctil Platino","laptop","Microsoft","109361.72","Type: Refurbished. Model: Surface Pro; Storage Type: SSD; GPU: Unknown; Screen: 12.3; Touch: Yes","","Intel Core i5","8","128.0"
"2950","Microsoft Surface Pro 7+ Intel Evo Core i7-1165G7/16GB/1TB SSD/12.3"" TÃ¡ctil Platino","laptop","Microsoft","307785.9","Type: New. Model: Surface Pro; Storage Type: SSD; GPU: Unknown; Screen: 12.3; Touch: Yes","","Intel Evo Core i7","16","1000.0"
"2951","Microsoft Surface Pro 8 4G LTE Intel Core i5-1145G7/16GB/512GB SSD/13"" TÃ¡ctil Platino","laptop","Microsoft","207571.68","Type: New. Model: Surface Pro; Storage Type: SSD; GPU: Unknown; Screen: 13.0; Touch: Yes","","Intel Core i5","16","512.0"
"2952","Microsoft Surface Pro 8 4G LTE Intel Evo Core i5-1145G7/8GB/256GB SSD/13"" TÃ¡ctil Platino","laptop","Microsoft","151048.43","Type: New. Model: Surface Pro; Storage Type: SSD; GPU: Unknown; Screen: 13.0; Touch: Yes","","Intel Evo Core i5","8","256.0"
"2953","Microsoft Surface Pro 8 4G LTE Intel Evo Core i7-1185G7/16GB/256GB SSD/13"" TÃ¡ctil Platino","laptop","Microsoft","205485.12","Type: New. Model: Surface Pro; Storage Type: SSD; GPU: Unknown; Screen: 13.0; Touch: Yes","","Intel Evo Core i7","16","256.0"
"2954","Microsoft Surface Pro 8 Intel Core i7-1185G7/16 GB/256GB SSD/13"" TÃ¡ctil Platino","laptop","Microsoft","186781.92","Type: New. Model: Surface Pro; Storage Type: SSD; GPU: Unknown; Screen: 13.0; Touch: Yes","","Intel Core i7","16","256.0"
"2955","Microsoft Surface Pro 8 Intel Evo Core i5-1145G7/8GB/128GB SSD/13"" TÃ¡ctil Platino","laptop","Microsoft","171298.96","Type: New. Model: Surface Pro; Storage Type: SSD; GPU: Unknown; Screen: 13.0; Touch: Yes","","Intel Evo Core i5","8","128.0"
"2956","Microsoft Surface Pro 8 Intel Evo Core i7-1185G7/16GB/256 GB SSD/13"" TÃ¡ctil Platino","laptop","Microsoft","158909.56","Type: New. Model: Surface Pro; Storage Type: SSD; GPU: Unknown; Screen: 13.0; Touch: Yes","","Intel Evo Core i7","16","256.0"
"2957","Microsoft Surface Pro X Microsoft SQ1/16GB/512GB SSD/13"" TÃ¡ctil","laptop","Microsoft","260559.58","Type: New. Model: Surface Pro; Storage Type: SSD; GPU: Unknown; Screen: 13.0; Touch: Yes","","Microsoft SQ1","16","512.0"
"2958","Millenium AURELION ML3 Intel Core i7-9750H/16GB/500GB SSD/GTX 1660Ti/15.6""","laptop","Millenium","177685.31","Type: New. Model: AURELION; Storage Type: SSD; GPU: GTX 1660; Screen: 15.6; Touch: No","","Intel Core i7","16","500.0"
"2959","Millenium AZIR ML3 Intel Core i7-9750H/16GB/500GB SSD/RTX 2070/15.6""","laptop","Millenium","250420.24","Type: New. Model: AZIR; Storage Type: SSD; GPU: RTX 2070; Screen: 15.6; Touch: No","","Intel Core i7","16","500.0"
"2960","Msi Prestige 14 Evo A12M-22 Intel Core i5-1240P/16GB/512 GB SSD/14""","laptop","MSI","111527.32","Type: New. Model: Prestige; Storage Type: SSD; GPU: Unknown; Screen: 14.0; Touch: No","","Intel Core i5","16","512.0"
"2961","Primux IoxBook K15 Intel Core i5-1135G7/8GB/512GB SSD/15.6""","laptop","Primux","47476.45","Type: New. Model: Ioxbook; Storage Type: SSD; GPU: Unknown; Screen: 15.6; Touch: No","","Intel Core i5","8","512.0"
"2962","Primux Ioxbook K15 Intel Core i3-1115G4/8GB/256GB SSD/15.6""","laptop","Primux","37495.2","Type: New. Model: Ioxbook; Storage Type: SSD; GPU: Unknown; Screen: 15.6; Touch: No","","Intel Core i3","8","256.0"
"2963","Razer Blade 17 QHD 240Hz Intel Core i7-12800H/16 GB/1TB SSD/RTX 3060/17.3""","laptop","Razer","335665.83","Type: New. Model: Blade; Storage Type: SSD; GPU: RTX 3060; Screen: 17.3; Touch: No","","Intel Core i7","16","1000.0"
"2964","Realme Book Prime Intel Core i5-11320H/8GB/512GB SSD/14"" Verde","laptop","Realme","108171.72","Type: New. Model: Book Prime; Storage Type: SSD; GPU: Unknown; Screen: 14.0; Touch: No","","Intel Core i5","8","512.0"
"2965","Samsung Chromebook 2 Intel Celeron N4500/4GB/64GB/12.4"" TÃ¡ctil","laptop","Samsung","54002.48","Type: New. Model: Chromebook; Storage Type: Unknown; GPU: Unknown; Screen: 12.4; Touch: Yes","","Intel Celeron","4","64.0"
"2966","Thomson NEO Z3 Qualcomm Snapdragon 850/8GB/256GB/13""","laptop","Thomson","47270.72","Type: New. Model: Go; Storage Type: Unknown; GPU: Unknown; Screen: 13.0; Touch: No","","Qualcomm Snapdragon 8","8","256.0"
"2967","Toshiba Tecra A40-J-15b Intel Core i3-1125G4/8GB/256GB SSD/14""","laptop","Toshiba","86515.72","Type: New. Model: Tecra; Storage Type: SSD; GPU: Unknown; Screen: 14.0; Touch: No","","Intel Core i3","8","256.0"
"2968","Vant Edge 3 Intel Core i7-1255U/16 GB/500GB SSD/14""","laptop","Vant","121598.44","Type: New. Model: Edge; Storage Type: SSD; GPU: Unknown; Screen: 14.0; Touch: No","","Intel Core i7","16","500.0"
"2969","Vant Edge 3 Intel Core i7-1255U/16GB/1TB SSD/14""","laptop","Vant","125821.36","Type: New. Model: Edge; Storage Type: SSD; GPU: Unknown; Screen: 14.0; Touch: No","","Intel Core i7","16","1000.0"
"2970","Vant Edge 3 Intel Core i7-1255U/16GB/1TB SSD/14"" Negro","laptop","Vant","125821.36","Type: New. Model: Edge; Storage Type: SSD; GPU: Unknown; Screen: 14.0; Touch: No","","Intel Core i7","16","1000.0"
"2971","Vant Edge 3 Intel Core i7-1255U/16GB/500GB SSD/14"" Negro","laptop","Vant","121598.44","Type: New. Model: Edge; Storage Type: SSD; GPU: Unknown; Screen: 14.0; Touch: No","","Intel Core i7","16","500.0"
"2972","Vant Edge 3 Intel Core i7-1255U/40GB RAM/1TB SSD/14""","laptop","Vant","131777.84","Type: New. Model: Edge; Storage Type: SSD; GPU: Unknown; Screen: 14.0; Touch: No","","Intel Core i7","40","1000.0"
"2973","Vant Edge 3 Intel Core i7-1255U/40GB/1TB SSD/14""","laptop","Vant","131777.84","Type: New. Model: Edge; Storage Type: SSD; GPU: Unknown; Screen: 14.0; Touch: No","","Intel Core i7","40","1000.0"
"2974","Vant Edge Intel Core i5-10210U/16GB/500GB SSD/14"" Negro","laptop","Vant","107630.32","Type: New. Model: Edge; Storage Type: SSD; GPU: Unknown; Screen: 14.0; Touch: No","","Intel Core i5","16","500.0"
"2975","Vant Edge Intel Core i7-10510U/16GB/500GB SSD/14"" Gris","laptop","Vant","121598.44","Type: New. Model: Edge; Storage Type: SSD; GPU: Unknown; Screen: 14.0; Touch: No","","Intel Core i7","16","500.0"
"2976","Vant Edge Intel Core i7-10510U/16GB/500GB SSD/14"" Negro","laptop","Vant","121598.44","Type: New. Model: Edge; Storage Type: SSD; GPU: Unknown; Screen: 14.0; Touch: No","","Intel Core i7","16","500.0"
"2977","Vant Moove3-14 Intel Core i5-1135G7/8GB/500GB SSD/14""","laptop","Vant","68432.96","Type: New. Model: Moove; Storage Type: SSD; GPU: Unknown; Screen: 14.0; Touch: No","","Intel Core i5","8","500.0"
"2978","ASUS Chromebook C433TA-AJ0336 Intel Core m3-8100Y/8GB/64GB eMMC/14"" TÃ¡ctil","laptop","Asus","59445.72","Type: Refurbished. Model: Chromebook; Storage Type: eMMC; GPU: Unknown; Screen: 14.0; Touch: Yes","","Intel Core M3","8","64.0"
"2979","ASUS F415EA-EK113T Intel Core i3-1115G4/8GB/256GB SSD/14""","laptop","Asus","54031.72","Type: Refurbished. Model: F415EA; Storage Type: SSD; GPU: Unknown; Screen: 14.0; Touch: No","","Intel Core i3","8","256.0"
"2980","ASUS F515EA-BQ131T Intel Core i5-1135G7/8GB/512GB SSD/15.6""","laptop","Asus","56304.52","Type: Refurbished. Model: F515; Storage Type: SSD; GPU: Unknown; Screen: 15.6; Touch: No","","Intel Core i5","8","512.0"
"2981","ASUS F515EA-BQ1765W Intel Core i5-1135G7/8GB/512GB SSD/15.6""","laptop","Asus","64859.72","Type: Refurbished. Model: F515; Storage Type: SSD; GPU: Unknown; Screen: 15.6; Touch: No","","Intel Core i5","8","512.0"
"2982","ASUS F515EA-BQ2036W Intel Core i3-1115G4/8GB/256GB SSD/15.6""","laptop","Asus","51866.12","Type: Refurbished. Model: F515; Storage Type: SSD; GPU: Unknown; Screen: 15.6; Touch: No","","Intel Core i3","8","256.0"
"2983","ASUS F515EA-BQ2037W Intel Core i5-1135G7/8GB/512GB SSD/15.6""","laptop","Asus","64859.72","Type: Refurbished. Model: F515; Storage Type: SSD; GPU: Unknown; Screen: 15.6; Touch: No","","Intel Core i5","8","512.0"
"2984","ASUS F515EA-EJ2198W Intel Core i7-1165G7/16GB/512GB SSD/15.6""","laptop","Asus","81101.72","Type: Refurbished. Model: F515; Storage Type: SSD; GPU: Unknown; Screen: 15.6; Touch: No","","Intel Core i7","16","512.0"
"2985","ASUS F515JA-BQ2315W Intel Core i5-1035G1/8GB/512GB SSD/15.6""","laptop","Asus","71356.52","Type: Refurbished. Model: F515; Storage Type: SSD; GPU: Unknown; Screen: 15.6; Touch: No","","Intel Core i5","8","512.0"
"2986","ASUS P1411CEA-BV688X Intel Core i5-1135G7/8GB/256GB SSD/14""","laptop","Asus","61611.32","Type: Refurbished. Model: G7; Storage Type: SSD; GPU: Unknown; Screen: 14.0; Touch: No","","Intel Core i5","8","256.0"
"2987","ASUS P1511CEA-BR1797X Intel Core i5-1135G7/16GB/512GB SSD/15.6""","laptop","Asus","70273.72","Type: Refurbished. Model: BR; Storage Type: SSD; GPU: Unknown; Screen: 15.6; Touch: No","","Intel Core i5","16","512.0"
"2988","ASUS ROG Flow Z13 2022 GZ301ZE-LD219W Intel Core i9-12900H/16GB/1TB SSD/RTX 3050Ti/13.4"" TÃ¡ctil","laptop","Asus","433011.72","Type: Refurbished. Model: ROG; Storage Type: SSD; GPU: RTX 3050; Screen: 13.4; Touch: Yes","","Intel Core i9","16","1000.0"
"2989","ASUS ROG Strix G15 G513IC-HN004W AMD Ryzen 7 4800H/16GB/512GB SSD/RTX 3050/15.6","laptop","Asus","102757.72","Type: Refurbished. Model: ROG; Storage Type: SSD; GPU: RTX 3050; Screen: 15.6; Touch: No","","AMD Ryzen 7","16","512.0"
"2990","ASUS ROG Strix G15 G513RS-HQ018W AMD Ryzen 9 6800HX/32GB/1TB SSD/RTX3080/15.6""","laptop","Asus","335559.72","Type: Refurbished. Model: ROG; Storage Type: SSD; GPU: RTX 3080; Screen: 15.6; Touch: No","","AMD Ryzen 9","32","1000.0"
"2991","ASUS ROG Strix G17 G713RM-LL009 AMD Ryzen 7 6800H/32GB/1TB SSD/RTX 3060/17.3""","laptop","Asus","227279.72","Type: Refurbished. Model: ROG; Storage Type: SSD; GPU: RTX 3060; Screen: 17.3; Touch: No","","AMD Ryzen 7","32","1000.0"
"2992","ASUS ROG Strix G17 G713RW-LL009 AMD Ryzen 9 6900HX/32GB/1TB SSD/RTX 3070Ti/17.3""","laptop","Asus","303075.72","Type: Refurbished. Model: ROG; Storage Type: SSD; GPU: RTX 3070; Screen: 17.3; Touch: No","","AMD Ryzen 9","32","1000.0"
"2993","ASUS ROG Strix G17 G713RW-LL088 AMD Ryzen 9 6900HX/32GB/1TB SSD/RTX 3070Ti/17.3""","laptop","Asus","254808.83","Type: Refurbished. Model: ROG; Storage Type: SSD; GPU: RTX 3070; Screen: 17.3; Touch: No","","AMD Ryzen 9","32","1000.0"
"2994","ASUS ROG Strix SCAR 17 G733ZW-LL103W Intel Core i9-12900H/32GB/1TB SSD/RTX 3070Ti/17.3""","laptop","Asus","324731.72","Type: Refurbished. Model: ROG; Storage Type: SSD; GPU: RTX 3070; Screen: 17.3; Touch: No","","Intel Core i9","32","1000.0"
"2995","ASUS ROG Zephyrus Duo 16 GX650RX-LO162W AMD Ryzen 9 6900HX/64GB/4TB SSD/RTX 3080 Ti/16""","laptop","Asus","433011.72","Type: Refurbished. Model: ROG; Storage Type: SSD; GPU: RTX 3080; Screen: 16.0; Touch: No","","AMD Ryzen 9","64","4000.0"
"2996","ASUS ROG Zephyrus G15 GA503QM-HQ019T AMD Ryzen 9 5900HS/32GB/1TB SSD/RTX 3060/15.6""","laptop","Asus","173245.83","Type: Refurbished. Model: ROG; Storage Type: SSD; GPU: RTX 3060; Screen: 15.6; Touch: No","","AMD Ryzen 9","32","1000.0"
"2997","ASUS ROG Zephyrus G15 GA503RS-HB054W AMD Ryzen 9 6900HS/32GB/1TB SSD/RTX 3080/15.6""","laptop","Asus","204534.42","Type: Refurbished. Model: ROG; Storage Type: SSD; GPU: RTX 3080; Screen: 15.6; Touch: No","","AMD Ryzen 9","32","1000.0"
"2998","ASUS ROG Zephyrus M16 GU603ZX-K8017W Intel Core i9-12900H/32GB/2TB SSD/RTX 3080Ti/16""","laptop","Asus","433011.72","Type: Refurbished. Model: ROG; Storage Type: SSD; GPU: RTX 3080; Screen: 16.0; Touch: No","","Intel Core i9","32","2000.0"
"2999","ASUS TUF Gaming A15 FA507RM-HN003 AMD Ryzen 7 6800H/16GB/1TB SSD/RTX 3060/15.6""","laptop","Asus","194795.72","Type: Refurbished. Model: TUF; Storage Type: SSD; GPU: RTX 3060; Screen: 15.6; Touch: No","","AMD Ryzen 7","16","1000.0"
"3000","ASUS TUF Gaming F15 FX506HEB-HN187 Intel Core i5-11400H/16GB/512GB SSD/RTX 3050Ti/15.6""","laptop","Asus","129827.72","Type: Refurbished. Model: TUF; Storage Type: SSD; GPU: RTX 3050; Screen: 15.6; Touch: No","","Intel Core i5","16","512.0"
"3001","ASUS TUF Gaming F17 FX706HM-HX059 Intel Core i7-11800H/32GB/1TB SSD/RTX 3060/17.3""","laptop","Asus","194795.72","Type: Refurbished. Model: TUF; Storage Type: SSD; GPU: RTX 3060; Screen: 17.3; Touch: No","","Intel Core i7","32","1000.0"
"3002","ASUS VivoBook 15 K513EA-BQ1791T Intel Core i5-1135G7/16GB/512GB SSD/15.6""","laptop","Asus","81101.72","Type: Refurbished. Model: VivoBook; Storage Type: SSD; GPU: Unknown; Screen: 15.6; Touch: No","","Intel Core i5","16","512.0"
"3003","ASUS VivoBook F1500EA-EJ2647 Intel Core i5-1135G7/8GB/256GB SSD/15.6""","laptop","Asus","64859.72","Type: Refurbished. Model: VivoBook; Storage Type: SSD; GPU: Unknown; Screen: 15.6; Touch: No","","Intel Core i5","8","256.0"
"3004","ASUS Vivobook 15 K513EA-BQ1791 Intel Core i5-1135G7/16GB/512GB SSD/15.6""","laptop","Asus","75687.72","Type: Refurbished. Model: VivoBook; Storage Type: SSD; GPU: Unknown; Screen: 15.6; Touch: No","","Intel Core i5","16","512.0"
"3005","ASUS ZenBook 14 UM425QA-KI174W AMD Ryzen 7 5800H/16GB/512GB SSD/14""","laptop","Asus","118999.72","Type: Refurbished. Model: ZenBook; Storage Type: SSD; GPU: Unknown; Screen: 14.0; Touch: No","","AMD Ryzen 7","16","512.0"
"3006","ASUS Zenbook 14 UM425UAZ-AM008T AMD Ryzen 7 5700U/16GB/512GB SSD/14""","laptop","Asus","65946.85","Type: Refurbished. Model: ZenBook; Storage Type: SSD; GPU: Unknown; Screen: 14.0; Touch: No","","AMD Ryzen 7","16","512.0"
"3007","Acer Aspire 3 A315-23-R90Q AMD Ryzen 7 3700U/8GB/512GB SSD/15.6""","laptop","Acer","75687.72","Type: Refurbished. Model: Aspire; Storage Type: SSD; GPU: Unknown; Screen: 15.6; Touch: No","","AMD Ryzen 7","8","512.0"
"3008","Acer Aspire 3 A315-34-C92E Intel Celeron N4020/4GB/128GB SSD/15.6""","laptop","Acer","28601.08","Type: Refurbished. Model: Aspire; Storage Type: SSD; GPU: Unknown; Screen: 15.6; Touch: No","","Intel Celeron","4","128.0"
"3009","Acer Aspire 3 A315-56-304W Intel Core i3-1005G1/8GB/256GB SSD/15.6""","laptop","Acer","34318.26","Type: Refurbished. Model: Aspire; Storage Type: SSD; GPU: Unknown; Screen: 15.6; Touch: No","","Intel Core i3","8","256.0"
"3010","Acer Aspire 3 A315-56-52KD Intel Core i5-1035G1/12GB/512GB SSD/15.6""","laptop","Acer","51679.88","Type: Refurbished. Model: Aspire; Storage Type: SSD; GPU: Unknown; Screen: 15.6; Touch: No","","Intel Core i5","12","512.0"
"3011","Acer Aspire 3 A315-56-57QZ Intel Core i5-1035G1/12GB/512GB SSD/15.6""","laptop","Acer","40441.5","Type: Refurbished. Model: Aspire; Storage Type: SSD; GPU: Unknown; Screen: 15.6; Touch: No","","Intel Core i5","12","512.0"
"3012","Acer Aspire 3 A315-56-58CJ Intel Core i5-1035G1/12GB/256GB SSD/15.6""","laptop","Acer","42363.47","Type: Refurbished. Model: Aspire; Storage Type: SSD; GPU: Unknown; Screen: 15.6; Touch: No","","Intel Core i5","12","256.0"
"3013","Acer Aspire 3 A315-56-75WC Intel Core i7-1065G7/8GB/512GB SSD/15.6""","laptop","Acer","51522.87","Type: Refurbished. Model: Aspire; Storage Type: SSD; GPU: Unknown; Screen: 15.6; Touch: No","","Intel Core i7","8","512.0"
"3014","Acer Aspire 3 A315-58-39L1 Intel Core i3-1115G4/8GB/256GB SSD/15.6""","laptop","Acer","61611.32","Type: Refurbished. Model: Aspire; Storage Type: SSD; GPU: Unknown; Screen: 15.6; Touch: No","","Intel Core i3","8","256.0"
"3015","Acer Aspire 3 A315-59-56GV Intel Core i5-1235U/8GB/512GB SSD/15.6"" + Microsoft 365 Personal 12 Meses Descarga Digital","laptop","Acer","87814.0","Type: New. Model: Aspire; Storage Type: SSD; GPU: Unknown; Screen: 15.6; Touch: No","","Intel Core i5","8","512.0"
"3016","Acer Aspire 5 A514-53-37D2 Intel Core i3-1005G1/8GB/512GB SSD/14""","laptop","Acer","36191.51","Type: Refurbished. Model: Aspire; Storage Type: SSD; GPU: Unknown; Screen: 14.0; Touch: No","","Intel Core i3","8","512.0"
"3017","Acer Aspire 5 A515-54-735N Intel Core i7-10510U/8GB/512GB SSD/15.6""","laptop","Acer","63980.49","Type: Refurbished. Model: Aspire; Storage Type: SSD; GPU: Unknown; Screen: 15.6; Touch: No","","Intel Core i7","8","512.0"
"3018","Acer Chromebook 314 CB314-1HT-C2D1 Intel Celeron N4020/8GB/128GB eMMC/14"" TÃ¡ctil","laptop","Acer","48617.72","Type: Refurbished. Model: Chromebook; Storage Type: eMMC; GPU: Unknown; Screen: 14.0; Touch: Yes","","Intel Celeron","8","128.0"
"3019","Acer Chromebook 315 Intel Celeron N4020/8GB/128GB eMMC/15.6""","laptop","Acer","43203.72","Type: Refurbished. Model: Chromebook; Storage Type: eMMC; GPU: Unknown; Screen: 15.6; Touch: No","","Intel Celeron","8","128.0"
"3020","Acer ConceptD 3 CN316-73G-75GM Intel Core i7-11800H/16GB/512GB SSD/RTX 3050 Ti/16""","laptop","Acer","205623.72","Type: Refurbished. Model: ConceptD; Storage Type: SSD; GPU: RTX 3050; Screen: 16.0; Touch: No","","Intel Core i7","16","512.0"
"3021","Acer Extensa 15 EX215-52-78J5 Intel Core i7-1065G7/8GB/512GB SSD/15.6""","laptop","Acer","45865.24","Type: Refurbished. Model: Extensa; Storage Type: SSD; GPU: Unknown; Screen: 15.6; Touch: No","","Intel Core i7","8","512.0"
"3022","Acer Nitro 5 AN515-44-R9E2 AMD Ryzen 7 4800H/16GB/512GB SSD/GTX 1650Ti/15.6""","laptop","Acer","72604.99","Type: Refurbished. Model: Nitro; Storage Type: SSD; GPU: GTX 1650; Screen: 15.6; Touch: No","","AMD Ryzen 7","16","512.0"
"3023","Acer Nitro 5 AN515-55-598S Intel Core i5-10300H/8GB/256GB SSD/GTX 1650/15.6""","laptop","Acer","51713.45","Type: Refurbished. Model: Nitro; Storage Type: SSD; GPU: GTX 1650; Screen: 15.6; Touch: No","","Intel Core i5","8","256.0"
"3024","Acer Nitro 5 AN515-55-72GW Intel Core i7-10750H/16GB/512GB SSD/GTX 1650Ti/15.6""","laptop","Acer","73114.99","Type: Refurbished. Model: Nitro; Storage Type: SSD; GPU: GTX 1650; Screen: 15.6; Touch: No","","Intel Core i7","16","512.0"
"3025","Acer Nitro 5 AN515-57-505V Intel Core i5-11400H/16GB/512GB SSD/RTX 3050Ti/15.6""","laptop","Acer","72189.19","Type: Refurbished. Model: Nitro; Storage Type: SSD; GPU: RTX 3050; Screen: 15.6; Touch: No","","Intel Core i5","16","512.0"
"3026","Acer Nitro 5 AN515-57-73QK Intel Core i7-11800H/16GB/512GB SSD/RTX 3050/15.6""","laptop","Acer","95929.58","Type: Refurbished. Model: Nitro; Storage Type: SSD; GPU: RTX 3050; Screen: 15.6; Touch: No","","Intel Core i7","16","512.0"
"3027","Acer Nitro 5 AN515-57-75M9 Intel Core i7-11800H/16GB/512GB SSD/RTX 3050Ti/15.6""","laptop","Acer","129827.72","Type: Refurbished. Model: Nitro; Storage Type: SSD; GPU: RTX 3050; Screen: 15.6; Touch: No","","Intel Core i7","16","512.0"
"3028","Acer Nitro 5 AN515-58-730H Intel Core i7-12700H/16GB/1TB SSD/RTX 3060/15.6""","laptop","Acer","173139.72","Type: Refurbished. Model: Nitro; Storage Type: SSD; GPU: RTX 3060; Screen: 15.6; Touch: No","","Intel Core i7","16","1000.0"
"3029","Acer Nitro 5 AN517-41-R37U AMD Ryzen 7 5800H/16GB/1TB SSD/RTX3070/17.3""","laptop","Acer","131520.14","Type: Refurbished. Model: Nitro; Storage Type: SSD; GPU: RTX 3070; Screen: 17.3; Touch: No","","AMD Ryzen 7","16","1000.0"
"3030","Acer Nitro 5 AN517-52-73SP Intel Core i7-10750H/16GB/1TB SSD/RTX3060/17.3""","laptop","Acer","104602.81","Type: Refurbished. Model: Nitro; Storage Type: SSD; GPU: RTX 3060; Screen: 17.3; Touch: No","","Intel Core i7","16","1000.0"
"3031","Acer Porsche Design Book RS AP714-51T Intel Evo Core i5-1135G7/8GB/512GB SSD/14"" TÃ¡ctil","laptop","Acer","162311.72","Type: Refurbished. Model: Book; Storage Type: SSD; GPU: Unknown; Screen: 14.0; Touch: Yes","","Intel Evo Core i5","8","512.0"
"3032","Acer Predator Helios 300 PH315-53-72T7 Intel Core i7-10750H/16GB/1TB SSD/RTX 3060/15.6""","laptop","Acer","99037.22","Type: Refurbished. Model: Predator; Storage Type: SSD; GPU: RTX 3060; Screen: 15.6; Touch: No","","Intel Core i7","16","1000.0"
"3033","Acer Predator Helios 300 PH315-54-76XV Intel Core i7-11800H/16GB/1TB SSD/RTX 3060/15.6""","laptop","Acer","118922.84","Type: Refurbished. Model: Predator; Storage Type: SSD; GPU: RTX 3060; Screen: 15.6; Touch: No","","Intel Core i7","16","1000.0"
"3034","Acer Predator Helios 300 PH315-54-784L Intel Core i7-11800H/32GB/1TB SSD/RTX3070/15.6""","laptop","Acer","145603.03","Type: Refurbished. Model: Predator; Storage Type: SSD; GPU: RTX 3070; Screen: 15.6; Touch: No","","Intel Core i7","32","1000.0"
"3035","Acer Predator Triton 500 SE PT516-51s-74PZ Intel Core i7-11800H/32GB/1TB SSD/RTX 3060/16""","laptop","Acer","189608.03","Type: Refurbished. Model: Predator; Storage Type: SSD; GPU: RTX 3060; Screen: 16.0; Touch: No","","Intel Core i7","32","1000.0"
"3036","Apple MacBook Air Intel Core i3/8GB/256GB SSD/13.3"" Gris Espacial","laptop","Apple","76878.8","Type: Refurbished. Model: MacBook Air; Storage Type: SSD; GPU: Unknown; Screen: 13.3; Touch: No","","Intel Core i3","8","256.0"
"3037","Apple MacBook Air Intel Core i3/8GB/256GB SSD/13.3"" Oro","laptop","Apple","78759.62","Type: Refurbished. Model: MacBook Air; Storage Type: SSD; GPU: Unknown; Screen: 13.3; Touch: No","","Intel Core i3","8","256.0"
"3038","Apple MacBook Air Intel Core i3/8GB/256GB SSD/13.3"" Plata","laptop","Apple","83092.99","Type: Refurbished. Model: MacBook Air; Storage Type: SSD; GPU: Unknown; Screen: 13.3; Touch: No","","Intel Core i3","8","256.0"
"3039","Apple MacBook Air Intel Core i5 1.6GHz/8GB/128GB SSD/13.3"" Retina Oro","laptop","Apple","67773.53","Type: Refurbished. Model: MacBook Air; Storage Type: SSD; GPU: Unknown; Screen: 13.3; Touch: No","","Intel Core i5","8","128.0"
"3040","Apple MacBook Air Intel Core i5/8 GB/256GB SSD/13.3"" Gris Espacial","laptop","Apple","94593.41","Type: Refurbished. Model: MacBook Air; Storage Type: SSD; GPU: Unknown; Screen: 13.3; Touch: No","","Intel Core i5","8","256.0"
"3041","Apple MacBook Air Intel Core i5/8GB/128GB SSD/13.3"" Gris Espacial","laptop","Apple","80684.84","Type: Refurbished. Model: MacBook Air; Storage Type: SSD; GPU: Unknown; Screen: 13.3; Touch: No","","Intel Core i5","8","128.0"
"3042","Apple MacBook Air Intel Core i5/8GB/128GB SSD/13.3"" Plata","laptop","Apple","71275.31","Type: Refurbished. Model: MacBook Air; Storage Type: SSD; GPU: Unknown; Screen: 13.3; Touch: No","","Intel Core i5","8","128.0"
"3043","Apple MacBook Air Intel Core i5/8GB/256 GB SSD/13.3"" Plata","laptop","Apple","118900.1","Type: Refurbished. Model: MacBook Air; Storage Type: SSD; GPU: Unknown; Screen: 13.3; Touch: No","","Intel Core i5","8","256.0"
"3044","Apple MacBook Air Intel Core i5/8GB/256GB SSD/13.3"" Gris Espacial","laptop","Apple","81751.4","Type: Refurbished. Model: MacBook Air; Storage Type: SSD; GPU: Unknown; Screen: 13.3; Touch: No","","Intel Core i5","8","256.0"
"3045","Apple MacBook Air Intel Core i5/8GB/512GB SSD/13.3"" Gris Espacial","laptop","Apple","110446.68","Type: Refurbished. Model: MacBook Air; Storage Type: SSD; GPU: Unknown; Screen: 13.3; Touch: No","","Intel Core i5","8","512.0"
"3046","Apple MacBook Air i5/4GB/256GB/13.3"" Plata","laptop","Apple","35082.72","Type: Refurbished. Model: MacBook Air; Storage Type: Unknown; GPU: Unknown; Screen: 13.3; Touch: No","","Intel Core i5","4","256.0"
"3047","Apple MacBook Intel Core M3/8GB/256GB/12"" Plata","laptop","Apple","66492.58","Type: Refurbished. Model: Macbook; Storage Type: Unknown; GPU: Unknown; Screen: 12.0; Touch: No","","Intel Core M3","8","256.0"
"3048","Apple MacBook Pro 2021 Apple M1 Pro/16GB/1TB SSD/14.2"" Gris Espacial","laptop","Apple","270701.08","Type: Refurbished. Model: MacBook Pro; Storage Type: SSD; GPU: Unknown; Screen: 14.2; Touch: No","","Apple M1 Pro","16","1000.0"
"3049","Apple MacBook Pro Apple M1 Pro/16GB/1TB SSD/16.2"" Gris Espacial","laptop","Apple","322566.12","Type: Refurbished. Model: MacBook Pro; Storage Type: SSD; GPU: Unknown; Screen: 16.2; Touch: No","","Apple M1 Pro","16","1000.0"
"3050","Apple MacBook Pro Apple M1 Pro/16GB/1TB SSD/16.2"" Plata","laptop","Apple","319426.0","Type: Refurbished. Model: MacBook Pro; Storage Type: SSD; GPU: Unknown; Screen: 16.2; Touch: No","","Apple M1 Pro","16","1000.0"
"3051","Apple MacBook Pro Apple M1 Pro/16GB/512GB SSD/14.2"" Plata","laptop","Apple","270701.08","Type: Refurbished. Model: MacBook Pro; Storage Type: SSD; GPU: Unknown; Screen: 14.2; Touch: No","","Apple M1 Pro","16","512.0"
"3052","Apple MacBook Pro Apple M1 Pro/32GB/1TB SSD/14.2"" Gris Espacial","laptop","Apple","270701.08","Type: Refurbished. Model: MacBook Pro; Storage Type: SSD; GPU: Unknown; Screen: 14.2; Touch: No","","Apple M1 Pro","32","1000.0"
"3053","Apple MacBook Pro Apple M1/16GB/1TB SSD/13.3"" Gris Espacial","laptop","Apple","216451.72","Type: Refurbished. Model: MacBook Pro; Storage Type: SSD; GPU: Unknown; Screen: 13.3; Touch: No","","Apple M1","16","1000.0"
"3054","Apple MacBook Pro Apple M1/8GB/256GB SSD/13.3"" Plata","laptop","Apple","111502.41","Type: Refurbished. Model: MacBook Pro; Storage Type: SSD; GPU: Unknown; Screen: 13.3; Touch: No","","Apple M1","8","256.0"
"3055","Apple MacBook Pro Intel Core i5 1.4GHz/8GB/128GB SSD/13.3"" Gris Espacial","laptop","Apple","98155.82","Type: Refurbished. Model: MacBook Pro; Storage Type: SSD; GPU: Unknown; Screen: 13.3; Touch: No","","Intel Core i5","8","128.0"
"3056","Apple MacBook Pro Intel Core i5 1.4GHz/8GB/128GB SSD/13.3"" Plata","laptop","Apple","98155.82","Type: Refurbished. Model: MacBook Pro; Storage Type: SSD; GPU: Unknown; Screen: 13.3; Touch: No","","Intel Core i5","8","128.0"
"3057","Apple MacBook Pro Intel Core i5 2.4GHz/8GB/256GB SSD/13.3"" Gris Espacial","laptop","Apple","82798.47","Type: Refurbished. Model: MacBook Pro; Storage Type: SSD; GPU: Unknown; Screen: 13.3; Touch: No","","Intel Core i5","8","256.0"
"3058","Apple MacBook Pro Intel Core i5 2.4GHz/8GB/256GB SSD/13.3"" Gris Espacial Refurbished","laptop","Apple","100337.66","Type: Refurbished. Model: MacBook Pro; Storage Type: SSD; GPU: Unknown; Screen: 13.3; Touch: No","","Intel Core i5","8","256.0"
"3059","Apple MacBook Pro Intel Core i5 2.4GHz/8GB/256GB SSD/13.3"" Plata","laptop","Apple","82798.47","Type: Refurbished. Model: MacBook Pro; Storage Type: SSD; GPU: Unknown; Screen: 13.3; Touch: No","","Intel Core i5","8","256.0"
"3060","Apple MacBook Pro Intel Core i5 2.4GHz/8GB/512GB SSD/13.3"" Gris Espacial","laptop","Apple","87106.93","Type: Refurbished. Model: MacBook Pro; Storage Type: SSD; GPU: Unknown; Screen: 13.3; Touch: No","","Intel Core i5","8","512.0"
"3061","Apple MacBook Pro Intel Core i5 2.4GHz/8GB/512GB SSD/13.3"" Plata","laptop","Apple","111257.7","Type: Refurbished. Model: MacBook Pro; Storage Type: SSD; GPU: Unknown; Screen: 13.3; Touch: No","","Intel Core i5","8","512.0"
"3062","Apple MacBook Pro Intel Core i5/16GB/1TB SSD/13.3"" Gris Espacial","laptop","Apple","161481.21","Type: Refurbished. Model: MacBook Pro; Storage Type: SSD; GPU: Unknown; Screen: 13.3; Touch: No","","Intel Core i5","16","1000.0"
"3063","Apple MacBook Pro Intel Core i5/16GB/1TB SSD/13.3"" Plata","laptop","Apple","161481.21","Type: Refurbished. Model: MacBook Pro; Storage Type: SSD; GPU: Unknown; Screen: 13.3; Touch: No","","Intel Core i5","16","1000.0"
"3064","Apple MacBook Pro Intel Core i5/16GB/512GB SSD/13.3"" Plata","laptop","Apple","140736.93","Type: Refurbished. Model: MacBook Pro; Storage Type: SSD; GPU: Unknown; Screen: 13.3; Touch: No","","Intel Core i5","16","512.0"
"3065","Apple MacBook Pro Intel Core i5/8GB/256GB SSD/13.3"" Gris Espacial","laptop","Apple","88399.79","Type: Refurbished. Model: MacBook Pro; Storage Type: SSD; GPU: Unknown; Screen: 13.3; Touch: No","","Intel Core i5","8","256.0"
"3066","Apple MacBook Pro Intel Core i5/8GB/256GB SSD/13.3"" Plata","laptop","Apple","125064.48","Type: Refurbished. Model: MacBook Pro; Storage Type: SSD; GPU: Unknown; Screen: 13.3; Touch: No","","Intel Core i5","8","256.0"
"3067","Apple MacBook Pro Intel Core i5/8GB/512GB SSD/13.3"" Gris Espacial","laptop","Apple","115138.46","Type: Refurbished. Model: MacBook Pro; Storage Type: SSD; GPU: Unknown; Screen: 13.3; Touch: No","","Intel Core i5","8","512.0"
"3068","Apple MacBook Pro Intel Core i5/8GB/512GB SSD/13.3"" Plata","laptop","Apple","140736.93","Type: Refurbished. Model: MacBook Pro; Storage Type: SSD; GPU: Unknown; Screen: 13.3; Touch: No","","Intel Core i5","8","512.0"
"3069","Apple MacBook Pro Intel Core i7 2.6GHz/16GB/256GB SSD/Radeon Pro 555X/15.4"" Plata","laptop","Apple","121084.11","Type: Refurbished. Model: MacBook Pro; Storage Type: SSD; GPU: Unknown; Screen: 15.4; Touch: No","","Intel Core i7","16","256.0"
"3070","Apple MacBook Pro Intel Core i9 2.3GHz/16GB/512GB SSD/Radeon Pro 560X/15.4"" Gris Espacial","laptop","Apple","152745.18","Type: Refurbished. Model: MacBook Pro; Storage Type: SSD; GPU: Radeon Pro RX 560X; Screen: 15.4; Touch: No","","Intel Core i9","16","512.0"
"3071","Apple MacBook Pro Intel Core i9 2.3GHz/16GB/512GB SSD/Radeon Pro 560X/15.4"" Plata","laptop","Apple","152745.18","Type: Refurbished. Model: MacBook Pro; Storage Type: SSD; GPU: Radeon Pro RX 560X; Screen: 15.4; Touch: No","","Intel Core i9","16","512.0"
"3072","Apple MacBook Pro Touch Bar Intel Core i7/16Gb/1TB SSD/13.3"" Gris Espacial","laptop","Apple","176767.1","Type: Refurbished. Model: MacBook Pro; Storage Type: SSD; GPU: Unknown; Screen: 13.3; Touch: No","","Intel Core i7","16","1000.0"
"3073","Apple Macbook Air Apple M2/8 GB/256GB SSD/GPU Octa Core/13.6"" Midnight","laptop","Apple","164477.32","Type: Refurbished. Model: MacBook Air; Storage Type: SSD; GPU: Unknown; Screen: 13.6; Touch: No","","Apple M2","8","256.0"
"3074","Apple Macbook Pro Intel CoreÂ i9/32GB/2TB SSD/RadeonÂ Pro 5500M/Layout USA/16"" Gris Espacial","laptop","Apple","293590.39","Type: Refurbished. Model: MacBook Pro; Storage Type: SSD; GPU: Radeon Pro 5500M; Screen: 16.0; Touch: No","","Intel Core i9","32","2000.0"
"3075","Asus Chromebook 14 C424MA-EB0088 Intel Celeron N4020/8GB/64GB eMMC/14""","laptop","Asus","43203.72","Type: Refurbished. Model: Chromebook; Storage Type: eMMC; GPU: Unknown; Screen: 14.0; Touch: No","","Intel Celeron","8","64.0"
"3076","Asus E510MA-BQ509TS Intel Celeron N4020/4GB/128GB eMMC/15.6""","laptop","Asus","32375.72","Type: Refurbished. Model: E510; Storage Type: eMMC; GPU: Unknown; Screen: 15.6; Touch: No","","Intel Celeron","4","128.0"
"3077","Asus ExpertBook B1 B1500CEAE-EJ0609T Intel Core i5-1135G7/8GB/1TB SSD/15.6""","laptop","Asus","75687.72","Type: Refurbished. Model: ExpertBook; Storage Type: SSD; GPU: Unknown; Screen: 15.6; Touch: No","","Intel Core i5","8","1000.0"
"3078","Asus ExpertBook L1500CDA-EJ0480R AMD Ryzen 3 3250U/8GB/256GB SSD/15.6""","laptop","Asus","50783.32","Type: Refurbished. Model: ExpertBook; Storage Type: SSD; GPU: Unknown; Screen: 15.6; Touch: No","","AMD Ryzen 3","8","256.0"
"3079","Asus F415JA-EK395 Intel Core i5-1035G1/8GB/512GB SSD/14""","laptop","Asus","43661.74","Type: Refurbished. Model: F415; Storage Type: SSD; GPU: Unknown; Screen: 14.0; Touch: No","","Intel Core i5","8","512.0"
"3080","Asus F515JA-BQ1126T Intel Core i7-1065G7/8GB/512GB SSD/15.6""","laptop","Asus","75687.72","Type: Refurbished. Model: F515; Storage Type: SSD; GPU: Unknown; Screen: 15.6; Touch: No","","Intel Core i7","8","512.0"
"3081","Asus P1411CJA-BV377R Intel Core i5-1035G1/8GB/256GB SSD/14""","laptop","Asus","59445.72","Type: Refurbished. Model: P1411; Storage Type: SSD; GPU: Unknown; Screen: 14.0; Touch: No","","Intel Core i5","8","256.0"
"3082","Asus ROG Flow X13 GV301QH-K5254T AMD Ryzen 9 5980HS/32GB/1TB SSD/GTX 1650+RTX 3080/13.4"" TÃ¡ctil","laptop","Asus","227279.72","Type: Refurbished. Model: ROG; Storage Type: SSD; GPU: RTX 3080; Screen: 13.4; Touch: Yes","","AMD Ryzen 9","32","1000.0"
"3083","Asus ROG G513QM-HF026 AMD Ryzen 7 5800H/16GB/1TB SSD/RTX3060/15.6""","laptop","Asus","110536.56","Type: Refurbished. Model: ROG; Storage Type: SSD; GPU: RTX 3060; Screen: 15.6; Touch: No","","AMD Ryzen 7","16","1000.0"
"3084","Asus ROG G513QM-HF246 AMD Ryzen 7 5800H/16GB/1TB SSD/RTX3060/15.6""","laptop","Asus","128168.87","Type: Refurbished. Model: ROG; Storage Type: SSD; GPU: RTX 3060; Screen: 15.6; Touch: No","","AMD Ryzen 7","16","1000.0"
"3085","Asus ROG G513QM-HF326 AMD Ryzen 9 5900HX/16GB/1TB SSD/RTX3060/15.6""","laptop","Asus","140655.72","Type: Refurbished. Model: ROG; Storage Type: SSD; GPU: RTX 3060; Screen: 15.6; Touch: No","","AMD Ryzen 9","16","1000.0"
"3086","Asus ROG Strix G15 G512LW-HN038 Intel Core i7-10750H/16GB/512GB SSD/RTX 2070/15.6""","laptop","Asus","119794.5","Type: Refurbished. Model: ROG; Storage Type: SSD; GPU: RTX 2070; Screen: 15.6; Touch: No","","Intel Core i7","16","512.0"
"3087","Asus ROG Strix SCAR 15 G533QS-HF009T AMD Ryzen 9 5900HX/32GB/1TB SSD/RTX 3080/15.6""","laptop","Asus","224279.28","Type: Refurbished. Model: ROG; Storage Type: SSD; GPU: RTX 3080; Screen: 15.6; Touch: No","","AMD Ryzen 9","32","1000.0"
"3088","Asus ROG Strix SCAR 17 G733QR-K4008T AMD Ryzen 9 5900HX/32GB/1TB SSD/RTX 3070/17.3""","laptop","Asus","209157.98","Type: Refurbished. Model: ROG; Storage Type: SSD; GPU: RTX 3070; Screen: 17.3; Touch: No","","AMD Ryzen 9","32","1000.0"
"3089","Asus ROG Zephyrus G14 GA401II-HE004 AMD Ryzen 7 4800HS/16GB/1TB SSD/GTX 1650Ti/14""","laptop","Asus","83569.42","Type: Refurbished. Model: ROG; Storage Type: SSD; GPU: GTX 1650; Screen: 14.0; Touch: No","","AMD Ryzen 7","16","1000.0"
"3090","Asus ROG Zephyrus G14 GA401II-HE004T AMD Ryzen 7 4800HS/16GB/1TB SSD/GTX 1650Ti/14""","laptop","Asus","92264.31","Type: Refurbished. Model: ROG; Storage Type: SSD; GPU: GTX 1650; Screen: 14.0; Touch: No","","AMD Ryzen 7","16","1000.0"
"3091","Asus ROG Zephyrus G14 GA401IU-HA134T AMD Ryzen 9 4900HS/16GB/1TB SSD/GTX 1660/14""","laptop","Asus","151483.72","Type: Refurbished. Model: ROG; Storage Type: SSD; GPU: GTX 1660; Screen: 14.0; Touch: No","","AMD Ryzen 9","16","1000.0"
"3092","Asus ROG Zephyrus G14 GA402RK-L8150W AMD Ryzen 9 6900HS/32GB/1TB SSD/RX 6800S/14""","laptop","Asus","303075.72","Type: Refurbished. Model: ROG; Storage Type: SSD; GPU: RX 6800S; Screen: 14.0; Touch: No","","AMD Ryzen 9","32","1000.0"
"3093","Asus ROG Zephyrus S17 GX701LXS-HG032T Intel Core i7-10875H/32GB/1TB SSD/RTX 2080/17.3""","laptop","Asus","194134.13","Type: Refurbished. Model: ROG; Storage Type: SSD; GPU: RTX 2080; Screen: 17.3; Touch: No","","Intel Core i7","32","1000.0"
"3094","Asus ROG Zephyrus S17 GX703HS-KF015T Intel Core i9-11900H/32GB/3TB SSD/RTX 3080/17.3""","laptop","Asus","378872.8","Type: Refurbished. Model: ROG; Storage Type: SSD; GPU: RTX 3080; Screen: 17.3; Touch: No","","Intel Core i9","32","3000.0"
"3095","Asus Rog Strix G15 G512LU-HN161 Intel Core i7-10750H/16GB/1TB SSD/GTX 1660Ti/15.6""","laptop","Asus","95306.97","Type: Refurbished. Model: ROG; Storage Type: SSD; GPU: GTX 1660; Screen: 15.6; Touch: No","","Intel Core i7","16","1000.0"
"3096","Asus Rog Strix G15 G512LV-HN221 Intel Core i7-10870H/16GB/1TB SSD/RTX2060/15.6""","laptop","Asus","92713.67","Type: Refurbished. Model: ROG; Storage Type: SSD; GPU: RTX 2060; Screen: 15.6; Touch: No","","Intel Core i7","16","1000.0"
"3097","Asus Rog Strix G15 G513QR-HF010T AMD Ryzen 7 5800H/16GB/1TB SSD/RTX 3070/15.6""","laptop","Asus","162311.72","Type: Refurbished. Model: ROG; Storage Type: SSD; GPU: RTX 3070; Screen: 15.6; Touch: No","","AMD Ryzen 7","16","1000.0"
"3098","Asus Rog Strix G15 G513QR-HF120 AMD Ryzen 7 5800H/32GB/1TB SSD/RTX 3070/15.6""","laptop","Asus","151325.63","Type: Refurbished. Model: ROG; Storage Type: SSD; GPU: RTX 3070; Screen: 15.6; Touch: No","","AMD Ryzen 7","32","1000.0"
"3099","Asus Rog Strix G17 G713QR-HG053 AMD Ryzen 9 5900HX/32GB/1TB SSD/RTX 3070/17.3""","laptop","Asus","216451.72","Type: Refurbished. Model: ROG; Storage Type: SSD; GPU: RTX 3070; Screen: 17.3; Touch: No","","AMD Ryzen 9","32","1000.0"
"3100","Asus Rog Strix G531GT-BQ165 Intel Core i7-9750H/16GB/512GB SSD/GTX1650/15.6""","laptop","Asus","88295.84","Type: Refurbished. Model: ROG; Storage Type: SSD; GPU: GTX 1650; Screen: 15.6; Touch: No","","Intel Core i7","16","512.0"
"3101","Asus Rog Strix G731GW-EV178 Intel Core i7-9750H/32GB/1TB SSD/RTX 2070/17.3""","laptop","Asus","158715.74","Type: Refurbished. Model: ROG; Storage Type: SSD; GPU: RTX 2070; Screen: 17.3; Touch: No","","Intel Core i7","32","1000.0"
"3102","Asus Rog Strix SCAR 17 G732LXS-HG066T Intel Core i9-10980HK/32GB/1TB SSD/RTX 2080 SUPER/17.3""","laptop","Asus","191681.59","Type: Refurbished. Model: ROG; Storage Type: SSD; GPU: RTX 2080; Screen: 17.3; Touch: No","","Intel Core i9","32","1000.0"
"3103","Asus Rog Strix SCAR 17 G733QS-K4170T AMD Ryzen 9 5900HX/64GB/1TB+1TB SSD/RTX 3080/17.3""","laptop","Asus","310903.28","Type: Refurbished. Model: ROG; Storage Type: SSD; GPU: RTX 3080; Screen: 17.3; Touch: No","","AMD Ryzen 9","64","1000.0"
"3104","Asus Rog Strix SCAR17 G732LXS-HG014T Intel Core i7-10875H/32GB/1TB SSD/RTX2080 SUPER/17.3""","laptop","Asus","170188.01","Type: Refurbished. Model: ROG; Storage Type: SSD; GPU: RTX 2080; Screen: 17.3; Touch: No","","Intel Core i7","32","1000.0"
"3105","Asus Rog Strix Scar17 G732LWS-HG053T Intel Core i9-10980HK/32GB/1TB SSD/RTX2070SUPER/17.3""","laptop","Asus","201545.9","Type: Refurbished. Model: ROG; Storage Type: SSD; GPU: RTX 2070; Screen: 17.3; Touch: No","","Intel Core i9","32","1000.0"
"3106","Asus Rog Zephyrus G14 GA401IU-HE002 AMD Ryzen 7 4800HS APU/16GB/1TB SSD/GTX1660Ti/14""","laptop","Asus","92535.01","Type: Refurbished. Model: ROG; Storage Type: SSD; GPU: GTX 1660; Screen: 14.0; Touch: No","","AMD Ryzen 7","16","1000.0"
"3107","Asus Rog Zephyrus G15 GA502IV-HN024 AMD Ryzen 7 4800HS APU/16GB/1TB SSD/RTX2060/15.6""","laptop","Asus","118143.23","Type: Refurbished. Model: ROG; Storage Type: SSD; GPU: RTX 2060; Screen: 15.6; Touch: No","","AMD Ryzen 7","16","1000.0"
"3108","Asus Rog Zephyrus M15 GU502LV-AZ057T Intel Core i7-10750H/16GB/512GB SSD/RTX2060/15.6""","laptop","Asus","115566.16","Type: Refurbished. Model: ROG; Storage Type: SSD; GPU: RTX 2060; Screen: 15.6; Touch: No","","Intel Core i7","16","512.0"
"3109","Asus Rog Zephyrus M15 GU502LW-HN071T Intel Core i7-10750H/16GB/1TB SSD/RTX2070/15.6""","laptop","Asus","137633.63","Type: Refurbished. Model: ROG; Storage Type: SSD; GPU: RTX 2070; Screen: 15.6; Touch: No","","Intel Core i7","16","1000.0"
"3110","Asus Rog Zephyrus S GX701GWR-H6063T Intel Core i7-9750H/16GB/512GB SSD/RTX2070/17.3""","laptop","Asus","178520.15","Type: Refurbished. Model: ROG; Storage Type: SSD; GPU: RTX 2070; Screen: 17.3; Touch: No","","Intel Core i7","16","512.0"
"3111","Asus TUF Dash F15 FX516PM-HN023 Intel Core i7-11370H/16GB/512GB SSD/RTX 3060/15.6""","laptop","Asus","102090.72","Type: Refurbished. Model: TUF; Storage Type: SSD; GPU: RTX 3060; Screen: 15.6; Touch: No","","Intel Core i7","16","512.0"
"3112","Asus TUF Dash F15 FX516PM-HN024 Intel Core i7-11370H/16GB/1TB SSD/RTX 3060/15.6""","laptop","Asus","89914.63","Type: Refurbished. Model: TUF; Storage Type: SSD; GPU: RTX 3060; Screen: 15.6; Touch: No","","Intel Core i7","16","1000.0"
"3113","Asus TUF Gaming A15 FA506IV-HN337 AMD Ryzen 7 4800H/16GB/1TB SSD/RTX 2060/15.6""","laptop","Asus","82025.35","Type: Refurbished. Model: TUF; Storage Type: SSD; GPU: RTX 2060; Screen: 15.6; Touch: No","","AMD Ryzen 7","16","1000.0"
"3114","Asus TUF Gaming A15 FA506QM-HN005 AMD Ryzen 7 5800H/16 GB/1TB SSD/RTX3060/15.6''","laptop","Asus","127244.16","Type: Refurbished. Model: TUF; Storage Type: SSD; GPU: RTX 3060; Screen: 15.6; Touch: No","","AMD Ryzen 7","16","1000.0"
"3115","Asus TUF Gaming A15 FA507RR-HN003 AMD Ryzen 7 6800H/16GB/1TB SSD/RTX 3070/15.6""","laptop","Asus","216451.72","Type: Refurbished. Model: TUF; Storage Type: SSD; GPU: RTX 3070; Screen: 15.6; Touch: No","","AMD Ryzen 7","16","1000.0"
"3116","Asus TUF Gaming A17 FA706QM-HX001 AMD Ryzen 7 5800H/16GB/1TB SSD/RTX 3060/17.3""","laptop","Asus","137540.5","Type: Refurbished. Model: TUF; Storage Type: SSD; GPU: RTX 3060; Screen: 17.3; Touch: No","","AMD Ryzen 7","16","1000.0"
"3117","Asus TUF Gaming F15 FX506LH-BQ116 Intel Core i7-10870H/16GB/1TB SSD/GTX1650/15.6""","laptop","Asus","70619.13","Type: Refurbished. Model: TUF; Storage Type: SSD; GPU: GTX 1650; Screen: 15.6; Touch: No","","Intel Core i7","16","1000.0"
"3118","Asus TUF Gaming F15 FX506LH-HN129 Intel Core i7-10870H/16GB/512GB SSD/GTX1650/15.6""","laptop","Asus","65627.43","Type: Refurbished. Model: TUF; Storage Type: SSD; GPU: GTX 1650; Screen: 15.6; Touch: No","","Intel Core i7","16","512.0"
"3119","Asus TUF Gaming F15 FX506LH-HN129T Intel Core i7-10870H/16GB/512GB SSD/GTX1650/15.6""","laptop","Asus","86054.45","Type: Refurbished. Model: TUF; Storage Type: SSD; GPU: GTX 1650; Screen: 15.6; Touch: No","","Intel Core i7","16","512.0"
"3120","Asus TUF Gaming FX505DV-AL014 AMD Ryzen 7 3750H/16GB/512GB SSD/RTX 2060/15.6""","laptop","Asus","82952.23","Type: Refurbished. Model: TUF; Storage Type: SSD; GPU: RTX 2060; Screen: 15.6; Touch: No","","AMD Ryzen 7","16","512.0"
"3121","Asus TUF Gaming FX505DV-AL116 AMD Ryzen 7 3750H/16GB/1TB SSD/RTX 2060/15.6""","laptop","Asus","92437.55","Type: Refurbished. Model: TUF; Storage Type: SSD; GPU: RTX 2060; Screen: 15.6; Touch: No","","AMD Ryzen 7","16","1000.0"
"3122","Asus Tuf Gaming A15 FA506II-BQ029 AMD Ryzen 7 4800H/16GB/1TB SSD/GTX 1650Ti/15.6""","laptop","Asus","70099.39","Type: Refurbished. Model: TUF; Storage Type: SSD; GPU: GTX 1650; Screen: 15.6; Touch: No","","AMD Ryzen 7","16","1000.0"
"3123","Asus Tuf Gaming A15 FA506IU-HN278 AMD Ryzen 7 4800H APU/16GB/1TB SSD/GTX 1660Ti/15.6""","laptop","Asus","85074.51","Type: Refurbished. Model: TUF; Storage Type: SSD; GPU: GTX 1660; Screen: 15.6; Touch: No","","AMD Ryzen 7","16","1000.0"
"3124","Asus VivoBook 14 M413DA-EB462 AMD Ryzen 7 3700U/8GB/512GB SSD/14""","laptop","Asus","53678.73","Type: Refurbished. Model: VivoBook; Storage Type: SSD; GPU: Unknown; Screen: 14.0; Touch: No","","AMD Ryzen 7","8","512.0"
"3125","Asus VivoBook 15 F515JA-EJ066 Intel Core i3-1005G1/8GB/256GB SSD/15.6""","laptop","Asus","39395.51","Type: Refurbished. Model: VivoBook; Storage Type: SSD; GPU: Unknown; Screen: 15.6; Touch: No","","Intel Core i3","8","256.0"
"3126","Asus VivoBook 15 OLED K513EA-L12437T Intel Core i7-1165G7/12GB/512GB SSD/15.6""","laptop","Asus","86515.72","Type: Refurbished. Model: VivoBook; Storage Type: SSD; GPU: Unknown; Screen: 15.6; Touch: No","","Intel Core i7","12","512.0"
"3127","Asus VivoBook 15 X513EA-BQ003T Intel Core i5-1135G7/8GB/512GB SSD/15.6""","laptop","Asus","59552.92","Type: Refurbished. Model: VivoBook; Storage Type: SSD; GPU: Unknown; Screen: 15.6; Touch: No","","Intel Core i5","8","512.0"
"3128","Asus VivoBook 15 X513EA-BQ004T Intel Core i5-1135G7/8GB/512GB SSD/15.6""","laptop","Asus","75687.72","Type: Refurbished. Model: VivoBook; Storage Type: SSD; GPU: Unknown; Screen: 15.6; Touch: No","","Intel Core i5","8","512.0"
"3129","Asus VivoBook S14 S433EA-EB1149T Intel Core i7-1165G7/16GB/512GB SSD/14""","laptop","Asus","86515.72","Type: Refurbished. Model: VivoBook; Storage Type: SSD; GPU: Unknown; Screen: 14.0; Touch: No","","Intel Core i7","16","512.0"
"3130","Asus VivoBook S15 S533EA-BN246T Intel Core i7-1165G7/16GB/512GB SSD/15.6""","laptop","Asus","86515.72","Type: Refurbished. Model: VivoBook; Storage Type: SSD; GPU: Unknown; Screen: 15.6; Touch: No","","Intel Core i7","16","512.0"
"3131","Asus VivoBook S433EA-AM423T Intel Core i5-1135G7/8GB/512GB SSD/14""","laptop","Asus","75687.72","Type: Refurbished. Model: VivoBook; Storage Type: SSD; GPU: Unknown; Screen: 14.0; Touch: No","","Intel Core i5","8","512.0"
"3132","Asus VivoBook S433EQ-EB048T Intel Core i7-1165G7/16GB/512GB SSD/MX350/14""","laptop","Asus","108171.72","Type: Refurbished. Model: VivoBook; Storage Type: SSD; GPU: Unknown; Screen: 14.0; Touch: No","","Intel Core i7","16","512.0"
"3133","Asus ZenBook 14 UX425EA-BM020T Intel Core i7-1165G7/16GB/512GB SSD/14""","laptop","Asus","91929.72","Type: Refurbished. Model: ZenBook; Storage Type: SSD; GPU: Unknown; Screen: 14.0; Touch: No","","Intel Core i7","16","512.0"
"3134","Asus ZenBook Flip S 13 UX371EA-HL259T Intel Evo Core i7-1165G7/16GB/512GB SSD/13.3"" TÃ¡ctil","laptop","Asus","119106.92","Type: Refurbished. Model: ZenBook; Storage Type: SSD; GPU: Unknown; Screen: 13.3; Touch: Yes","","Intel Evo Core i7","16","512.0"
"3135","Asus Zenbook 14 UM425IA-AM006T AMD Ryzen 7 4700U/16GB/512GB SSD/14""","laptop","Asus","86515.72","Type: Refurbished. Model: ZenBook; Storage Type: SSD; GPU: Unknown; Screen: 14.0; Touch: No","","AMD Ryzen 7","16","512.0"
"3136","Asus Zenbook 14 UM431DA-AM011R AMD Ryzen R5 3500U/8GB/512GB SSD/14""","laptop","Asus","61886.35","Type: Refurbished. Model: ZenBook; Storage Type: SSD; GPU: Unknown; Screen: 14.0; Touch: No","","AMD Ryzen 5","8","512.0"
"3137","Asus Zenbook 14 UX425EA-HM165T Intel Core i7-1165G7/16GB/512GB SSD/14""","laptop","Asus","102866.0","Type: Refurbished. Model: ZenBook; Storage Type: SSD; GPU: Unknown; Screen: 14.0; Touch: No","","Intel Core i7","16","512.0"
"3138","Asus Zenbook 14 UX425EA-KI359T Intel Core i7-1165G7/16GB/512GB SSD/14""","laptop","Asus","91929.72","Type: Refurbished. Model: ZenBook; Storage Type: SSD; GPU: Unknown; Screen: 14.0; Touch: No","","Intel Core i7","16","512.0"
"3139","Dell Latitude 3400 Intel Core i5-8265U/8GB/256GB SSD/14""","laptop","Dell","62715.78","Type: Refurbished. Model: Latitude; Storage Type: SSD; GPU: Unknown; Screen: 14.0; Touch: No","","Intel Core i5","8","256.0"
"3140","Dell Latitude 5480 Intel Core i5-7300U/8GB/256GB SSD/14""","laptop","Dell","52948.92","Type: Refurbished. Model: Latitude; Storage Type: SSD; GPU: Unknown; Screen: 14.0; Touch: No","","Intel Core i5","8","256.0"
"3141","Dell Latitude 5490 Intel Core i5-8250U/8GB/256GB SSD/14""","laptop","Dell","54031.72","Type: Refurbished. Model: Latitude; Storage Type: SSD; GPU: Unknown; Screen: 14.0; Touch: No","","Intel Core i5","8","256.0"
"3142","Dell Latitude E5470 Intel Core i5-6300U/8GB/240GB SSD/14""","laptop","Dell","54031.72","Type: Refurbished. Model: Latitude; Storage Type: SSD; GPU: Unknown; Screen: 14.0; Touch: No","","Intel Core i5","8","240.0"
"3143","Dell Latitude E5550 Intel Core i5-5300U/8GB/128GB SSD/15.6""","laptop","Dell","52948.92","Type: Refurbished. Model: Latitude; Storage Type: SSD; GPU: Unknown; Screen: 15.6; Touch: No","","Intel Core i5","8","128.0"
"3144","Dell Latitude E7470 Intel Core i5-6300U/16GB/256GB SSD/14""","laptop","Dell","57280.12","Type: Refurbished. Model: Latitude; Storage Type: SSD; GPU: Unknown; Screen: 14.0; Touch: No","","Intel Core i5","16","256.0"
"3145","Dell Latitude E7470 Intel Core i5-6300U/8GB/256GB SSD/14""","laptop","Dell","56198.4","Type: Refurbished. Model: Latitude; Storage Type: SSD; GPU: Unknown; Screen: 14.0; Touch: No","","Intel Core i5","8","256.0"
"3146","Dell Vostro 3515 AMD Ryzen 5 3450U/8 GB/256GB SSD/15.6""","laptop","Dell","66867.23","Type: Refurbished. Model: Vostro; Storage Type: SSD; GPU: Unknown; Screen: 15.6; Touch: No","","AMD Ryzen 5","8","256.0"
"3147","Dell Vostro 5301 Intel Core i5-1135G7/8GB/256GB SSD/13.3""","laptop","Dell","45557.73","Type: Refurbished. Model: Vostro; Storage Type: SSD; GPU: Unknown; Screen: 13.3; Touch: No","","Intel Core i5","8","256.0"
"3148","Dell Vostro 5301 Intel Core i5-1135G7/8GB/512GB SSD/13.3""","laptop","Dell","55394.97","Type: Refurbished. Model: Vostro; Storage Type: SSD; GPU: Unknown; Screen: 13.3; Touch: No","","Intel Core i5","8","512.0"
"3149","Dell Vostro 5502 Intel Core i5-1135G7/8GB/512GB SSD/15.6""","laptop","Dell","59546.42","Type: Refurbished. Model: Vostro; Storage Type: SSD; GPU: Unknown; Screen: 15.6; Touch: No","","Intel Core i5","8","512.0"
"3150","Dell XPS 13 9300 Intel Core i5-1035G1/8GB/512GB SSD/13.4""","laptop","Dell","75687.72","Type: Refurbished. Model: XPS; Storage Type: SSD; GPU: Unknown; Screen: 13.4; Touch: No","","Intel Core i5","8","512.0"
"3151","Dell XPS 7390 Intel Core i7-10510U/16GB/512GB SSD/13.3""","laptop","Dell","117687.37","Type: Refurbished. Model: XPS; Storage Type: SSD; GPU: Unknown; Screen: 13.3; Touch: No","","Intel Core i7","16","512.0"
"3152","Dynabook Toshiba Satellite Pro C50-G-10S Intel Core i7-10510U/8GB/256GB SSD/15.6""","laptop","Dynabook Toshiba","46299.45","Type: Refurbished. Model: Satellite Pro; Storage Type: SSD; GPU: Unknown; Screen: 15.6; Touch: No","","Intel Core i7","8","256.0"
"3153","Dynabook Toshiba Satellite Pro C50-H-114 Intel Core i7-1065G7/8GB/512GB SSD/15.6""","laptop","Dynabook Toshiba","44123.02","Type: Refurbished. Model: Satellite Pro; Storage Type: SSD; GPU: Unknown; Screen: 15.6; Touch: No","","Intel Core i7","8","512.0"
"3154","Dynabook Toshiba Tecra A40-J-17N Intel Core i5-1135G7/8GB/256GB SSD/14""","laptop","Dynabook Toshiba","96260.92","Type: Refurbished. Model: Tecra; Storage Type: SSD; GPU: Unknown; Screen: 14.0; Touch: No","","Intel Core i5","8","256.0"
"3155","Gigabyte A7 X1-CES1130SH AMD Ryzen 9 5900HX/16GB/512GB SSD/RTX3070/17.3""","laptop","Gigabyte","140318.97","Type: Refurbished. Model: A7; Storage Type: SSD; GPU: RTX 3070; Screen: 17.3; Touch: No","","AMD Ryzen 9","16","512.0"
"3156","Gigabyte AERO 15 OLED KC-8ES5130VP Intel Core i7-10870H/16GB/512GB SSD/RTX 3060/15.6""","laptop","Gigabyte","144411.95","Type: Refurbished. Model: Aero; Storage Type: SSD; GPU: RTX 3060; Screen: 15.6; Touch: No","","Intel Core i7","16","512.0"
"3157","Gigabyte AERO 15 OLED KD-72ES624SP Intel Core i7-11800H/16GB/1TB SSD/RTX 3060/15.6""","laptop","Gigabyte","128125.56","Type: Refurbished. Model: Aero; Storage Type: SSD; GPU: RTX 3060; Screen: 15.6; Touch: No","","Intel Core i7","16","1000.0"
"3158","Gigabyte AERO 15 OLED WB-8ES5130SD Intel Core i7-10875H/16GB/512GB SSD/RTX 2070/15.6""","laptop","Gigabyte","122198.31","Type: Refurbished. Model: Aero; Storage Type: SSD; GPU: RTX 2070; Screen: 15.6; Touch: No","","Intel Core i7","16","512.0"
"3159","Gigabyte AERO 15 OLED WB-9ES5150SP Intel Core i9-10980HK/16GB/1TB SSD/RTX 2070 Max Q/15.6""","laptop","Gigabyte","142240.94","Type: Refurbished. Model: Aero; Storage Type: SSD; GPU: RTX 2070; Screen: 15.6; Touch: No","","Intel Core i9","16","1000.0"
"3160","Gigabyte AERO 15 OLED XA-7ES5130SD Intel Core i7-9750H/16GB/512GB SSD/RTX 2070/15.6""","laptop","Gigabyte","120292.58","Type: Refurbished. Model: Aero; Storage Type: SSD; GPU: RTX 2070; Screen: 15.6; Touch: No","","Intel Core i7","16","512.0"
"3161","Gigabyte AERO 15 OLED XD-73ES624SR Intel Core i7-11800H/16GB/1TB SSD/RTX 3070/15.6""","laptop","Gigabyte","205623.72","Type: Refurbished. Model: Aero; Storage Type: SSD; GPU: RTX 3070; Screen: 15.6; Touch: No","","Intel Core i7","16","1000.0"
"3162","Gigabyte AERO 15 OLED XD-73ES644SP Intel Core i7-11800H/32GB/1TB SSD/RTX 3070/15.6""","laptop","Gigabyte","168666.67","Type: Refurbished. Model: Aero; Storage Type: SSD; GPU: RTX 3070; Screen: 15.6; Touch: No","","Intel Core i7","32","1000.0"
"3163","Gigabyte AERO 15 XA-7ES2130SH Intel Core i7-9750H/16GB/512GB SSD/RTX 2070Q/15.6""","laptop","Gigabyte","173809.97","Type: Refurbished. Model: Aero; Storage Type: SSD; GPU: RTX 2070; Screen: 15.6; Touch: No","","Intel Core i7","16","512.0"
"3164","Gigabyte AERO 15 XB-7ES1130SH Intel Core i7-10750H/16GB/512GB SSD/RTX 2070 SUPER/15.6""","laptop","Gigabyte","136864.84","Type: Refurbished. Model: Aero; Storage Type: SSD; GPU: RTX 2070; Screen: 15.6; Touch: No","","Intel Core i7","16","512.0"
"3165","Gigabyte AERO 16 YE5-94ES948HP Intel Core i9-12900HK/32GB/2TB SSD/RTX 3080Ti/16""","laptop","Gigabyte","411355.72","Type: Refurbished. Model: Aero; Storage Type: SSD; GPU: RTX 3080; Screen: 16.0; Touch: No","","Intel Core i9","32","2000.0"
"3166","Gigabyte AERO 17 HDR WB-8ES4130SH Intel Core i7-10875H/16GB/512GB SSD/RTX 2070/17.3""","laptop","Gigabyte","244478.92","Type: Refurbished. Model: Aero; Storage Type: SSD; GPU: RTX 2070; Screen: 17.3; Touch: No","","Intel Core i7","16","512.0"
"3167","Gigabyte AORUS 15G KB-7ES1130MD Intel Core i7-10750H/16GB/512GB SSD/RTX 2060/15.6""","laptop","Gigabyte","87543.3","Type: Refurbished. Model: Aorus; Storage Type: SSD; GPU: RTX 2060; Screen: 15.6; Touch: No","","Intel Core i7","16","512.0"
"3168","Gigabyte AORUS 15G WB-8ES2130MD Intel Core i7-10875H/16GB/512GB SSD/RTX 2070/15.6""","laptop","Gigabyte","104613.64","Type: Refurbished. Model: Aorus; Storage Type: SSD; GPU: RTX 2070; Screen: 15.6; Touch: No","","Intel Core i7","16","512.0"
"3169","Gigabyte AORUS 15G XB-8ES2130MD Intel Core i7-10875H/16GB/512GB SSD/RTX 2070 SUPER/15.6""","laptop","Gigabyte","113254.38","Type: Refurbished. Model: Aorus; Storage Type: SSD; GPU: RTX 2070; Screen: 15.6; Touch: No","","Intel Core i7","16","512.0"
"3170","Gigabyte AORUS 15P KB-7ES1130SD Intel Core i7-10750/16GB/512GB SSD/RTX 2060/15.6""","laptop","Gigabyte","101316.51","Type: Refurbished. Model: Aorus; Storage Type: SSD; GPU: RTX 2060; Screen: 15.6; Touch: No","","Intel Core i7","16","512.0"
"3171","Gigabyte AORUS 15P KC-8ES2130SH Intel Core i7-10870H/16GB/512GB SSD/RTX 3060/15.6""","laptop","Gigabyte","112962.03","Type: Refurbished. Model: Aorus; Storage Type: SSD; GPU: RTX 3060; Screen: 15.6; Touch: No","","Intel Core i7","16","512.0"
"3172","Gigabyte AORUS 15P KD-72ES224SH Intel Core i7-11800H/16GB/1TB SSD/RTX 3060/15.6""","laptop","Gigabyte","173139.72","Type: Refurbished. Model: Aorus; Storage Type: SSD; GPU: RTX 3060; Screen: 15.6; Touch: No","","Intel Core i7","16","1000.0"
"3173","Gigabyte AORUS 15P XC-8ES2430SH Intel Core i7-10870H/32GB/512GB SSD/RTX 3070/15.6""","laptop","Gigabyte","140865.78","Type: Refurbished. Model: Aorus; Storage Type: SSD; GPU: RTX 3070; Screen: 15.6; Touch: No","","Intel Core i7","32","512.0"
"3174","Gigabyte AORUS 15P XD Intel Core i7-11800H/16GB/1TB SSD/RTX 3070/15.6""","laptop","Gigabyte","183967.72","Type: Refurbished. Model: Aorus; Storage Type: SSD; GPU: RTX 3070; Screen: 15.6; Touch: No","","Intel Core i7","16","1000.0"
"3175","Gigabyte AORUS 15P XD-73ES324SH Intel Core i7-11800H/16GB/1TB SSD/RTX 3070/15.6""","laptop","Gigabyte","141282.66","Type: Refurbished. Model: Aorus; Storage Type: SSD; GPU: RTX 3070; Screen: 15.6; Touch: No","","Intel Core i7","16","1000.0"
"3176","Gigabyte AORUS 17 YE5-74ES544SH Intel Core i7-12700H/32GB/1TB SSD/RTX 3080Ti/17.3""","laptop","Gigabyte","335559.72","Type: Refurbished. Model: Aorus; Storage Type: SSD; GPU: RTX 3080; Screen: 17.3; Touch: No","","Intel Core i7","32","1000.0"
"3177","Gigabyte AORUS 17G XC-8ES6430RH Intel Core i7-10870H/32GB/512GB SSD/RTX 3070/17.3""","laptop","Gigabyte","160080.07","Type: Refurbished. Model: Aorus; Storage Type: SSD; GPU: RTX 3070; Screen: 17.3; Touch: No","","Intel Core i7","32","512.0"
"3178","Gigabyte AORUS 5 KE4-72ES314SO Intel Core i7-12700H/16GB/1TB SSD/RTX 3060/15.6""","laptop","Gigabyte","183967.72","Type: Refurbished. Model: Aorus; Storage Type: SSD; GPU: RTX 3060; Screen: 15.6; Touch: No","","Intel Core i7","16","1000.0"
"3179","Gigabyte Aorus 15-SA-7ES0250D Intel Core i7-9750H/16GB/512GB SSD/GTX 1660Ti/15.6""","laptop","Gigabyte","90439.79","Type: Refurbished. Model: Aorus; Storage Type: SSD; GPU: GTX 1660; Screen: 15.6; Touch: No","","Intel Core i7","16","512.0"
"3180","HP 15S-EQ2127NS AMD Ryzen 3 5300U/8GB/256GB SSD/15.6""","laptop","HP","48617.72","Type: Refurbished. Model: 15S; Storage Type: SSD; GPU: Unknown; Screen: 15.6; Touch: No","","AMD Ryzen 3","8","256.0"
"3181","HP 15S-FQ1169NS Intel Core i5-1035G1/8GB/512GB SSD/15.6""","laptop","HP","44144.67","Type: Refurbished. Model: 15S; Storage Type: SSD; GPU: Unknown; Screen: 15.6; Touch: No","","Intel Core i5","8","512.0"
"3182","HP 15S-FQ4052NS Intel Core i5-1155G7/8GB/512GB SSD/15.6""","laptop","HP","60148.46","Type: Refurbished. Model: 15S; Storage Type: SSD; GPU: Unknown; Screen: 15.6; Touch: No","","Intel Core i5","8","512.0"
"3183","HP 15S-fq2005ns Intel Core i5-1135G7/8GB/512GB SSD/15.6""","laptop","HP","45615.12","Type: Refurbished. Model: 15S; Storage Type: SSD; GPU: Unknown; Screen: 15.6; Touch: No","","Intel Core i5","8","512.0"
"3184","HP 15S-fq2095ns Intel Core i3-1115G4/8GB/256GB SSD/15.6""","laptop","HP","36223.99","Type: Refurbished. Model: 15S; Storage Type: SSD; GPU: Unknown; Screen: 15.6; Touch: No","","Intel Core i3","8","256.0"
"3185","HP 15S-fq2159ns Intel Core i3-1115G4/8GB/256GB SSD/15.6"" + Microsoft 365 Personal 12 Meses","laptop","HP","65936.02","Type: New. Model: 15S; Storage Type: SSD; GPU: Unknown; Screen: 15.6; Touch: No","","Intel Core i3","8","256.0"
"3186","HP 15S-fq4027ns Intel Core i5-1155G7/8GB/512GB SSD/15.6""","laptop","HP","51540.2","Type: Refurbished. Model: 15S; Storage Type: SSD; GPU: Unknown; Screen: 15.6; Touch: No","","Intel Core i5","8","512.0"
"3187","HP 250 G8 Intel Core i3-1115G4/8GB/512GB SSD/15.6""","laptop","HP","42520.47","Type: Refurbished. Model: 250; Storage Type: SSD; GPU: Unknown; Screen: 15.6; Touch: No","","Intel Core i3","8","512.0"
"3188","HP 255 G8 AMD Ryzen 5 3500U/8GB/256 GB SSD/15.6""","laptop","HP","44469.51","Type: Refurbished. Model: 255; Storage Type: SSD; GPU: Unknown; Screen: 15.6; Touch: No","","AMD Ryzen 5","8","256.0"
"3189","HP EliteBook 650 G9 Intel Core i7-1255U/8GB/512GB SSD/15.6""","laptop","HP","179100.53","Type: Refurbished. Model: EliteBook; Storage Type: SSD; GPU: Unknown; Screen: 15.6; Touch: No","","Intel Core i7","8","512.0"
"3190","HP EliteBook 830 G6 Intel Core i5-8265U/8GB/256GB SSD/13.3""","laptop","HP","78599.37","Type: Refurbished. Model: EliteBook; Storage Type: SSD; GPU: Unknown; Screen: 13.3; Touch: No","","Intel Core i5","8","256.0"
"3191","HP EliteBook 830 G8 Intel Core i5-1135G7/8GB/256GB SSD/13.3""","laptop","HP","181696.01","Type: Refurbished. Model: EliteBook; Storage Type: SSD; GPU: Unknown; Screen: 13.3; Touch: No","","Intel Core i5","8","256.0"
"3192","HP EliteBook 830 G8 Intel Core i7-1165G7/16GB/512GB SSD/13.3""","laptop","HP","210443.26","Type: Refurbished. Model: EliteBook; Storage Type: SSD; GPU: Unknown; Screen: 13.3; Touch: No","","Intel Core i7","16","512.0"
"3193","HP EliteBook 840 G4 Intel Core  i7-7500U/8GB/256GB SSD/14""","laptop","HP","58254.64","Type: Refurbished. Model: EliteBook; Storage Type: SSD; GPU: Unknown; Screen: 14.0; Touch: No","","Intel Core i7","8","256.0"
"3194","HP EliteBook 840 G8 Intel Core i7-1165G7/16GB/512GB SSD/14""","laptop","HP","182891.42","Type: Refurbished. Model: EliteBook; Storage Type: SSD; GPU: Unknown; Screen: 14.0; Touch: No","","Intel Core i7","16","512.0"
"3195","HP EliteBook 850 G6 Intel Core i5-8265U/8GB/256GB SSD/15.6""","laptop","HP","56305.6","Type: Refurbished. Model: EliteBook; Storage Type: SSD; GPU: Unknown; Screen: 15.6; Touch: No","","Intel Core i5","8","256.0"
"3196","HP EliteBook 850 G7 Intel Core i5-10210U/8GB/256GB SSD/15.6""","laptop","HP","116299.22","Type: Refurbished. Model: EliteBook; Storage Type: SSD; GPU: Unknown; Screen: 15.6; Touch: No","","Intel Core i5","8","256.0"
"3197","HP EliteBook 850 G8 Intel Core i7-1165G7/16GB/512GB SSD/15.6""","laptop","HP","204567.99","Type: Refurbished. Model: EliteBook; Storage Type: SSD; GPU: Unknown; Screen: 15.6; Touch: No","","Intel Core i7","16","512.0"
"3198","HP EliteBook x360 1030 G4 Intel Core i5-8265U/8GB/256GB SSD/13.3"" TÃ¡ctil","laptop","HP","93770.48","Type: Refurbished. Model: EliteBook; Storage Type: SSD; GPU: Unknown; Screen: 13.3; Touch: Yes","","Intel Core i5","8","256.0"
"3199","HP Essential 255 G8 AMD Ryzen 5 5500U/8GB/512GB SSD/15.6""","laptop","HP","64859.72","Type: Refurbished. Model: 255; Storage Type: SSD; GPU: Unknown; Screen: 15.6; Touch: No","","AMD Ryzen 5","8","512.0"
"3200","HP OMEN 15-DC0005NS Intel Core i7-8750H/8GB/1TB/GTX 1050/15.6""","laptop","HP","84966.23","Type: Refurbished. Model: Omen; Storage Type: Unknown; GPU: GTX 1050; Screen: 15.6; Touch: No","","Intel Core i7","8","1000.0"
"3201","HP OMEN 15-EN0004NS AMD Ryzen 7 4800H/16GB/1TB SSD/RTX 2060/15.6""","laptop","HP","93493.28","Type: Refurbished. Model: Omen; Storage Type: SSD; GPU: RTX 2060; Screen: 15.6; Touch: No","","AMD Ryzen 7","16","1000.0"
"3202","HP OMEN 16-C0045NS AMD Ryzen 9 5900HX/16GB/1TB SSD/RTX 3070/16.1""","laptop","HP","134525.99","Type: Refurbished. Model: Omen; Storage Type: SSD; GPU: RTX 3070; Screen: 16.1; Touch: No","","AMD Ryzen 9","16","1000.0"
"3203","HP OMEN 16-b0045ns Intel Core i7-11800H/16GB/1TB SSD/RTX 3060/16.1""","laptop","HP","162311.72","Type: Refurbished. Model: Omen; Storage Type: SSD; GPU: RTX 3060; Screen: 16.1; Touch: No","","Intel Core i7","16","1000.0"
"3204","HP OMEN 16-b0046ns Intel Core i7-11800H/32GB/1TB SSD/RTX 3060/16.1""","laptop","HP","129788.74","Type: Refurbished. Model: Omen; Storage Type: SSD; GPU: RTX 3060; Screen: 16.1; Touch: No","","Intel Core i7","32","1000.0"
"3205","HP OMEN 16-c0013ns AMD Ryzen 7 5800H/16GB/512GB SSD/RTX 3050Ti/16.1""","laptop","HP","89799.85","Type: Refurbished. Model: Omen; Storage Type: SSD; GPU: RTX 3050; Screen: 16.1; Touch: No","","AMD Ryzen 7","16","512.0"
"3206","HP OMEN 17-CB1005NS Intel Core i7-10750H/32GB/1TB SSD/RTX 2080 SUPER/17.3""","laptop","HP","140443.49","Type: Refurbished. Model: Omen; Storage Type: SSD; GPU: RTX 2080; Screen: 17.3; Touch: No","","Intel Core i7","32","1000.0"
"3207","HP OMEN 17-ck0014ns Intel Core i7-11800H/32GB/1TB SSD/RTX 3070/17.3""","laptop","HP","173945.32","Type: Refurbished. Model: Omen; Storage Type: SSD; GPU: RTX 3070; Screen: 17.3; Touch: No","","Intel Core i7","32","1000.0"
"3208","HP Omen 15-EK0004NS Intel Core i7-10750H/16GB/1TB SSD/RTX 2070/15.6""","laptop","HP","98734.04","Type: Refurbished. Model: Omen; Storage Type: SSD; GPU: RTX 2070; Screen: 15.6; Touch: No","","Intel Core i7","16","1000.0"
"3209","HP Omen 15-EN0002NS AMD Ryzen 7 4800H/16GB/1TB SSD/GTX 1650Ti/15.6""","laptop","HP","73288.24","Type: Refurbished. Model: Omen; Storage Type: SSD; GPU: GTX 1650; Screen: 15.6; Touch: No","","AMD Ryzen 7","16","1000.0"
"3210","HP Omen 15-en1004ns AMD Ryzen 7 5800H/16GB/1TB SSD/RTX 3070/15.6""","laptop","HP","129934.92","Type: Refurbished. Model: Omen; Storage Type: SSD; GPU: RTX 3070; Screen: 15.6; Touch: No","","AMD Ryzen 7","16","1000.0"
"3211","HP Omen 15-en1011ns AMD Ryzen 7 5800H/16GB/1TB SSD/RTX 3060/15.6""","laptop","HP","98799.0","Type: Refurbished. Model: Omen; Storage Type: SSD; GPU: RTX 3060; Screen: 15.6; Touch: No","","AMD Ryzen 7","16","1000.0"
"3212","HP Pavilion Gaming 15-EC1012NS AMD Ryzen 7 4800H/16GB/512GB SSD/GTX 1650Ti/15.6""","laptop","HP","67300.35","Type: Refurbished. Model: Pavilion; Storage Type: SSD; GPU: GTX 1650; Screen: 15.6; Touch: No","","AMD Ryzen 7","16","512.0"
"3213","HP Pavilion Gaming 16-A0008NS Intel Core i5-10300H/8GB/512GB SSD/GTX 1050/16.1""","laptop","HP","59053.75","Type: Refurbished. Model: Pavilion; Storage Type: SSD; GPU: GTX 1050; Screen: 16.1; Touch: No","","Intel Core i5","8","512.0"
"3214","HP Pavilion Gaming 16-A0010NS Intel Core i7-10750H/16GB/512GB SSD/GTX 1650Ti/16.1""","laptop","HP","69422.64","Type: Refurbished. Model: Pavilion; Storage Type: SSD; GPU: GTX 1650; Screen: 16.1; Touch: No","","Intel Core i7","16","512.0"
"3215","HP Pavilion Gaming 16-A0029NS Intel Core i7-10750H/16GB/512GB SSD/RTX 2060/16.1""","laptop","HP","77088.86","Type: Refurbished. Model: Pavilion; Storage Type: SSD; GPU: RTX 2060; Screen: 16.1; Touch: No","","Intel Core i7","16","512.0"
"3216","HP Pavilion Gaming 17-CD1000NS Intel Core i7-10750H/8GB/512GB SSD/GTX 1650/17.3""","laptop","HP","71830.79","Type: Refurbished. Model: Pavilion; Storage Type: SSD; GPU: GTX 1650; Screen: 17.3; Touch: No","","Intel Core i7","8","512.0"
"3217","HP Pavilion Laptop 14-CE3008NS Intel Core i5-1035G1/8GB/512GB SSD/MX130/14""","laptop","HP","61236.67","Type: Refurbished. Model: Pavilion; Storage Type: SSD; GPU: MX 130; Screen: 14.0; Touch: No","","Intel Core i5","8","512.0"
"3218","HP ProBook 430 G7 Intel Core i5-10210U/8GB/256GB SSD/13.3""","laptop","HP","81208.92","Type: Refurbished. Model: ProBook; Storage Type: SSD; GPU: Unknown; Screen: 13.3; Touch: No","","Intel Core i5","8","256.0"
"3219","HP ProBook 440 G8 Intel Core i5-1135G7/8GB/256GB SSD/14""","laptop","HP","144575.46","Type: Refurbished. Model: ProBook; Storage Type: SSD; GPU: Unknown; Screen: 14.0; Touch: No","","Intel Core i5","8","256.0"
"3220","HP ProBook 450 G6 Intel Core i5-8265U/8GB/256GB SSD/15.6""","laptop","HP","61718.52","Type: Refurbished. Model: ProBook; Storage Type: SSD; GPU: Unknown; Screen: 15.6; Touch: No","","Intel Core i5","8","256.0"
"3221","HP ProBook 450 G7 Intel Core i5-10210U/8GB/256GB SSD/15.6""","laptop","HP","111733.05","Type: Refurbished. Model: ProBook; Storage Type: SSD; GPU: Unknown; Screen: 15.6; Touch: No","","Intel Core i5","8","256.0"
"3222","HP ProBook 450 G8 Intel Core i5-1135G7/16GB/512GB SSD/15.6""","laptop","HP","140563.68","Type: Refurbished. Model: ProBook; Storage Type: SSD; GPU: Unknown; Screen: 15.6; Touch: No","","Intel Core i5","16","512.0"
"3223","HP ProBook 450 G8 Intel Core i7-1165G7/16GB/512GB SSD/15.6""","laptop","HP","173583.67","Type: Refurbished. Model: ProBook; Storage Type: SSD; GPU: Unknown; Screen: 15.6; Touch: No","","Intel Core i7","16","512.0"
"3224","HP Victus 16-d0031ns Intel Core i5-11400H/16GB/512GB SSD/GTX 1650/16.1""","laptop","HP","67651.18","Type: Refurbished. Model: Victus; Storage Type: SSD; GPU: GTX 1650; Screen: 16.1; Touch: No","","Intel Core i5","16","512.0"
"3225","HP Victus 16-e0030ns AMD Ryzen 5 5600H/16GB/512GB SSD/RTX 3050/16.1""","laptop","HP","79676.76","Type: Refurbished. Model: Victus; Storage Type: SSD; GPU: RTX 3050; Screen: 16.1; Touch: No","","AMD Ryzen 5","16","512.0"
"3226","HP ZBook Firefly 14 G8 Intel Core i7-1165G7/16GB/512GB SSD/14""","laptop","HP","175355.13","Type: Refurbished. Model: Zbook; Storage Type: SSD; GPU: Unknown; Screen: 14.0; Touch: No","","Intel Core i7","16","512.0"
"3227","HP ZBook Firefly 15 G8 Intel Core i7-1165G7/16 GB/512GB SSD/Quadro T500/15.6""","laptop","HP","289955.43","Type: Refurbished. Model: Zbook; Storage Type: SSD; GPU: T 500; Screen: 15.6; Touch: No","","Intel Core i7","16","512.0"
"3228","HP ZBook Fury G8 Intel Core i7-11800H/16 GB/512GB SSD/RTX A3000/15.6""","laptop","HP","416662.52","Type: Refurbished. Model: Zbook; Storage Type: SSD; GPU: RTX A3000; Screen: 15.6; Touch: No","","Intel Core i7","16","512.0"
"3229","HP ZBook Fury G8 Intel Core i9-11900H/32GB/1TB SSD/RTX A4000/15.6""","laptop","HP","520355.78","Type: Refurbished. Model: Zbook; Storage Type: SSD; GPU: Unknown; Screen: 15.6; Touch: No","","Intel Core i9","32","1000.0"
"3230","LG 15U70N Intel Core i7-10510U/16GB/512GB SSD/GTX1050/15.6""","laptop","LG","76255.11","Type: Refurbished. Model: 15U70N; Storage Type: SSD; GPU: GTX 1050; Screen: 15.6; Touch: No","","Intel Core i7","16","512.0"
"3231","LG Gram 13Z990-G Intel Core i5-8265U/8GB/256GB SSD/13.3""","laptop","LG","65946.85","Type: Refurbished. Model: Gram; Storage Type: SSD; GPU: Unknown; Screen: 13.3; Touch: No","","Intel Core i5","8","256.0"
"3232","LG Gram 14Z90P Intel Evo Core i5-1135G7/8GB/512GB SSD/14""","laptop","LG","75934.6","Type: Refurbished. Model: Gram; Storage Type: SSD; GPU: Unknown; Screen: 14.0; Touch: No","","Intel Evo Core i5","8","512.0"
"3233","LG Gram 17Z90P Intel Core i7-1165G7/32GB/1TB SSD/17""","laptop","LG","154211.29","Type: Refurbished. Model: Gram; Storage Type: SSD; GPU: Unknown; Screen: 17.0; Touch: No","","Intel Core i7","32","1000.0"
"3234","Lenovo IdeaPad 1 15ADA7 AMD Ryzen 5 3500U/8GB/512GB SSD/15.6""","laptop","Lenovo","61615.65","Type: Refurbished. Model: IdeaPad; Storage Type: SSD; GPU: Unknown; Screen: 15.6; Touch: No","","AMD Ryzen 5","8","512.0"
"3235","Lenovo IdeaPad 3 14IIL05 Intel Core i5-1035G1/8GB/512GB SSD/14""","laptop","Lenovo","75687.72","Type: Refurbished. Model: IdeaPad; Storage Type: SSD; GPU: Unknown; Screen: 14.0; Touch: No","","Intel Core i5","8","512.0"
"3236","Lenovo IdeaPad 3 14ITL6 Intel Core i5-1135G7/8GB/512GB SSD/14""","laptop","Lenovo","70273.72","Type: Refurbished. Model: IdeaPad; Storage Type: SSD; GPU: Unknown; Screen: 14.0; Touch: No","","Intel Core i5","8","512.0"
"3237","Lenovo IdeaPad 3 15ADA05 AMD 3020e/8GB/256GB SSD/15.6""","laptop","Lenovo","32375.72","Type: Refurbished. Model: IdeaPad; Storage Type: SSD; GPU: Unknown; Screen: 15.6; Touch: No","","AMD 3020e","8","256.0"
"3238","Lenovo IdeaPad 3 15ALC6 AMD Ryzen 5 5500U/16GB/512GB SSD/15.6""","laptop","Lenovo","109392.04","Type: Refurbished. Model: IdeaPad; Storage Type: SSD; GPU: Unknown; Screen: 15.6; Touch: No","","AMD Ryzen 5","16","512.0"
"3239","Lenovo IdeaPad 3 15ALC6 AMD Ryzen 5 5500U/8GB/512GB SSD/15.6""","laptop","Lenovo","77293.51","Type: Refurbished. Model: IdeaPad; Storage Type: SSD; GPU: Unknown; Screen: 15.6; Touch: No","","AMD Ryzen 5","8","512.0"
"3240","Lenovo IdeaPad 3 15IAU7 Intel Core i5-1235U/16GB/512GB SSD/15.6"" + Microsoft 365 Personal 12 Meses Descarga Digital","laptop","Lenovo","93228.0","Type: New. Model: IdeaPad; Storage Type: SSD; GPU: Unknown; Screen: 15.6; Touch: No","","Intel Core i5","16","512.0"
"3241","Lenovo IdeaPad 3 15IGL05 Intel Celeron N4020/8GB/256GB SSD/15.6""","laptop","Lenovo","52077.27","Type: Refurbished. Model: IdeaPad; Storage Type: SSD; GPU: Unknown; Screen: 15.6; Touch: No","","Intel Celeron","8","256.0"
"3242","Lenovo IdeaPad 3 15IIL05 Intel Core i3-1005G1/8GB/256GB SSD/15.6""","laptop","Lenovo","33251.71","Type: Refurbished. Model: IdeaPad; Storage Type: SSD; GPU: Unknown; Screen: 15.6; Touch: No","","Intel Core i3","8","256.0"
"3243","Lenovo IdeaPad 3i 15ITL6 Gen 6 Intel Core i3-1115G4/8GB/512GB SSD/15.6""","laptop","Lenovo","77938.86","Type: Refurbished. Model: IdeaPad; Storage Type: SSD; GPU: Unknown; Screen: 15.6; Touch: No","","Intel Core i3","8","512.0"
"3244","Lenovo IdeaPad 5 15IIL05 Intel Core i7-1065G7/16 GB/512GB SSD/15.6""","laptop","Lenovo","93863.6","Type: Refurbished. Model: IdeaPad; Storage Type: SSD; GPU: Unknown; Screen: 15.6; Touch: No","","Intel Core i7","16","512.0"
"3245","Lenovo IdeaPad 5 15IIL05 Intel Core i7-1065G7/8 GB/512GB SSD/15.6""","laptop","Lenovo","101159.51","Type: Refurbished. Model: IdeaPad; Storage Type: SSD; GPU: Unknown; Screen: 15.6; Touch: No","","Intel Core i7","8","512.0"
"3246","Lenovo IdeaPad 5 Pro 14ITL6 Intel Core i5-1135G7/16GB/512GB SSD/14""","laptop","Lenovo","108171.72","Type: Refurbished. Model: IdeaPad; Storage Type: SSD; GPU: Unknown; Screen: 14.0; Touch: No","","Intel Core i5","16","512.0"
"3247","Lenovo IdeaPad C340-14IML Intel Core i7-10510U/8GB/512GB SSD/14"" TÃ¡ctil","laptop","Lenovo","97343.72","Type: Refurbished. Model: IdeaPad; Storage Type: SSD; GPU: Unknown; Screen: 14.0; Touch: Yes","","Intel Core i7","8","512.0"
"3248","Lenovo IdeaPad C340-14IWL Intel Core i3-8145U/8GB/256GB SSD/14"" TÃ¡ctil","laptop","Lenovo","58166.93","Type: Refurbished. Model: IdeaPad; Storage Type: SSD; GPU: Unknown; Screen: 14.0; Touch: Yes","","Intel Core i3","8","256.0"
"3249","Lenovo IdeaPad Flex 5 14ALC05 AMD Ryzen 7 5700U/8GB/512GB SSD/14"" TÃ¡ctil","laptop","Lenovo","86515.72","Type: Refurbished. Model: IdeaPad; Storage Type: SSD; GPU: Unknown; Screen: 14.0; Touch: Yes","","AMD Ryzen 7","8","512.0"
"3250","Lenovo IdeaPad Gaming 3 15ACH6 AMD Ryzen 7 5800H/16 GB/1TB SSD/RTX3060/15.6""","laptop","Lenovo","135241.72","Type: Refurbished. Model: IdeaPad; Storage Type: SSD; GPU: RTX 3060; Screen: 15.6; Touch: No","","AMD Ryzen 7","16","1000.0"
"3251","Lenovo IdeaPad Gaming 3 15IMH05 Intel Core i7-10750H/16GB/512GB SSD/GTX1650/15.6""","laptop","Lenovo","97343.72","Type: Refurbished. Model: IdeaPad; Storage Type: SSD; GPU: GTX 1650; Screen: 15.6; Touch: No","","Intel Core i7","16","512.0"
"3252","Lenovo IdeaPad Intel Core i5-1135G7/8GB/512GB SSD/15.6""","laptop","Lenovo","86906.61","Type: Refurbished. Model: IdeaPad; Storage Type: SSD; GPU: Unknown; Screen: 15.6; Touch: No","","Intel Core i5","8","512.0"
"3253","Lenovo IdeaPad S145-15IIL Intel Core i7-1065G7/8GB/256GB SSD/15.6""","laptop","Lenovo","54355.48","Type: Refurbished. Model: IdeaPad; Storage Type: SSD; GPU: Unknown; Screen: 15.6; Touch: No","","Intel Core i7","8","256.0"
"3254","Lenovo Legion 5 15ACH6-258 AMD Ryzen 7 5800H/16GB/512GB SSD/RTX 3060/15.6'' (PT)","laptop","Lenovo","124526.33","Type: Refurbished. Model: Legion; Storage Type: SSD; GPU: RTX 3060; Screen: 15.6; Touch: No","","AMD Ryzen 7","16","512.0"
"3255","Lenovo Legion 5 15ACH6H AMD Ryzen 7 5800H/16 GB/512GB SSD/RTX3060/15.6""","laptop","Lenovo","140655.72","Type: Refurbished. Model: Legion; Storage Type: SSD; GPU: RTX 3060; Screen: 15.6; Touch: No","","AMD Ryzen 7","16","512.0"
"3256","Lenovo Legion 5 15ACH6H AMD Ryzen 7 5800H/16GB/1TB SSD/RTX 3060/15.6""","laptop","Lenovo","107851.21","Type: Refurbished. Model: Legion; Storage Type: SSD; GPU: RTX 3060; Screen: 15.6; Touch: No","","AMD Ryzen 7","16","1000.0"
"3257","Lenovo Legion 5 15IMH05H Intel Core i7-10750H/16GB/512GB SSD/RTX2060/15.6""","laptop","Lenovo","159768.22","Type: Refurbished. Model: Legion; Storage Type: SSD; GPU: RTX 2060; Screen: 15.6; Touch: No","","Intel Core i7","16","512.0"
"3258","Lenovo Legion 5 15ITH6H Intel Core i7-11800H/32GB/1TB SSD/RTX3070/15.6""","laptop","Lenovo","194795.72","Type: Refurbished. Model: Legion; Storage Type: SSD; GPU: RTX 3070; Screen: 15.6; Touch: No","","Intel Core i7","32","1000.0"
"3259","Lenovo Legion 5 Pro 16IAH7H Intel Core i7-12700H/16GB/1TB SSD/RTX3060/16""","laptop","Lenovo","251943.74","Type: Refurbished. Model: Legion; Storage Type: SSD; GPU: RTX 3060; Screen: 16.0; Touch: No","","Intel Core i7","16","1000.0"
"3260","Lenovo Legion 7 16IAX7 Intel Core i9-12900HX/32GB/1TB SSD/RTX 3080Ti/16""","laptop","Lenovo","361405.07","Type: Refurbished. Model: Legion; Storage Type: SSD; GPU: RTX 3080; Screen: 16.0; Touch: No","","Intel Core i9","32","1000.0"
"3261","Lenovo Legion Y540-15IRH Intel Core i7-9750H/16GB/1TB+256GB SSD/GTX1660Ti/15.6""","laptop","Lenovo","94803.47","Type: Refurbished. Model: Legion; Storage Type: SSD; GPU: GTX 1660; Screen: 15.6; Touch: No","","Intel Core i7","16","256.0"
"3262","Lenovo Legion Y540-15IRH-PG0 Intel Core i7-9750HF/16GB/1TB+512GB SSD/GTX1650/15.6""","laptop","Lenovo","93206.34","Type: Refurbished. Model: Legion; Storage Type: SSD; GPU: GTX 1650; Screen: 15.6; Touch: No","","Intel Core i7","16","512.0"
"3263","Lenovo ThinkBook 14 G2 ITL Intel Core i3-1115G4/8GB/256GB SSD/14""","laptop","Lenovo","77938.86","Type: Refurbished. Model: ThinkBook; Storage Type: SSD; GPU: Unknown; Screen: 14.0; Touch: No","","Intel Core i3","8","256.0"
"3264","Lenovo ThinkBook 14 G2 ITL Intel Core i5-1135G7/16GB/512GB SSD/14""","laptop","Lenovo","113585.72","Type: Refurbished. Model: ThinkBook; Storage Type: SSD; GPU: Unknown; Screen: 14.0; Touch: No","","Intel Core i5","16","512.0"
"3265","Lenovo ThinkBook 14 IIL Intel Core i3-1005G1/8GB/256GB SSD/14""","laptop","Lenovo","63375.2","Type: Refurbished. Model: ThinkBook; Storage Type: SSD; GPU: Unknown; Screen: 14.0; Touch: No","","Intel Core i3","8","256.0"
"3266","Lenovo ThinkBook 14 Intel Core i5-1135G7/16GB/512GB SSD/14""","laptop","Lenovo","105700.77","Type: Refurbished. Model: ThinkBook; Storage Type: SSD; GPU: Unknown; Screen: 14.0; Touch: No","","Intel Core i5","16","512.0"
"3267","Lenovo ThinkBook 15 AMD Ryzen 3 4300U/8GB/256GB SSD/15.6""","laptop","Lenovo","45346.58","Type: Refurbished. Model: ThinkBook; Storage Type: SSD; GPU: Unknown; Screen: 15.6; Touch: No","","AMD Ryzen 3","8","256.0"
"3268","Lenovo ThinkBook 15 G2 ITL Intel Core i5-1135G7/8GB/256GB SSD/15.6"" Gris","laptop","Lenovo","105083.57","Type: Refurbished. Model: ThinkBook; Storage Type: SSD; GPU: Unknown; Screen: 15.6; Touch: No","","Intel Core i5","8","256.0"
"3269","Lenovo ThinkBook 15 IIL Intel Core i3-1005G1/8GB/256GB SSD/15.6""","laptop","Lenovo","46169.51","Type: Refurbished. Model: ThinkBook; Storage Type: SSD; GPU: Unknown; Screen: 15.6; Touch: No","","Intel Core i3","8","256.0"
"3270","Lenovo ThinkPad E490 Intel Core i5-8265U/8GB/512GB SSD/14""","laptop","Lenovo","95563.6","Type: Refurbished. Model: ThinkPad; Storage Type: SSD; GPU: Unknown; Screen: 14.0; Touch: No","","Intel Core i5","8","512.0"
"3271","Lenovo ThinkPad E590 Intel Core i7-8565U/8GB/256GB SSD/15.6""","laptop","Lenovo","79685.42","Type: Refurbished. Model: ThinkPad; Storage Type: SSD; GPU: Unknown; Screen: 15.6; Touch: No","","Intel Core i7","8","256.0"
"3272","Lenovo ThinkPad L13 Yoga Gen 2 Intel Core  i5-1135G7/16GB/512GB SSD/13.3"" TÃ¡ctil","laptop","Lenovo","124721.24","Type: Refurbished. Model: ThinkPad; Storage Type: SSD; GPU: Unknown; Screen: 13.3; Touch: Yes","","Intel Core i5","16","512.0"
"3273","Lenovo ThinkPad L14 Intel Core i5-10210U/16GB/512GB SSD/14""","laptop","Lenovo","116299.22","Type: Refurbished. Model: ThinkPad; Storage Type: SSD; GPU: Unknown; Screen: 14.0; Touch: No","","Intel Core i5","16","512.0"
"3274","Lenovo ThinkPad L390 Intel Core i5-8265U/8GB/256GB SSD/13.3""","laptop","Lenovo","111686.49","Type: Refurbished. Model: ThinkPad; Storage Type: SSD; GPU: Unknown; Screen: 13.3; Touch: No","","Intel Core i5","8","256.0"
"3275","Lenovo ThinkPad L490 Intel Core i7-8565U/8GB/256GB SSD/14""","laptop","Lenovo","129827.72","Type: Refurbished. Model: ThinkPad; Storage Type: SSD; GPU: Unknown; Screen: 14.0; Touch: No","","Intel Core i7","8","256.0"
"3276","Lenovo ThinkPad L580 Intel Core i5-8250U/8GB/256GB SSD/15.6""","laptop","Lenovo","91665.52","Type: Refurbished. Model: ThinkPad; Storage Type: SSD; GPU: Unknown; Screen: 15.6; Touch: No","","Intel Core i5","8","256.0"
"3277","Lenovo ThinkPad L590 Intel Core i5-8265U/8GB/512GB SSD/15.6""","laptop","Lenovo","70555.25","Type: Refurbished. Model: ThinkPad; Storage Type: SSD; GPU: Unknown; Screen: 15.6; Touch: No","","Intel Core i5","8","512.0"
"3278","Lenovo ThinkPad P52s Intel Core i7-8550U/8GB/256GB SSD/Quadro P500/15.6""","laptop","Lenovo","95029.78","Type: Refurbished. Model: ThinkPad; Storage Type: SSD; GPU: P 500; Screen: 15.6; Touch: No","","Intel Core i7","8","256.0"
"3279","Lenovo ThinkPad T14 Gen 1 AMD Ryzen 7 PRO 4750U/16GB/512GB SSD/14""","laptop","Lenovo","155843.07","Type: Refurbished. Model: ThinkPad; Storage Type: SSD; GPU: Unknown; Screen: 14.0; Touch: No","","AMD Ryzen 7","16","512.0"
"3280","Lenovo ThinkPad T14 Intel Core i5-10210U/16GB/512GB SSD/14""","laptop","Lenovo","79910.64","Type: Refurbished. Model: ThinkPad; Storage Type: SSD; GPU: Unknown; Screen: 14.0; Touch: No","","Intel Core i5","16","512.0"
"3281","Lenovo ThinkPad T14 Intel Core i5-10210U/8GB/256GB SSD/14""","laptop","Lenovo","135556.81","Type: Refurbished. Model: ThinkPad; Storage Type: SSD; GPU: Unknown; Screen: 14.0; Touch: No","","Intel Core i5","8","256.0"
"3282","Lenovo ThinkPad T14s Gen 2 Intel Evo Core i7-1165G7/16GB/512GB SSD/14""","laptop","Lenovo","238755.23","Type: Refurbished. Model: ThinkPad; Storage Type: SSD; GPU: Unknown; Screen: 14.0; Touch: No","","Intel Evo Core i7","16","512.0"
"3283","Lenovo ThinkPad T470 Intel Core i5-7200U/8GB/256GB SSD/14""","laptop","Lenovo","51433.0","Type: Refurbished. Model: ThinkPad; Storage Type: SSD; GPU: Unknown; Screen: 14.0; Touch: No","","Intel Core i5","8","256.0"
"3284","Lenovo ThinkPad T480s Intel Core i7-8550U/8GB/256GB SSD/14""","laptop","Lenovo","83131.97","Type: Refurbished. Model: ThinkPad; Storage Type: SSD; GPU: Unknown; Screen: 14.0; Touch: No","","Intel Core i7","8","256.0"
"3285","Lenovo ThinkPad T490S Intel Core i7-8565U/8GB/256GB SSD/14""","laptop","Lenovo","91726.15","Type: Refurbished. Model: ThinkPad; Storage Type: SSD; GPU: Unknown; Screen: 14.0; Touch: No","","Intel Core i7","8","256.0"
"3286","Lenovo ThinkPad T490s Intel Core i7-8565U/16GB/512GB SSD/14""","laptop","Lenovo","97326.4","Type: Refurbished. Model: ThinkPad; Storage Type: SSD; GPU: Unknown; Screen: 14.0; Touch: No","","Intel Core i7","16","512.0"
"3287","Lenovo ThinkPad T580 Intel Core i5-8250U/8GB/256GB SSD/15.6""","laptop","Lenovo","86840.56","Type: Refurbished. Model: ThinkPad; Storage Type: SSD; GPU: Unknown; Screen: 15.6; Touch: No","","Intel Core i5","8","256.0"
"3288","Lenovo ThinkPad X1 Carbon Intel Core i7-8550U/8GB/512GB SSD/14""","laptop","Lenovo","63595.01","Type: Refurbished. Model: ThinkPad; Storage Type: SSD; GPU: Unknown; Screen: 14.0; Touch: No","","Intel Core i7","8","512.0"
"3289","Lenovo ThinkPad X1 Extreme Gen 4 Intel Core i7-11800H/16GB/512GB SSD/RTX 3050 Ti/16""","laptop","Lenovo","241256.5","Type: Refurbished. Model: ThinkPad; Storage Type: SSD; GPU: RTX 3050; Screen: 16.0; Touch: No","","Intel Core i7","16","512.0"
"3290","Lenovo ThinkPad X1 Yoga Intel Core i7-8650U/16GB/512GB SSD/14"" TÃ¡ctil","laptop","Lenovo","108171.72","Type: Refurbished. Model: ThinkPad; Storage Type: SSD; GPU: Unknown; Screen: 14.0; Touch: Yes","","Intel Core i7","16","512.0"
"3291","Lenovo ThinkPad X13 Yoga Gen 1 Intel Core i5-10210U/16GB/512GB SSD/13.3"" TÃ¡ctil","laptop","Lenovo","192630.12","Type: Refurbished. Model: ThinkPad; Storage Type: SSD; GPU: Unknown; Screen: 13.3; Touch: Yes","","Intel Core i5","16","512.0"
"3292","Lenovo V14 G2 ALC AMD Ryzen 5 5500U/8GB/256GB SSD/14""","laptop","Lenovo","80084.97","Type: Refurbished. Model: V14; Storage Type: SSD; GPU: Unknown; Screen: 14.0; Touch: No","","AMD Ryzen 5","8","256.0"
"3293","Lenovo V14 G2 ITL Intel Core i5-1135G7/8 GB/256GB SSD/14""","laptop","Lenovo","73191.87","Type: Refurbished. Model: V14; Storage Type: SSD; GPU: Unknown; Screen: 14.0; Touch: No","","Intel Core i5","8","256.0"
"3294","Lenovo V15 ADA AMD 3020E/8GB/256GB SSD/15.6""","laptop","Lenovo","48270.14","Type: Refurbished. Model: V15; Storage Type: SSD; GPU: Unknown; Screen: 15.6; Touch: No","","AMD 3020e","8","256.0"
"3295","Lenovo V15 G2 ITL Intel Core i5-1135G7/16GB/512GB SSD/15.6""","laptop","Lenovo","99083.78","Type: Refurbished. Model: V15; Storage Type: SSD; GPU: Unknown; Screen: 15.6; Touch: No","","Intel Core i5","16","512.0"
"3296","Lenovo V15 G2 ITL Intel Core i7-1165G7/16 GB/512GB SSD/15.6""","laptop","Lenovo","85123.24","Type: Refurbished. Model: V15; Storage Type: SSD; GPU: Unknown; Screen: 15.6; Touch: No","","Intel Core i7","16","512.0"
"3297","Lenovo V15 Intel Core i3-1115G4/8 GB/256GB SSD/15.6""","laptop","Lenovo","61061.26","Type: Refurbished. Model: V15; Storage Type: SSD; GPU: Unknown; Screen: 15.6; Touch: No","","Intel Core i3","8","256.0"
"3298","Lenovo V330-15IKB Intel Core i3-8130U/4GB/128GB SSD/15.6""","laptop","Lenovo","54084.78","Type: Refurbished. Model: V330; Storage Type: SSD; GPU: Unknown; Screen: 15.6; Touch: No","","Intel Core i3","4","128.0"
"3299","Lenovo Yoga 9 14ITL5 Intel Evo Core i7-1185G7/16 GB/1TB SSD/14"" TÃ¡ctil","laptop","Lenovo","216451.72","Type: Refurbished. Model: Yoga; Storage Type: SSD; GPU: Unknown; Screen: 14.0; Touch: Yes","","Intel Evo Core i7","16","1000.0"
"3300","Lenovo Yoga C930-13IKB Intel Core i5-8250U/8GB/512GB SSD/13.9"" TÃ¡ctil","laptop","Lenovo","107139.81","Type: Refurbished. Model: Yoga; Storage Type: SSD; GPU: Unknown; Screen: 13.9; Touch: Yes","","Intel Core i5","8","512.0"
"3301","Lenovo Yoga Creator 7 15IMH05 Intel Core i7-10750H/16GB/512GB SSD/GTX1650/15.6""","laptop","Lenovo","85199.04","Type: Refurbished. Model: Yoga; Storage Type: SSD; GPU: GTX 1650; Screen: 15.6; Touch: No","","Intel Core i7","16","512.0"
"3302","Lenovo Yoga S940-14IIL Intel Core i7-1065G7/16GB/1TB SSD/14""","laptop","Lenovo","216451.72","Type: Refurbished. Model: Yoga; Storage Type: SSD; GPU: Unknown; Screen: 14.0; Touch: No","","Intel Core i7","16","1000.0"
"3303","MSI Alpha 15 A3DDK-001XES AMD Ryzen 7 3750H/16GB/512GB SSD/RX 5500M/15.6""","laptop","MSI","78085.04","Type: Refurbished. Model: Alpha; Storage Type: SSD; GPU: Radeon Pro 5500M; Screen: 15.6; Touch: No","","AMD Ryzen 7","16","512.0"
"3304","MSI Alpha 15 A4DEK-006XES AMD Ryzen 7 4800H/16GB/512GB SSD/RX 5600M/15.6""","laptop","MSI","77088.86","Type: Refurbished. Model: Alpha; Storage Type: SSD; GPU: Unknown; Screen: 15.6; Touch: No","","AMD Ryzen 7","16","512.0"
"3305","MSI Bravo 15 B5ED-015XES AMD Ryzen 7 5800H/16GB/1TB SSD/RX6500M/15.6""","laptop","MSI","124413.72","Type: Refurbished. Model: Bravo; Storage Type: SSD; GPU: RX 6500M; Screen: 15.6; Touch: No","","AMD Ryzen 7","16","1000.0"
"3306","MSI Creator 15 A10SET-082ES Intel Core i7-10750H/32GB/1TB SSD/RTX 2060/15.6"" TÃ¡ctil","laptop","MSI","153112.25","Type: Refurbished. Model: Creator; Storage Type: SSD; GPU: RTX 2060; Screen: 15.6; Touch: Yes","","Intel Core i7","32","1000.0"
"3307","MSI Creator 15 A10SF-018ES Intel Core i7-10875H/32GB/1TB SSD/RTX 2070/15.6"" 4K","laptop","MSI","172478.13","Type: Refurbished. Model: Creator; Storage Type: SSD; GPU: RTX 2070; Screen: 15.6; Touch: No","","Intel Core i7","32","1000.0"
"3308","MSI Creator 17 A10SFS-625ES Intel Core i7-10875H/32GB/1TB SSD/RTX 2070 SUPER/17.3"" 4K","laptop","MSI","223001.58","Type: Refurbished. Model: Creator; Storage Type: SSD; GPU: RTX 2070; Screen: 17.3; Touch: No","","Intel Core i7","32","1000.0"
"3309","MSI Creator Pro M15 A11UIS-846XES Intel Core i7-11800H/16GB/512GB SSD/RTX A1000/15.6""","laptop","MSI","151483.72","Type: Refurbished. Model: Creator; Storage Type: SSD; GPU: RTX A1000; Screen: 15.6; Touch: No","","Intel Core i7","16","512.0"
"3310","MSI Creator Pro Z17 A12UKST-203ES Intel Core i7-12700H/32GB/1TB SSD/RTX A3000/17"" TÃ¡ctil","laptop","MSI","373457.72","Type: Refurbished. Model: Creator; Storage Type: SSD; GPU: RTX A3000; Screen: 17.0; Touch: Yes","","Intel Core i7","32","1000.0"
"3311","MSI Creator Z16 A11UE-020XES Intel Core i7-11800H/32GB/1TB SSD/RTX 3060/16""","laptop","MSI","232693.72","Type: Refurbished. Model: Creator; Storage Type: SSD; GPU: RTX 3060; Screen: 16.0; Touch: No","","Intel Core i7","32","1000.0"
"3312","MSI Creator Z16 A11UE-088XES Intel Core i7-11800H/16GB/1TB SSD/RTX 3060/16""","laptop","MSI","216451.72","Type: Refurbished. Model: Creator; Storage Type: SSD; GPU: RTX 3060; Screen: 16.0; Touch: No","","Intel Core i7","16","1000.0"
"3313","MSI Creator Z16 A12UET-011ES Intel Core i7-12700H/32GB/1TB SSD/RTX 3060/16"" TÃ¡ctil","laptop","MSI","292247.72","Type: Refurbished. Model: Creator; Storage Type: SSD; GPU: RTX 3060; Screen: 16.0; Touch: Yes","","Intel Core i7","32","1000.0"
"3314","MSI Creator Z16P B12UGST-030ES Intel Core i9-12900H/64GB/2TB SSD/RTX 3070Ti/16"" TÃ¡ctil","laptop","MSI","400527.72","Type: Refurbished. Model: Creator; Storage Type: SSD; GPU: RTX 3070; Screen: 16.0; Touch: Yes","","Intel Core i9","64","2000.0"
"3315","MSI Creator Z17 A12UHST-027ES Intel Core i9-12900H/64GB/2TB SSD/RTX 3080Ti/17"" TÃ¡ctil","laptop","MSI","497979.72","Type: Refurbished. Model: Creator; Storage Type: SSD; GPU: RTX 3080; Screen: 17.0; Touch: Yes","","Intel Core i9","64","2000.0"
"3316","MSI Creator Z17 A12UHT-034ES Intel Core i9-12900H/32GB/2TB SSD/RTX 3080/17"" TÃ¡ctil","laptop","MSI","422183.72","Type: Refurbished. Model: Creator; Storage Type: SSD; GPU: RTX 3080; Screen: 17.0; Touch: Yes","","Intel Core i9","32","2000.0"
"3317","MSI Crosshair 15 Rainbow Six Extraction Edition B12UGZ-080ES Intel Core i7-12700H/32GB/1TB SSD/RTX 3070/15.6""","laptop","MSI","248935.72","Type: Refurbished. Model: Crosshair; Storage Type: SSD; GPU: RTX 3070; Screen: 15.6; Touch: No","","Intel Core i7","32","1000.0"
"3318","MSI Delta 15 A5EFK-011XES AMD Ryzen 9 5900HX/16 GB/1TB SSD/RX 6700M/15.6""","laptop","MSI","183967.72","Type: Refurbished. Model: Delta; Storage Type: SSD; GPU: RX 6700M; Screen: 15.6; Touch: No","","AMD Ryzen 9","16","1000.0"
"3319","MSI GE66 Raider 10SFS-624ES Intel Core i7-10875H/32GB/1TB SSD/RTX 2070 SUPER/15.6""","laptop","MSI","189092.61","Type: Refurbished. Model: Raider; Storage Type: SSD; GPU: RTX 2070; Screen: 15.6; Touch: No","","Intel Core i7","32","1000.0"
"3320","MSI GE66 Raider 10UE-404XES Intel Core i7-10870H/32GB/1TB SSD/RTX 3060/15.6""","laptop","MSI","138969.8","Type: Refurbished. Model: Raider; Storage Type: SSD; GPU: RTX 3060; Screen: 15.6; Touch: No","","Intel Core i7","32","1000.0"
"3321","MSI GE66 Raider 10UG-403XES Intel Core i7-10870H/32GB/1TB SSD/RTX 3070/15.6""","laptop","MSI","147947.3","Type: Refurbished. Model: Raider; Storage Type: SSD; GPU: RTX 3070; Screen: 15.6; Touch: No","","Intel Core i7","32","1000.0"
"3322","MSI GE66 Raider 10UG-602ES Intel Core i9-10980HK/32GB/1TB SSD/RTX 3070/15.6""","laptop","MSI","197139.98","Type: Refurbished. Model: Raider; Storage Type: SSD; GPU: RTX 3070; Screen: 15.6; Touch: No","","Intel Core i9","32","1000.0"
"3323","MSI GE66 Raider 10UG-605ES Intel Core i7-10870H/32GB/1TB SSD/RTX 3070/15.6""","laptop","MSI","212254.79","Type: Refurbished. Model: Raider; Storage Type: SSD; GPU: RTX 3070; Screen: 15.6; Touch: No","","Intel Core i7","32","1000.0"
"3324","MSI GE66 Raider 10UH-068ES Intel Core i7-10870H/32GB/1TB SSD/RTX 3080/15.6""","laptop","MSI","229032.77","Type: Refurbished. Model: Raider; Storage Type: SSD; GPU: RTX 3080; Screen: 15.6; Touch: No","","Intel Core i7","32","1000.0"
"3325","MSI GE66 Raider 11UH-463XES Intel Core i7-11800H/32GB/1TB SSD/RTX 3080/15.6""","laptop","MSI","204572.32","Type: Refurbished. Model: Raider; Storage Type: SSD; GPU: RTX 3080; Screen: 15.6; Touch: No","","Intel Core i7","32","1000.0"
"3326","MSI GE75 Raider 9SG-1203XES Intel Core i7-9750H/32GB/1TB SSD/RTX 2080/17.3""","laptop","MSI","185936.25","Type: Refurbished. Model: Raider; Storage Type: SSD; GPU: RTX 2080; Screen: 17.3; Touch: No","","Intel Core i7","32","1000.0"
"3327","MSI GE76 Raider 10UH-061ES Intel Core i7-10870H/32GB/1TB SSD/RTX 3080/17.3""","laptop","MSI","263081.42","Type: Refurbished. Model: Raider; Storage Type: SSD; GPU: RTX 3080; Screen: 17.3; Touch: No","","Intel Core i7","32","1000.0"
"3328","MSI GE76 Raider 11UG-236ES Intel Core i7-11800H/32GB/1TB SSD/RTX 3070/17.3""","laptop","MSI","242891.53","Type: Refurbished. Model: Raider; Storage Type: SSD; GPU: RTX 3070; Screen: 17.3; Touch: No","","Intel Core i7","32","1000.0"
"3329","MSI GF63 Thin 10SCXR-405XES Intel Core i7-10750H/16GB/512GB SSD/GTX 1650/15.6""","laptop","MSI","79747.14","Type: Refurbished. Model: Thin; Storage Type: SSD; GPU: GTX 1650; Screen: 15.6; Touch: No","","Intel Core i7","16","512.0"
"3330","MSI GF63 Thin 9SC-047XES Intel Corei7-9750H/16GB/512GB SSD/GTX 1650/15.6""","laptop","MSI","70027.92","Type: Refurbished. Model: Thin; Storage Type: SSD; GPU: GTX 1650; Screen: 15.6; Touch: No","","Intel Core i7","16","512.0"
"3331","MSI GF65 Thin 10SER-884XES Intel Core i7-10750H/16GB/512GB SSD/RTX 2060/15.6""","laptop","MSI","80060.07","Type: Refurbished. Model: Thin; Storage Type: SSD; GPU: RTX 2060; Screen: 15.6; Touch: No","","Intel Core i7","16","512.0"
"3332","MSI GF65 Thin 10UE-274XES Intel Core i5-10500H/16GB/512GB SSD/RTX 3060/15.6""","laptop","MSI","87326.74","Type: Refurbished. Model: Thin; Storage Type: SSD; GPU: RTX 3060; Screen: 15.6; Touch: No","","Intel Core i5","16","512.0"
"3333","MSI GF65 Thin 9SD-072XES Intel Core i7-9750H/16GB/512GB SSD/GTX 1660Ti/15.6""","laptop","MSI","87304.0","Type: Refurbished. Model: Thin; Storage Type: SSD; GPU: GTX 1660; Screen: 15.6; Touch: No","","Intel Core i7","16","512.0"
"3334","MSI GF75 Thin 10SER-427XES Intel Core i7-10750H/16GB/512GB SSD/RTX 2060/17.3""","laptop","MSI","108138.15","Type: Refurbished. Model: Thin; Storage Type: SSD; GPU: RTX 2060; Screen: 17.3; Touch: No","","Intel Core i7","16","512.0"
"3335","MSI GF75 Thin 10UE-017XES Intel Core i7-10750H/16GB/512GB SSD/RTX 3060/17.3""","laptop","MSI","94971.31","Type: Refurbished. Model: Thin; Storage Type: SSD; GPU: RTX 3060; Screen: 17.3; Touch: No","","Intel Core i7","16","512.0"
"3336","MSI GL65 9SEK-210XES Intel Core i7-9750H/16GB/512GB SSD/RTX 2060/15.6""","laptop","MSI","95918.76","Type: Refurbished. Model: GL65; Storage Type: SSD; GPU: RTX 2060; Screen: 15.6; Touch: No","","Intel Core i7","16","512.0"
"3337","MSI GL65 Leopard 10SDK-600XES Intel Core i7-10750H/16GB/1TB SSD/GTX 1660Ti/15.6""","laptop","MSI","113037.82","Type: Refurbished. Model: Leopard; Storage Type: SSD; GPU: GTX 1660; Screen: 15.6; Touch: No","","Intel Core i7","16","1000.0"
"3338","MSI GL65 Leopard 10SFR-483XES Intel Core i7-10750H/16GB/512GB SSD/RTX 2070/15.6""","laptop","MSI","93336.28","Type: Refurbished. Model: Leopard; Storage Type: SSD; GPU: RTX 2070; Screen: 15.6; Touch: No","","Intel Core i7","16","512.0"
"3339","MSI GL65 Leopard 10SFSK-280XES Intel Core i7-10750H/16GB/1TB SSD/RTX 2070 SUPER/15.6""","laptop","MSI","97570.03","Type: Refurbished. Model: Leopard; Storage Type: SSD; GPU: RTX 2070; Screen: 15.6; Touch: No","","Intel Core i7","16","1000.0"
"3340","MSI GL75 9SEK-074XES Intel Core i7-9750H/16GB/1TB SSD/RTX 2060/17.3""","laptop","MSI","101510.33","Type: Refurbished. Model: GL75; Storage Type: SSD; GPU: RTX 2060; Screen: 17.3; Touch: No","","Intel Core i7","16","1000.0"
"3341","MSI GL75 Leopard 10SEK-040XES Intel Core i7-10750H/16GB/1TB SSD/RTX 2060/17.3""","laptop","MSI","116221.26","Type: Refurbished. Model: Leopard; Storage Type: SSD; GPU: RTX 2060; Screen: 17.3; Touch: No","","Intel Core i7","16","1000.0"
"3342","MSI GL75 Leopard 10SEK-261XES Intel Core i7-10750H/16GB/1TB SSD/RTX 2060/17.3""","laptop","MSI","109101.85","Type: Refurbished. Model: Leopard; Storage Type: SSD; GPU: RTX 2060; Screen: 17.3; Touch: No","","Intel Core i7","16","1000.0"
"3343","MSI GL75 Leopard 10SFK-060XES Intel Core i7-10750H/16GB/1TB SSD/RTX 2070/17.3""","laptop","MSI","103736.57","Type: Refurbished. Model: Leopard; Storage Type: SSD; GPU: RTX 2070; Screen: 17.3; Touch: No","","Intel Core i7","16","1000.0"
"3344","MSI GP65 Leopard 10SDK-817XES Intel Core i7-10870H/16GB/512GB SSD/GTX 1660Ti/15.6""","laptop","MSI","128044.35","Type: Refurbished. Model: Leopard; Storage Type: SSD; GPU: GTX 1660; Screen: 15.6; Touch: No","","Intel Core i7","16","512.0"
"3345","MSI GP66 Leopard 10UE-226XES Intel Core i7-10750H/16GB/1TB SSD/RTX 3060/15.6""","laptop","MSI","117661.38","Type: Refurbished. Model: Leopard; Storage Type: SSD; GPU: RTX 3060; Screen: 15.6; Touch: No","","Intel Core i7","16","1000.0"
"3346","MSI GP66 Leopard 10UE-484XES Intel Core i7-10750H/16GB/1TB SSD/RTX 3060/15.6""","laptop","MSI","110747.7","Type: Refurbished. Model: Leopard; Storage Type: SSD; GPU: RTX 3060; Screen: 15.6; Touch: No","","Intel Core i7","16","1000.0"
"3347","MSI GP66 Leopard 11UG-089XES Intel Core i7-11800H/32GB/1TB SSD/RTX 3070/15.6""","laptop","MSI","211037.72","Type: Refurbished. Model: Leopard; Storage Type: SSD; GPU: RTX 3070; Screen: 15.6; Touch: No","","Intel Core i7","32","1000.0"
"3348","MSI GP75 Leopard 9SF-1037XES Intel Core i7-9750H/16GB/1TB SSD/RTX 2070/17.3""","laptop","MSI","118293.73","Type: Refurbished. Model: Leopard; Storage Type: SSD; GPU: RTX 2070; Screen: 17.3; Touch: No","","Intel Core i7","16","1000.0"
"3349","MSI GP76 Leopard 10UG-066XES Intel Core i7-10870H/16GB/1TB SSD/RTX 3070/17.3""","laptop","MSI","138981.71","Type: Refurbished. Model: Leopard; Storage Type: SSD; GPU: RTX 3070; Screen: 17.3; Touch: No","","Intel Core i7","16","1000.0"
"3350","MSI GP76 Leopard 11UG-238ES Intel Core i7-11800H/16GB/1TB SSD/RTX 3070/17.3""","laptop","MSI","214286.12","Type: Refurbished. Model: Leopard; Storage Type: SSD; GPU: RTX 3070; Screen: 17.3; Touch: No","","Intel Core i7","16","1000.0"
"3351","MSI GP76 Leopard 11UG-239XES Intel Core i7-11800H/16 GB/1TB SSD/RTX 3070/17.3""","laptop","MSI","216451.72","Type: Refurbished. Model: Leopard; Storage Type: SSD; GPU: RTX 3070; Screen: 17.3; Touch: No","","Intel Core i7","16","1000.0"
"3352","MSI GS65 Stealth 8SF-036ES Intel Core i7-8750H/16GB/512GB SSD/RTX 2070/15.6""","laptop","MSI","154859.89","Type: Refurbished. Model: Stealth; Storage Type: SSD; GPU: RTX 2070; Screen: 15.6; Touch: No","","Intel Core i7","16","512.0"
"3353","MSI GS66 Stealth 10UE-260ES Intel Core i7-10870H/32GB/1TB SSD/RTX 3060/15.6""","laptop","MSI","179662.51","Type: Refurbished. Model: Stealth; Storage Type: SSD; GPU: RTX 3060; Screen: 15.6; Touch: No","","Intel Core i7","32","1000.0"
"3354","MSI GS66 Stealth 10UG-480ES Intel Core i9-10980HK/64GB/2TB SSD/RTX 3070/15.6""","laptop","MSI","290177.41","Type: Refurbished. Model: Stealth; Storage Type: SSD; GPU: RTX 3070; Screen: 15.6; Touch: No","","Intel Core i9","64","2000.0"
"3355","MSI GS66 Stealth 11UH-072ES Intel Core i7-11800H/32GB/1TB SSD/RTX 3080/15.6""","laptop","MSI","244282.93","Type: Refurbished. Model: Stealth; Storage Type: SSD; GPU: RTX 3080; Screen: 15.6; Touch: No","","Intel Core i7","32","1000.0"
"3356","MSI GS75 Stealth 10SE-816XES Intel Core i7-10875H/32GB/1TB SSD/RTX 2060/17.3""","laptop","MSI","129554.85","Type: Refurbished. Model: Stealth; Storage Type: SSD; GPU: RTX 2060; Screen: 17.3; Touch: No","","Intel Core i7","32","1000.0"
"3357","MSI GS75 Stealth 9SG-267ES Intel Core i7-9750H/32GB/2TB SSD/RTX 2080/17.3""","laptop","MSI","223905.72","Type: Refurbished. Model: Stealth; Storage Type: SSD; GPU: RTX 2080; Screen: 17.3; Touch: No","","Intel Core i7","32","2000.0"
"3358","MSI GT76 Titan DT 10SFS-209ES Intel Core i7-10700K/32GB/1TB+1TB SSD/RTX 2070 SUPER/17.3""","laptop","MSI","186359.63","Type: Refurbished. Model: Titan; Storage Type: SSD; GPU: RTX 2070; Screen: 17.3; Touch: No","","Intel Core i7","32","1000.0"
"3359","MSI GT76 Titan DT 9SG-026ES Intel Core i7-9750H/64GB/2TB SSD/RTX 2080/17.3""","laptop","MSI","256963.6","Type: Refurbished. Model: Titan; Storage Type: SSD; GPU: RTX 2080; Screen: 17.3; Touch: No","","Intel Core i7","64","2000.0"
"3360","MSI Katana GF66 11UC-045XES Intel Core i7-11800H/16 GB/1TB SSD/RTX 3050/15.6""","laptop","MSI","99286.26","Type: Refurbished. Model: Katana; Storage Type: SSD; GPU: RTX 3050; Screen: 15.6; Touch: No","","Intel Core i7","16","1000.0"
"3361","MSI Katana GF66 11UE-066ES Intel Core i7-11800H/16 GB/1 TB SSD/RTX 3060/15.6""","laptop","MSI","183967.72","Type: Refurbished. Model: Katana; Storage Type: SSD; GPU: RTX 3060; Screen: 15.6; Touch: No","","Intel Core i7","16","1000.0"
"3362","MSI Katana GF66 11UE-667XES Intel Core i7-11800H/8GB/512GB SSD/RTX 3060/15.6""","laptop","MSI","159063.32","Type: Refurbished. Model: Katana; Storage Type: SSD; GPU: RTX 3060; Screen: 15.6; Touch: No","","Intel Core i7","8","512.0"
"3363","MSI Katana GF66 11UG-072XES Intel Core i7-11800H/16GB/512GB SSD/RTX 3070/15.6""","laptop","MSI","116015.52","Type: Refurbished. Model: Katana; Storage Type: SSD; GPU: RTX 3070; Screen: 15.6; Touch: No","","Intel Core i7","16","512.0"
"3364","MSI Katana GF66 12UE-090ES Intel Core i7-12700H/16GB/1TB SSD/RTX3060/15.6""","laptop","MSI","189381.72","Type: Refurbished. Model: Katana; Storage Type: SSD; GPU: RTX 3060; Screen: 15.6; Touch: No","","Intel Core i7","16","1000.0"
"3365","MSI Katana GF66 12UE-091XES Intel Core i7-12700H/16GB/512GB SSD/RTX3060/15.6""","laptop","MSI","162311.72","Type: Refurbished. Model: Katana; Storage Type: SSD; GPU: RTX 3060; Screen: 15.6; Touch: No","","Intel Core i7","16","512.0"
"3366","MSI Katana GF76 12UE-058XES Intel Core i7-12700H/16 GB/512GB SSD/RTX 3060/17.3""","laptop","MSI","167725.72","Type: Refurbished. Model: Katana; Storage Type: SSD; GPU: RTX 3060; Screen: 17.3; Touch: No","","Intel Core i7","16","512.0"
"3367","MSI Modern 14 A10RAS-1049XES Intel Core I7-10510U/32GB/1TB SSD/MX330/14""","laptop","MSI","91046.16","Type: Refurbished. Model: Modern; Storage Type: SSD; GPU: MX 330; Screen: 14.0; Touch: No","","Intel Core i7","32","1000.0"
"3368","MSI Modern 14 A10RAS-870XES Intel Core I7-10510U/16GB/1TB SSD/MX330/14""","laptop","MSI","97450.92","Type: Refurbished. Model: Modern; Storage Type: SSD; GPU: MX 330; Screen: 14.0; Touch: No","","Intel Core i7","16","1000.0"
"3369","MSI Modern 14 B10MW-215XES Intel Core i5-10210U/16GB/512GB SSD/14""","laptop","MSI","63700.04","Type: Refurbished. Model: Modern; Storage Type: SSD; GPU: Unknown; Screen: 14.0; Touch: No","","Intel Core i5","16","512.0"
"3370","MSI Modern 14 B10MW-614XPT Intel Core i7-10510U/16GB/512GB SSD/14'' (PT)","laptop","MSI","70273.72","Type: Refurbished. Model: Modern; Storage Type: SSD; GPU: Unknown; Screen: 14.0; Touch: No","","Intel Core i7","16","512.0"
"3371","MSI Modern 14 B10RBSW-063XES Intel Core i7-10510U/16GB/1TB SSD/MX 350/14""","laptop","MSI","77088.86","Type: Refurbished. Model: Modern; Storage Type: SSD; GPU: Unknown; Screen: 14.0; Touch: No","","Intel Core i7","16","1000.0"
"3372","MSI Modern 14 B10RBSW-419XES Intel Core i7-10510U/16GB/1TB SSD/MX 350/14""","laptop","MSI","69774.55","Type: Refurbished. Model: Modern; Storage Type: SSD; GPU: Unknown; Screen: 14.0; Touch: No","","Intel Core i7","16","1000.0"
"3373","MSI Modern 14 B11MO-079XES Intel Core i7-1165G7/16GB/512GB SSD/14""","laptop","MSI","108171.72","Type: Refurbished. Model: Modern; Storage Type: SSD; GPU: Unknown; Screen: 14.0; Touch: No","","Intel Core i7","16","512.0"
"3374","MSI Modern 14 B11MOU-1060XES Intel Core i5-1155G7/16GB/512GB SSD/14""","laptop","MSI","86515.72","Type: Refurbished. Model: Modern; Storage Type: SSD; GPU: Unknown; Screen: 14.0; Touch: No","","Intel Core i5","16","512.0"
"3375","MSI Modern 14 B11SB-008ES Intel Core i7-1165G7/16GB/1TB SSD/MX450/14""","laptop","MSI","156897.72","Type: Refurbished. Model: Modern; Storage Type: SSD; GPU: MX 450; Screen: 14.0; Touch: No","","Intel Core i7","16","1000.0"
"3376","MSI Modern 14 B11SB-009XES Intel Core i7-1165G7/16GB/512GB SSD/MX450/14""","laptop","MSI","73282.82","Type: Refurbished. Model: Modern; Storage Type: SSD; GPU: MX 450; Screen: 14.0; Touch: No","","Intel Core i7","16","512.0"
"3377","MSI Modern 14 B11SB-420XES Intel Core i7-1165G7/32GB/1TB SSD/MX450/14""","laptop","MSI","108035.29","Type: Refurbished. Model: Modern; Storage Type: SSD; GPU: MX 450; Screen: 14.0; Touch: No","","Intel Core i7","32","1000.0"
"3378","MSI Modern 14 B4MW-056XES AMD Ryzen 5 4500U/8GB/512GB SSD/14""","laptop","MSI","69557.99","Type: Refurbished. Model: Modern; Storage Type: SSD; GPU: Unknown; Screen: 14.0; Touch: No","","AMD Ryzen 5","8","512.0"
"3379","MSI Modern 15 A10M-628XES Intel Core i5-10210U/16GB/512GB SSD/15.6""","laptop","MSI","68344.17","Type: Refurbished. Model: Modern; Storage Type: SSD; GPU: Unknown; Screen: 15.6; Touch: No","","Intel Core i5","16","512.0"
"3380","MSI Modern 15 A10RBS-484XES Intel Core i7-10510U/16GB/1TB SSD/MX350/15.6""","laptop","MSI","72086.33","Type: Refurbished. Model: Modern; Storage Type: SSD; GPU: Unknown; Screen: 15.6; Touch: No","","Intel Core i7","16","1000.0"
"3381","MSI Modern 15 A11SB-011ES Intel Core i7-1165G7/16GB/1TB SSD/MX450/15.6""","laptop","MSI","77202.56","Type: Refurbished. Model: Modern; Storage Type: SSD; GPU: MX 450; Screen: 15.6; Touch: No","","Intel Core i7","16","1000.0"
"3382","MSI Modern 15 A11SB-858XES Intel Core i7-1195G7/32GB/1TB SSD/MX450/15.6""","laptop","MSI","151483.72","Type: Refurbished. Model: Modern; Storage Type: SSD; GPU: MX 450; Screen: 15.6; Touch: No","","Intel Core i7","32","1000.0"
"3383","MSI Modern 15 A11SBU-620XES Intel Core i7-1165G7/32GB/1TB SSD/MX450/15.6""","laptop","MSI","121629.84","Type: Refurbished. Model: Modern; Storage Type: SSD; GPU: MX 450; Screen: 15.6; Touch: No","","Intel Core i7","32","1000.0"
"3384","MSI Modern 15 A5M-010XES AMD Ryzen 5 5500U/8 GB/512GB SSD/15.6""","laptop","MSI","48096.89","Type: Refurbished. Model: Modern; Storage Type: SSD; GPU: Unknown; Screen: 15.6; Touch: No","","AMD Ryzen 5","8","512.0"
"3385","MSI P65 Creator 8SF-240ES Intel Core i7-8750H/32GB/1TB SSD/RTX 2070/15.6""","laptop","MSI","191026.49","Type: Refurbished. Model: Creator; Storage Type: SSD; GPU: RTX 2070; Screen: 15.6; Touch: No","","Intel Core i7","32","1000.0"
"3386","MSI Prestige 14 A11SCS-038ES Intel Core i7-1185G7/16GB/1TB SSD/GTX 1650Ti/14""","laptop","MSI","121792.26","Type: Refurbished. Model: Prestige; Storage Type: SSD; GPU: GTX 1650; Screen: 14.0; Touch: No","","Intel Core i7","16","1000.0"
"3387","MSI Prestige 14 A11SCX-002ES Intel Core i7-1185G7/16GB/1TB SSD/GTX 1650/14""","laptop","MSI","173139.72","Type: Refurbished. Model: Prestige; Storage Type: SSD; GPU: GTX 1650; Screen: 14.0; Touch: No","","Intel Core i7","16","1000.0"
"3388","MSI Prestige 14 A11SCX-432ES Intel Core i7-1185G7/16GB/512GB SSD/GTX 1650/14""","laptop","MSI","91295.2","Type: Refurbished. Model: Prestige; Storage Type: SSD; GPU: GTX 1650; Screen: 14.0; Touch: No","","Intel Core i7","16","512.0"
"3389","MSI Prestige 14 A12SC-069XES Intel Core i7-1280P/16GB/512GB SSD/GTX1650/14""","laptop","MSI","146069.72","Type: Refurbished. Model: Prestige; Storage Type: SSD; GPU: GTX 1650; Screen: 14.0; Touch: No","","Intel Core i7","16","512.0"
"3390","MSI Prestige 14 A12UC-065XES Intel Core i7-1280P/16GB/1TB SSD/RTX3050/14""","laptop","MSI","162311.72","Type: Refurbished. Model: Prestige; Storage Type: SSD; GPU: RTX 3050; Screen: 14.0; Touch: No","","Intel Core i7","16","1000.0"
"3391","MSI Prestige 14 Evo A11M-003ES Intel Core i7-1185G7/16GB/512GB SSD/14""","laptop","MSI","124413.72","Type: Refurbished. Model: Prestige; Storage Type: SSD; GPU: Unknown; Screen: 14.0; Touch: No","","Intel Core i7","16","512.0"
"3392","MSI Prestige 15 A10SC-044XES Intel Core i7-10710U/16GB/512GB SSD/GTX 1650/15.6""","laptop","MSI","85453.49","Type: Refurbished. Model: Prestige; Storage Type: SSD; GPU: GTX 1650; Screen: 15.6; Touch: No","","Intel Core i7","16","512.0"
"3393","MSI Prestige 15 A10SC-060XES Intel Core i7-10710U/16GB/1TB SSD/GTX 1650/15.6""","laptop","MSI","110704.39","Type: Refurbished. Model: Prestige; Storage Type: SSD; GPU: GTX 1650; Screen: 15.6; Touch: No","","Intel Core i7","16","1000.0"
"3394","MSI Prestige 15 A10SC-293XES Intel Core i7-10710U/32GB/1TB SSD/GTX 1650/15.6""","laptop","MSI","109854.39","Type: Refurbished. Model: Prestige; Storage Type: SSD; GPU: GTX 1650; Screen: 15.6; Touch: No","","Intel Core i7","32","1000.0"
"3395","MSI Prestige 15 A11SCS-032XES Intel Core i7-1185G7/32GB/1TB SSD/GTX 1650Ti/15.6""","laptop","MSI","109816.49","Type: Refurbished. Model: Prestige; Storage Type: SSD; GPU: GTX 1650; Screen: 15.6; Touch: No","","Intel Core i7","32","1000.0"
"3396","MSI Prestige 15 A11SCX-019XES Intel Core i7-1185G7/16GB/512GB SSD/GTX 1650/15.6""","laptop","MSI","165560.12","Type: Refurbished. Model: Prestige; Storage Type: SSD; GPU: GTX 1650; Screen: 15.6; Touch: No","","Intel Core i7","16","512.0"
"3397","MSI Prestige 15 A11SCX-409XES Intel Core i7-1185G7/32GB/1TB SSD/GTX 1650/15.6""","laptop","MSI","112669.67","Type: Refurbished. Model: Prestige; Storage Type: SSD; GPU: GTX 1650; Screen: 15.6; Touch: No","","Intel Core i7","32","1000.0"
"3398","MSI Prestige 15 A11UC-096XES Intel Core i7-1195G7/32GB/1TB SSD/RTX 3050/15.6""","laptop","MSI","173139.72","Type: Refurbished. Model: Prestige; Storage Type: SSD; GPU: RTX 3050; Screen: 15.6; Touch: No","","Intel Core i7","32","1000.0"
"3399","MSI Pulse GL66 11UEK-061XES Intel Core i7-11800H/16 GB/1TB SSD/RTX 3060/15.6""","laptop","MSI","173139.72","Type: Refurbished. Model: Pulse; Storage Type: SSD; GPU: RTX 3060; Screen: 15.6; Touch: No","","Intel Core i7","16","1000.0"
"3400","MSI Pulse GL66 12UEK-085ES Intel Core i7-12700H/16GB/1TB SSD/RTX 3060/15.6""","laptop","MSI","194795.72","Type: Refurbished. Model: Pulse; Storage Type: SSD; GPU: RTX 3060; Screen: 15.6; Touch: No","","Intel Core i7","16","1000.0"
"3401","MSI Pulse GL66 12UGK-084XES Intel Core i7-12700H/16GB/1TB SSD/RTX 3070/15.6""","laptop","MSI","205623.72","Type: Refurbished. Model: Pulse; Storage Type: SSD; GPU: RTX 3070; Screen: 15.6; Touch: No","","Intel Core i7","16","1000.0"
"3402","MSI Pulse GL66 12UGSZOK-1204XES Intel Core i7-12700H/16GB/1TB SSD/RTX 3070Ti/15.6""","laptop","MSI","227279.72","Type: Refurbished. Model: Pulse; Storage Type: SSD; GPU: RTX 3070; Screen: 15.6; Touch: No","","Intel Core i7","16","1000.0"
"3403","MSI Pulse GL76 11UEK-038XES Intel Core i7-11800H/32GB/1TB SSD/RTX 3060/17.3""","laptop","MSI","123247.54","Type: Refurbished. Model: Pulse; Storage Type: SSD; GPU: RTX 3060; Screen: 17.3; Touch: No","","Intel Core i7","32","1000.0"
"3404","MSI Pulse GL76 11UEK-055XES Intel Core i7-11800H/16 GB/1TB SSD/RTX 3060/17.3""","laptop","MSI","144520.23","Type: Refurbished. Model: Pulse; Storage Type: SSD; GPU: RTX 3060; Screen: 17.3; Touch: No","","Intel Core i7","16","1000.0"
"3405","MSI Pulse GL76 12UEK-057XES Intel Core i7-12700H/16GB/1TB SSD/RTX 3060/17.3""","laptop","MSI","183967.72","Type: Refurbished. Model: Pulse; Storage Type: SSD; GPU: RTX 3060; Screen: 17.3; Touch: No","","Intel Core i7","16","1000.0"
"3406","MSI Pulse GL76 12UEK-093ES Intel Core i7-12700H/16GB/1TB SSD/RTX 3060/17.3""","laptop","MSI","205623.72","Type: Refurbished. Model: Pulse; Storage Type: SSD; GPU: RTX 3060; Screen: 17.3; Touch: No","","Intel Core i7","16","1000.0"
"3407","MSI Pulse GL76 12UGK-095XES Intel Core i7-12700H/16GB/1TB SSD/RTX 3070/17.3""","laptop","MSI","216451.72","Type: Refurbished. Model: Pulse; Storage Type: SSD; GPU: RTX 3070; Screen: 17.3; Touch: No","","Intel Core i7","16","1000.0"
"3408","MSI Pulse GL76 12UGK-242ES Intel Core i7-12700H/16GB/1TB SSD/RTX 3070/17.3""","laptop","MSI","238107.72","Type: Refurbished. Model: Pulse; Storage Type: SSD; GPU: RTX 3070; Screen: 17.3; Touch: No","","Intel Core i7","16","1000.0"
"3409","MSI Raider GE66 12UE-822XES Intel Core i7-12700H/32GB/1TB SSD/RTX 3060/15.6""","laptop","MSI","227279.72","Type: Refurbished. Model: Raider; Storage Type: SSD; GPU: RTX 3060; Screen: 15.6; Touch: No","","Intel Core i7","32","1000.0"
"3410","MSI Raider GE66 12UGS-006ES Intel Core i7-12700H/32GB/1TB SSD/RTX 3070Ti/15.6""","laptop","MSI","303075.72","Type: Refurbished. Model: Raider; Storage Type: SSD; GPU: RTX 3070; Screen: 15.6; Touch: No","","Intel Core i7","32","1000.0"
"3411","MSI Raider GE66 Deluxe Edition 12UH-482ES Intel Core i9-12900HK/32GB/1TB SSD/RTX 3080/15.6""","laptop","MSI","368043.72","Type: Refurbished. Model: Raider; Storage Type: SSD; GPU: RTX 3080; Screen: 15.6; Touch: No","","Intel Core i9","32","1000.0"
"3412","MSI Raider GE67HX 12UGS-024ES Intel Core i7-12800HX/32GB/1TB SSD/RTX 3070Ti/15.6""","laptop","MSI","324731.72","Type: Refurbished. Model: Raider; Storage Type: SSD; GPU: RTX 3070; Screen: 15.6; Touch: No","","Intel Core i7","32","1000.0"
"3413","MSI Raider GE76 12UGS-005XES Intel Core i7-12700H/32GB/1TB SSD/RTX 3070Ti/17.3""","laptop","MSI","297661.72","Type: Refurbished. Model: Raider; Storage Type: SSD; GPU: RTX 3070; Screen: 17.3; Touch: No","","Intel Core i7","32","1000.0"
"3414","MSI Raider GE76 12UHS-612ES Intel Core i7-12700H/32GB/1TB SSD/RTX 3080Ti/17.3""","laptop","MSI","400527.72","Type: Refurbished. Model: Raider; Storage Type: SSD; GPU: RTX 3080; Screen: 17.3; Touch: No","","Intel Core i7","32","1000.0"
"3415","MSI Raider GE76 Deluxe Edition 12UGS-279ES Intel Core i9-12900HK/64GB/2TB SSD/RTX 3070Ti/17.3""","laptop","MSI","411355.72","Type: Refurbished. Model: Raider; Storage Type: SSD; GPU: RTX 3070; Screen: 17.3; Touch: No","","Intel Core i9","64","2000.0"
"3416","MSI Raider GE76 Deluxe Edition 12UHS-053ES Intel Core i9-12900HK/64GB/2TB SSD/RTX 3080Ti/17.3""","laptop","MSI","508807.72","Type: Refurbished. Model: Raider; Storage Type: SSD; GPU: RTX 3080; Screen: 17.3; Touch: No","","Intel Core i9","64","2000.0"
"3417","MSI Raider GE77HX 12UGS-019ES Intel Core i7-12800HX/32GB/1TB SSD/RTX 3080Ti/17.3""","laptop","MSI","411355.72","Type: Refurbished. Model: Raider; Storage Type: SSD; GPU: RTX 3080; Screen: 17.3; Touch: No","","Intel Core i7","32","1000.0"
"3418","MSI Raider GE77HX 12UGS-020ES Intel Core i9-12900HX/64GB/2TB SSD/RTX 3070Ti/17.3""","laptop","MSI","389699.72","Type: Refurbished. Model: Raider; Storage Type: SSD; GPU: RTX 3070; Screen: 17.3; Touch: No","","Intel Core i9","64","2000.0"
"3419","MSI Raider GE77HX 12UHS-018ES Intel Core i9-12900HX/64GB/2TB SSD/RTX 3080Ti/17.3""","laptop","MSI","487151.72","Type: Refurbished. Model: Raider; Storage Type: SSD; GPU: RTX 3080; Screen: 17.3; Touch: No","","Intel Core i9","64","2000.0"
"3420","MSI Stealth 15M A11SDK-056XES Intel Core i7-1185G7/16GB/1TB SSD/GTX 1660 Ti/15.6""","laptop","MSI","89400.3","Type: Refurbished. Model: Stealth; Storage Type: SSD; GPU: GTX 1660; Screen: 15.6; Touch: No","","Intel Core i7","16","1000.0"
"3421","MSI Stealth 15M A11SEK-055XES Intel Core i7-1185G7/16GB/1TB SSD/RTX 2060/15.6""","laptop","MSI","99730.21","Type: Refurbished. Model: Stealth; Storage Type: SSD; GPU: RTX 2060; Screen: 15.6; Touch: No","","Intel Core i7","16","1000.0"
"3422","MSI Stealth 15M B12UE-023XES Intel Core i7-1280P/32GB/1TB SSD/RTX 3060/15.6''","laptop","MSI","189381.72","Type: Refurbished. Model: Stealth; Storage Type: SSD; GPU: RTX 3060; Screen: 15.6; Touch: No","","Intel Core i7","32","1000.0"
"3423","MSI Stealth 17M A12UE-018XES Intel Core i7-1280P/16GB/1TB SSD/RTX 3060/17.3""","laptop","MSI","189381.72","Type: Refurbished. Model: Stealth; Storage Type: SSD; GPU: RTX 3060; Screen: 17.3; Touch: No","","Intel Core i7","16","1000.0"
"3424","MSI Stealth GS66 12UH-019ES Intel Core i7-12700H/32GB/1TB SSD/RTX 3080/15.6""","laptop","MSI","346387.72","Type: Refurbished. Model: Stealth; Storage Type: SSD; GPU: RTX 3080; Screen: 15.6; Touch: No","","Intel Core i7","32","1000.0"
"3425","MSI Stealth GS66 12UHS-006ES Intel Core i7-12700H/32GB/1TB SSD/RTX 3080Ti/15.6""","laptop","MSI","400527.72","Type: Refurbished. Model: Stealth; Storage Type: SSD; GPU: RTX 3080; Screen: 15.6; Touch: No","","Intel Core i7","32","1000.0"
"3426","MSI Stealth GS77 12UH-088ES Intel Core i7-12700H/32GB/1TB SSD/RTX 3080/17.3""","laptop","MSI","351801.72","Type: Refurbished. Model: Stealth; Storage Type: SSD; GPU: RTX 3080; Screen: 17.3; Touch: No","","Intel Core i7","32","1000.0"
"3427","MSI Summit E13 Flip A11MT-259es Intel Core i7-1195G7/32GB/1TB SSD/13.4"" TÃ¡ctil","laptop","MSI","183967.72","Type: Refurbished. Model: Summit; Storage Type: SSD; GPU: Unknown; Screen: 13.4; Touch: Yes","","Intel Core i7","32","1000.0"
"3428","MSI Summit E14 A11SCST-486ES Intel Core i7-1185G7/32GB/1TB SSD/GTX 1650 Ti/14"" TÃ¡ctil","laptop","MSI","171389.92","Type: Refurbished. Model: Summit; Storage Type: SSD; GPU: GTX 1650; Screen: 14.0; Touch: Yes","","Intel Core i7","32","1000.0"
"3429","MSI Summit E14 Evo A12M-062ES Intel Core i7-1280P/16GB/1TB SSD/14"" + 1 AÃ±o Microsoft 365","laptop","MSI","133653.25","Type: Refurbished. Model: Summit; Storage Type: SSD; GPU: Unknown; Screen: 14.0; Touch: No","","Intel Core i7","16","1000.0"
"3430","MSI Summit E15 A11SCST-448ES Intel Core i7-1185G7/32GB/1TB SSD/GTX 1650 Ti/15.6"" TÃ¡ctil","laptop","MSI","142939.35","Type: Refurbished. Model: Summit; Storage Type: SSD; GPU: GTX 1650; Screen: 15.6; Touch: Yes","","Intel Core i7","32","1000.0"
"3431","MSI Titan GT77 12UGS-022ES Intel Core i9-12900HX/64GB/2TB SSD/RTX 3070Ti/17.3"" + Bundle Gaming","laptop","MSI","465495.72","Type: Refurbished. Model: Titan; Storage Type: SSD; GPU: RTX 3070; Screen: 17.3; Touch: No","","Intel Core i9","64","2000.0"
"3432","MSI Titan GT77 12UHS-021ES Intel Core i9-12900HX/64GB/2TB SSD/RTX 3080Ti/17.3"" + Bundle Gaming","laptop","MSI","541291.72","Type: Refurbished. Model: Titan; Storage Type: SSD; GPU: RTX 3080; Screen: 17.3; Touch: No","","Intel Core i9","64","2000.0"
"3433","MSI Vector GP66 12UGS-249ES Intel Core i7-12700H/32GB/1TB SSD/RTX 3070Ti/15.6""","laptop","MSI","270591.72","Type: Refurbished. Model: Vector; Storage Type: SSD; GPU: RTX 3070; Screen: 15.6; Touch: No","","Intel Core i7","32","1000.0"
"3434","MSI Vector GP76 12UGS-605XES Intel Core i7-12700H/16GB/1TB SSD/RTX 3070Ti/17.3""","laptop","MSI","248935.72","Type: Refurbished. Model: Vector; Storage Type: SSD; GPU: RTX 3070; Screen: 17.3; Touch: No","","Intel Core i7","16","1000.0"
"3435","MSI Vector GP76 12UGS-632XES Intel Core i9-12900H/32GB/1TB SSD/RTX 3070Ti/17.3""","laptop","MSI","281419.72","Type: Refurbished. Model: Vector; Storage Type: SSD; GPU: RTX 3070; Screen: 17.3; Touch: No","","Intel Core i9","32","1000.0"
"3436","MSI Vector GP76 12UH-603ES Intel Core i7-12700H/32GB/1TB SSD/RTX 3080/17.3""","laptop","MSI","313903.72","Type: Refurbished. Model: Vector; Storage Type: SSD; GPU: RTX 3080; Screen: 17.3; Touch: No","","Intel Core i7","32","1000.0"
"3437","Medion Akoya E4251 Intel Celeron N4020/4GB/64GB/14""","laptop","Medion","26733.25","Type: Refurbished. Model: Akoya; Storage Type: Unknown; GPU: Unknown; Screen: 14.0; Touch: No","","Intel Celeron","4","64.0"
"3438","Microsoft Surface Pro 6 Intel Core i7-8650U/16GB/512GB SSD/12.3"" Negro","laptop","Microsoft","97344.8","Type: Refurbished. Model: Surface Pro; Storage Type: SSD; GPU: Unknown; Screen: 12.3; Touch: No","","Intel Core i7","16","512.0"
"3439","Microsoft Surface Pro 7 Intel Core i7-1065G7/16GB/1 TB SSD/12.3"" Platino","laptop","Microsoft","192390.82","Type: Refurbished. Model: Surface Pro; Storage Type: SSD; GPU: Unknown; Screen: 12.3; Touch: No","","Intel Core i7","16","1000.0"
"3440","Microsoft Surface Pro 7 Intel Core i7-1065G7/16GB/256 GB SSD/12.3"" Platino","laptop","Microsoft","118461.57","Type: Refurbished. Model: Surface Pro; Storage Type: SSD; GPU: Unknown; Screen: 12.3; Touch: No","","Intel Core i7","16","256.0"
"3441","Microsoft Surface Pro X Microsoft SQ1/8 GB/128GB SSD/13"" TÃ¡ctil","laptop","Microsoft","113585.72","Type: Refurbished. Model: Surface Pro; Storage Type: SSD; GPU: Unknown; Screen: 13.0; Touch: Yes","","Microsoft SQ1","8","128.0"
"3442","Microsoft Surface Pro X Microsoft SQ1/8 GB/256GB SSD/13"" TÃ¡ctil","laptop","Microsoft","140655.72","Type: Refurbished. Model: Surface Pro; Storage Type: SSD; GPU: Unknown; Screen: 13.0; Touch: Yes","","Microsoft SQ1","8","256.0"
"3443","PcCom Revolt 4060 Intel Core i7-13700H/32GB/500GB SSD/RTX 4060/15.6""","laptop","PcCom","194893.17","Type: New. Model: Revolt; Storage Type: SSD; GPU: RTX 4060; Screen: 15.6; Touch: No","","Intel Core i7","32","500.0"
"3444","PcCom Revolt 4060 Intel Core i7-13700H/32GB/500GB SSD/RTX 4060/15.6â + Windows 11 Home","laptop","PcCom","211135.17","Type: New. Model: Revolt; Storage Type: SSD; GPU: RTX 4060; Screen: 15.6; Touch: No","","Intel Core i7","32","500.0"
"3445","PcCom Revolt One 3050 Intel Core i5-11400H/16GB/512GB SSD/RTX 3050/15.6""","laptop","PcCom","113585.72","Type: Refurbished. Model: Revolt; Storage Type: SSD; GPU: RTX 3050; Screen: 15.6; Touch: No","","Intel Core i5","16","512.0"
"3446","PcCom Revolt One 3060 Intel Core i7-11800H/16GB/1TB SSD/RTX 3060/15.6""","laptop","PcCom","156897.72","Type: Refurbished. Model: Revolt; Storage Type: SSD; GPU: RTX 3060; Screen: 15.6; Touch: No","","Intel Core i7","16","1000.0"
"3447","PcCom Revolt One 3070 Intel Core i7-11800H/16GB/1TB SSD/RTX 3070/17.3""","laptop","PcCom","211037.72","Type: Refurbished. Model: Revolt; Storage Type: SSD; GPU: RTX 3070; Screen: 17.3; Touch: No","","Intel Core i7","16","1000.0"
"3448","PortÃ¡til Gaming Gigabyte Aero 15X V8 Intel Core i7-8750/16GB/512GB SSD/GTX1070/15.6""","laptop","Gigabyte","113584.64","Type: Refurbished. Model: Aero; Storage Type: SSD; GPU: GTX 1070; Screen: 15.6; Touch: No","","Intel Core i7","16","512.0"
"3449","Razer Blade 15 Advanced Model FHD Intel Core i7-10875H/32GB/1TB SSD/RTX 3080/15.6""","laptop","Razer","200116.6","Type: Refurbished. Model: Blade; Storage Type: SSD; GPU: RTX 3080; Screen: 15.6; Touch: No","","Intel Core i7","32","1000.0"
"3450","Razer Blade 15 Advanced Model FHD Intel Core i7-11800H/16GB/1TB SSD/RTX 3070/15.6""","laptop","Razer","314010.92","Type: Refurbished. Model: Blade; Storage Type: SSD; GPU: RTX 3070; Screen: 15.6; Touch: No","","Intel Core i7","16","1000.0"
"3451","Razer Blade 15 Advanced Model QHD Intel Core i7-11800H/16 GB/1TB SSD/RTX 3070/15.6"" + Razer Soporte para PortÃ¡til hasta 15"" Negro","laptop","Razer","310392.2","Type: New. Model: Blade; Storage Type: SSD; GPU: RTX 3070; Screen: 15.6; Touch: No","","Intel Core i7","16","1000.0"
"3452","Razer Blade 15 Advanced Model QHD Intel Core i7-11800H/16GB/1TB SSD/RTX 3060/15.6""","laptop","Razer","270697.83","Type: Refurbished. Model: Blade; Storage Type: SSD; GPU: RTX 3060; Screen: 15.6; Touch: No","","Intel Core i7","16","1000.0"
"3453","Razer Blade 15 Advanced Model QHD Intel Core i7-11800H/16GB/1TB SSD/RTX 3070/15.6""","laptop","Razer","314010.92","Type: Refurbished. Model: Blade; Storage Type: SSD; GPU: RTX 3070; Screen: 15.6; Touch: No","","Intel Core i7","16","1000.0"
"3454","Razer Blade 15 Advanced Model QHD Intel Core i7-11800H/32 GB/1TB SSD/RTX 3080/15.6""","laptop","Razer","357322.92","Type: Refurbished. Model: Blade; Storage Type: SSD; GPU: RTX 3080; Screen: 15.6; Touch: No","","Intel Core i7","32","1000.0"
"3455","Razer Blade 15 Advanced Model QHD Intel Core i7-11800H/32GB/1TB SSD/RTX 3080/15.6""","laptop","Razer","368150.92","Type: Refurbished. Model: Blade; Storage Type: SSD; GPU: RTX 3080; Screen: 15.6; Touch: No","","Intel Core i7","32","1000.0"
"3456","Razer Blade 15 Base Model FHD Intel Core i7-10750H/16GB/512GB SSD/RTX 3060/15.6""","laptop","Razer","133481.09","Type: Refurbished. Model: Blade; Storage Type: SSD; GPU: RTX 3060; Screen: 15.6; Touch: No","","Intel Core i7","16","512.0"
"3457","Razer Blade 15 Base Model FHD Intel Core i7-10750H/16GB/512GB SSD/RTX 3070/15.6""","laptop","Razer","171449.47","Type: Refurbished. Model: Blade; Storage Type: SSD; GPU: RTX 3070; Screen: 15.6; Touch: No","","Intel Core i7","16","512.0"
"3458","Razer Blade 17 4K 144Hz Intel Core i9-12900H/32GB/1TB SSD/RTX 3080Ti/17.3""","laptop","Razer","508914.92","Type: Refurbished. Model: Blade; Storage Type: SSD; GPU: RTX 3080; Screen: 17.3; Touch: No","","Intel Core i9","32","1000.0"
"3459","Razer Blade 17 FHD 360Hz Intel Core i7-11800H/16GB/1TB SSD/RTX 3060/17.3""","laptop","Razer","292354.92","Type: Refurbished. Model: Blade; Storage Type: SSD; GPU: RTX 3060; Screen: 17.3; Touch: No","","Intel Core i7","16","1000.0"
"3460","Razer Blade 17 FHD 360Hz Intel Core i7-11800H/16GB/1TB SSD/RTX 3070/17.3""","laptop","Razer","314010.92","Type: Refurbished. Model: Blade; Storage Type: SSD; GPU: RTX 3070; Screen: 17.3; Touch: No","","Intel Core i7","16","1000.0"
"3461","Razer Blade 17 FHD 360Hz Intel Core i7-11800H/32GB/1TB SSD/RTX 3080/17.3""","laptop","Razer","368150.92","Type: Refurbished. Model: Blade; Storage Type: SSD; GPU: RTX 3080; Screen: 17.3; Touch: No","","Intel Core i7","32","1000.0"
"3462","Razer Book 13 Intel Evo Core i7-1165G7/16GB/1TB SSD/13.4"" TÃ¡ctil","laptop","Razer","205730.92","Type: Refurbished. Model: Book; Storage Type: SSD; GPU: Unknown; Screen: 13.4; Touch: Yes","","Intel Evo Core i7","16","1000.0"
"3463","Razer Book FHD+ Intel Evo Core i7-1165G7/16GB/256GB SSD/13.4"" TÃ¡ctil","laptop","Razer","184074.92","Type: Refurbished. Model: Book; Storage Type: SSD; GPU: Unknown; Screen: 13.4; Touch: Yes","","Intel Evo Core i7","16","256.0"
